forme_b	forme_v	origine	lemme
ababat	avavat	liste	
ababawwten	avavawwten	liste	
ababawwtenaɣ	avavawwtenaɣ	liste	
abadu	avadu	liste	
abakur	avakur	liste	
abaliɣ	avaliɣ	liste	
abalmud	avalmud	liste	
abandu	avandu	liste	
abanɣu	avanɣu	liste	
abaraz	avaraz	liste	
abareɣ	avareɣ	liste	
abarrar	avarrar	liste	
abaxix	avaxix	liste	
abazin	avazin	liste	
abaɣur	avaɣur	liste	
abaɣuṛ	avaɣuṛ	liste	
abaḍni	avaḍni	liste	
abaḍniw	avaḍniw	liste	
abaṛeɣ	avaṛeɣ	liste	
abaṭar	avaṭar	liste	
abdelkader	avdelkader	liste	
abdelkrim	avdelkrim	liste	
abdelmalek	avdelmalek	liste	
abdelḥafiḍ	avdelḥafiḍ	liste	
abdelḥakim	avdelḥakim	liste	
abder	avder	liste	
abderraḥman	avderraḥman	liste	
abdeṛaḥman	avdeṛaḥman	liste	
abdil	avdil	liste	
abdu	avdu	liste	
abduz	avduz	liste	
abec	avec	liste	
abecci	avecci	liste	
abeckiḍ	aveckiḍ	liste	
abeddel	aveddel	liste	
abeddiw	aveddiw	liste	
abegges	avegges	liste	
abelkam	avelkam	liste	
abelkim	avelkim	liste	
abellaɛ	avellaɛ	liste	
abelleɛrej	avelleɛrej	liste	
abelluḍ	avelluḍ	liste	
abelqas	avelqas	liste	
abelyun	avelyun	liste	
abendayer	avendayer	liste	
abennay	avennay	liste	
abenue	avenue	liste	
abeqqa	aveqqa	liste	
aberhuc	averhuc	liste	
aberkan	averkan	liste	
aberkant	averkant	liste	
abermil	avermil	liste	
abernus	avernus	liste	
aberqac	averqac	liste	
aberquc	averquc	liste	
aberrani	averrani	liste	
aberray	averray	liste	
aberraḥ	averraḥ	liste	
aberreḥ	averreḥ	liste	
aberri	averri	liste	
aberru	averru	liste	
aberwaq	averwaq	liste	
abesbas	avesvas	liste	
abestuḥ	avestuḥ	liste	
abesṭuḥ	avesṭuḥ	liste	
abetṛun	avetṛun	liste	
abezṭuḥ	avezṭuḥ	liste	
abeɛda	aveɛda	liste	
abeɛdadduj	aveɛdadduj	liste	
abeɛduj	aveɛduj	liste	
abeɛɛuc	aveɛɛuc	liste	
abeɛɛuq	aveɛɛuq	liste	
abeɣli	aveɣli	liste	
abeɣḍi	aveɣḍi	liste	
abeεda	aveεda	liste	
abeḥnuq	aveḥnuq	liste	
abeḥri	aveḥri	liste	
abeṛhuc	aveṛhuc	liste	
abeṛmil	aveṛmil	liste	
abeṛnus	aveṛnus	liste	
abeṛquq	aveṛquq	liste	
abeṛṛani	aveṛṛani	liste	
abeṛṛeqmuc	aveṛṛeqmuc	liste	
abeṛṛeɛqu	aveṛṛeɛqu	liste	
abeṛṛiḍ	aveṛṛiḍ	liste	
abeṭṭan	aveṭṭan	liste	
abgayti	avgayti	liste	
abib	aviv	liste	
abidun	avidun	liste	
abili	avili	liste	
abilu	avilu	liste	
abirus	avirus	liste	
ablaḍ	avlaḍ	liste	
ablul	avlul	liste	
abnabak	avnavak	liste	
abninan	avninan	liste	
abraham	avraham	liste	
abranis	avranis	liste	
abraz	avraz	liste	
abraḥ	avraḥ	liste	
abrid	avrid	liste	
abrius	avrius	liste	
abriḍ	avriḍ	liste	
abruri	avruri	liste	
abrurri	avrurri	liste	
abruy	avruy	liste	
absis	avsis	liste	
abu	avu	liste	
abuddu	avuddu	liste	
abudid	avudid	liste	
abudun	avudun	liste	
abugatu	avugatu	liste	
abugaṭu	avugaṭu	liste	
abugaṭut	avugaṭut	liste	
abuhal	avuhal	liste	
abujad	avujad	liste	
abuneggaf	avuneggaf	liste	
abuneggif	avuneggif	liste	
abuneqqab	avuneqqav	liste	
abuneqqar	avuneqqar	liste	
abuneqqaṛ	avuneqqaṛ	liste	
abuqal	avuqal	liste	
abururu	avururu	liste	
aburziz	avurziz	liste	
abuseqqi	avuseqqi	liste	
abusin	avusin	liste	
abux	avux	liste	
abuzegrayez	avuzegrayez	liste	
abuɛemmar	avuɛemmar	liste	
abuḍḍlam	avuḍḍlam	liste	
abyulu	avyulu	liste	
abyulunsal	avyulunsal	liste	
abzim	avzim	liste	
abziz	avziz	liste	
abɛaḍ	avɛaḍ	liste	
abɛuc	avɛuc	liste	
abɣas	avɣas	liste	
abɣur	avɣur	liste	
abḍan	avḍan	liste	
abḥal	avḥal	liste	
abḥat	avḥat	liste	
abṛaham	avṛaham	liste	
abṛakan	avṛakan	liste	
abṛam	avṛam	liste	
abṛat	avṛat	liste	
abṛaysu	avṛaysu	liste	
abṛaṛeḥ	avṛaṛeḥ	liste	
abṛik	avṛik	liste	
abẓiz	avẓiz	liste	
abẓiẓ	avẓiẓ	liste	
acabcaq	acavcaq	liste	
acbali	acvali	liste	
acbayli	acvayli	liste	
acbaɛ	acvaɛ	liste	
acbi	acvi	liste	
acebbub	acevvuv	liste	
acebḥan	acevḥan	liste	
aceggeb	aceggev	liste	
acekkeb	acekkev	liste	
acelhab	acelhav	liste	
acerbub	acervuv	liste	
aceṭṭub	aceṭṭuv	liste	
aciban	acivan	liste	
acṛab	acṛav	liste	
adabu	adavu	liste	
adeblan	adevlan	liste	
aderbal	aderval	liste	
adibidi	adividi	liste	
agbur	agvur	liste	
agerbi	agervi	liste	
agrireb	agrirev	liste	
ahamburger	ahamvurger	liste	
ahbal	ahval	liste	
ahbuh	ahvuh	liste	
aherbub	ahervuv	liste	
ahezzeb	ahezzev	liste	
ajabi	ajavi	liste	
ajbad	ajvad	liste	
ajdab	ajdav	liste	
ajellab	ajellav	liste	
ajerreb	ajerrev	liste	
ajeɛbub	ajeɛvuv	liste	
ajilban	ajilvan	liste	
akabar	akavar	liste	
akaber	akaver	liste	
akabyaṛ	akavyaṛ	liste	
akbal	akval	liste	
akeddab	akeddav	liste	
akerbas	akervas	liste	
akerbub	akervuv	liste	
akerrub	akerruv	liste	
akubi	akuvi	liste	
alaqeb	alaqev	liste	
albaɛḍ	alvaɛḍ	liste	
albɛaḍ	alvɛaḍ	liste	
aleblub	alevluv	liste	
alebɛaḍ	alevɛaḍ	liste	
alubnani	aluvnani	liste	
amaɣbun	amaɣvun	liste	
ambaddal	amvaddal	liste	
ambandu	amvandu	liste	
ambiddel	amviddel	liste	
ambur	amvur	liste	
amednub	amednuv	liste	
amedyataqbaylitkab	amedyataqvaylitkav	liste	
amehbul	amehvul	liste	
amekihibxir	amekihivxir	liste	
amerbuḥ	amervuḥ	liste	
amerkub	amerkuv	liste	
amesbaṭli	amesvaṭli	liste	
amesbeṭṭu	amesveṭṭu	liste	
ameskabar	ameskavar	liste	
ameslub	amesluv	liste	
amesnaqbur	amesnaqvur	liste	
ameɣbun	ameɣvun	liste	
ameɣbun…	ameɣvun…	liste	
ameḍlab	ameḍlav	liste	
ameḥbus	ameḥvus	liste	
amnexḍab	amnexḍav	liste	
amrabeḍ	amraveḍ	liste	
amsebrid	amsevrid	liste	
amubrin	amuvrin	liste	
amulab	amulav	liste	
amḥareb	amḥarev	liste	
amṛabeḍ	amṛaveḍ	liste	
amẓabi	amẓavi	liste	
amẓerbeḍḍu	amẓerveḍḍu	liste	
anabad	anavad	liste	
anabaḍ	anavaḍ	liste	
anablal	anavlal	liste	
anbac	anvac	liste	
anebdu	anevdu	liste	
aneblal	anevlal	liste	
anedbal	anedval	liste	
anesbaɣur	anesvaɣur	liste	
aneεyabu	aneεyavu	liste	
aneḍlib	aneḍliv	liste	
aneḥbus	aneḥvus	liste	
annbiḥemmleɣ	annviḥemmleɣ	liste	
annbiḥemmleɣk	annviḥemmleɣk	liste	
anubi	anuvi	liste	
aplaṣibu	aplaṣivu	liste	
aqabac	aqavac	liste	
aqabact	aqavact	liste	
aqabel	aqavel	liste	
aqabuc	aqavuc	liste	
aqaleb	aqalev	liste	
aqba	aqva	liste	
aqbabad	aqvavad	liste	
aqbal	aqval	liste	
aqbayli	aqvayli	liste	
aqbayliilelli	aqvayliilelli	liste	
aqbu	aqvu	liste	
aqbuc	aqvuc	liste	
aqbur	aqvur	liste	
aqbuṛ	aqvuṛ	liste	
aqebli	aqevli	liste	
aqebḍan	aqevḍan	liste	
aqebṭan	aqevṭan	liste	
aqejbabbaṛ	aqejvavvaṛ	liste	
aqelleb	aqellev	liste	
aqelqabu	aqelqavu	liste	
aqerbub	aqervuv	liste	
aqesbuḍ	aqesvuḍ	liste	
aqezzab	aqezzav	liste	
aqezzeb	aqezzev	liste	
aqeṛṛeb	aqeṛṛev	liste	
aqlab	aqlav	liste	
aqrab	aqrav	liste	
aqumbeε	aqumveε	liste	
aqṛab	aqṛav	liste	
arabul	aravul	liste	
arbaɛ	arvaɛ	liste	
arbaḥ	arvaḥ	liste	
arbib	arviv	liste	
arebrab	arevrav	liste	
arenbu	arenvu	liste	
arricaɛban	arricaɛvan	liste	
arubu	aruvu	liste	
asaber	asaver	liste	
asbak	asvak	liste	
asbaɣ	asvaɣ	liste	
asbeddi	asveddi	liste	
asbelɛeṭ	asvelɛeṭ	liste	
asberri	asverri	liste	
asbexxeṛ	asvexxeṛ	liste	
asbeɛbeɛ	asveɛveɛ	liste	
asbiṭar	asviṭar	liste	
asbuḥray	asvuḥray	liste	
asbuḥru	asvuḥru	liste	
asebdad	asevdad	liste	
asebdar	asevdar	liste	
asebddad	asevddad	liste	
asebdeɛ	asevdeɛ	liste	
asebgar	asevgar	liste	
asebgas	asevgas	liste	
asebleɛ	asevleɛ	liste	
asebri	asevri	liste	
asebsi	asevsi	liste	
asebtar	asevtar	liste	
asebter	asevter	liste	
asebɣes	asevɣes	liste	
asebṛaṛeḥ	asevṛaṛeḥ	liste	
asegbar	asegvar	liste	
asekber	asekver	liste	
aselban	aselvan	liste	
aselbuɛ	aselvuɛ	liste	
asenṣeb	asenṣev	liste	
aseqṛeb	aseqṛev	liste	
aserbeḥ	aserveḥ	liste	
asesteb	asestev	liste	
aseḥbiber	aseḥviver	liste	
aseḥseb	aseḥsev	liste	
asgember	asgemver	liste	
asimob	asimov	liste	
askiddeb	askiddev	liste	
asmuhbel	asmuhvel	liste	
asombrero	asomvrero	liste	
asqeṛbeb	asqeṛvev	liste	
asqizzeb	asqizzev	liste	
assebded	assevded	liste	
assebreq	assevreq	liste	
asterḥeb	asterḥev	liste	
asxerbubec	asxervuvec	liste	
asṭebṭeb	asṭevṭev	liste	
atbaɛ	atvaɛ	liste	
awidlbizaadnruḥ	awidlvizaadnruḥ	liste	
axbac	axvac	liste	
axbiz	axviz	liste	
axennab	axennav	liste	
axeyyeb	axeyyev	liste	
axeṛṛub	axeṛṛuv	liste	
axiyyeb	axiyyev	liste	
axrib	axriv	liste	
axḍab	axḍav	liste	
axḍib	axḍiv	liste	
axṛib	axṛiv	liste	
azabuq	azavuq	liste	
azberbur	azvervur	liste	
azbu	azvu	liste	
azebg	azevg	liste	
azebli	azevli	liste	
azrib	azriv	liste	
azubaɣ	azuvaɣ	liste	
ačuṛbiɛ	ačuṛviɛ	liste	
aɛaqeb	aɛaqev	liste	
aɛbar	aɛvar	liste	
aɛbaṛ	aɛvaṛ	liste	
aɛeber	aɛever	liste	
aɛerbawal	aɛervawal	liste	
aɛerbun	aɛervun	liste	
aɛerqub	aɛerquv	liste	
aɛeyyeb	aɛeyyev	liste	
aɛeṛbub	aɛeṛvuv	liste	
aɛeṛqub	aɛeṛquv	liste	
aɛiban	aɛivan	liste	
aɛibṛani	aɛivṛani	liste	
aɛjab	aɛjav	liste	
aɛrab	aɛrav	liste	
aɛraben	aɛraven	liste	
aɛṛab	aɛṛav	liste	
aɛṛaben	aɛṛaven	liste	
aɣanib	aɣaniv	liste	
aɣarbaz	aɣarvaz	liste	
aɣbalu	aɣvalu	liste	
aɣbel	aɣvel	liste	
aɣbub	aɣvuv	liste	
aɣdebu	aɣdevu	liste	
aɣebaz	aɣevaz	liste	
aɣenbur	aɣenvur	liste	
aɣerabu	aɣeravu	liste	
aɣerbal	aɣerval	liste	
aɣerbaz	aɣervaz	liste	
aɣerbi	aɣervi	liste	
aɣerrabu	aɣerravu	liste	
aɣeṛbal	aɣeṛval	liste	
aɣeṛbi	aɣeṛvi	liste	
aɣeṛṛabu	aɣeṛṛavu	liste	
aɣrab	aɣrav	liste	
aɣrib	aɣriv	liste	
aɣujbu	aɣujvu	liste	
aɣurbiz	aɣurviz	liste	
aɣṛib	aɣṛiv	liste	
aɣṣab	aɣṣav	liste	
aγerbal	aγerval	liste	
aεettub	aεettuv	liste	
aεrab	aεrav	liste	
aεraben	aεraven	liste	
aεrabt	aεravt	liste	
aεyyeb	aεyyev	liste	
aεṛab	aεṛav	liste	
aḍbaɛ	aḍvaɛ	liste	
aḍebsi	aḍevsi	liste	
aḥareb	aḥarev	liste	
aḥbac	aḥvac	liste	
aḥbak	aḥvak	liste	
aḥbas	aḥvas	liste	
aḥbasnujerred	aḥvasnujerred	liste	
aḥbib	aḥviv	liste	
aḥbub	aḥvuv	liste	
aḥeber	aḥever	liste	
aḥebrarac	aḥevrarac	liste	
aḥebruri	aḥevruri	liste	
aḥelbebu	aḥelvevu	liste	
aḥerbub	aḥervuv	liste	
aḥezzeb	aḥezzev	liste	
aṛabul	aṛavul	liste	
aṛubu	aṛuvu	liste	
aṣabun	aṣavun	liste	
aṣbiḥ	aṣviḥ	liste	
aṣlab	aṣlav	liste	
aṣubyitan	aṣuvyitan	liste	
aṭabu	aṭavu	liste	
aṭenneb	aṭennev	liste	
ba	va	liste	
bab	vav	liste	
baba	vava	liste	
babas	vavas	liste	
babaɣayu	vavaɣayu	liste	
babd	vavd	liste	
babemt	vavemt	propagation	bab
baben	vaven	propagation	bab
babent	vavent	propagation	bab
babet	vavet	propagation	bab
babeɣ	vaveɣ	propagation	bab
babigenwan	vavigenwan	liste	
babimuhal	vavimuhal	liste	
babines	vavines	liste	
babinu	vavinu	liste	
babis	vavis	liste	
babitsent	vavitsent	liste	
babiw	vaviw	liste	
babla	vavla	liste	
babllufa	vavllufa	liste	
bablwad	vavlwad	liste	
babn	vavn	liste	
babnsent	vavnsent	liste	
babs	vavs	liste	
babsliman	vavsliman	liste	
babu	vavu	liste	
babumezgun	vavumezgun	liste	
babuγanim	vavuγanim	liste	
baldimir	valdimir	liste	
balentin	valentin	liste	
ballombroso	vallomvroso	liste	
balwa	valwa	liste	
ban	van	liste	
banem	vanem	liste	
banemt	vanemt	liste	
banen	vanen	liste	
banent	vanent	liste	
banet	vanet	propagation	ban
baneɣ	vaneɣ	liste	
baneḍ	vaneḍ	liste	
banuatu	vanuatu	liste	
baqi	vaqi	liste	
barek	varek	propagation	barek
barig	varig	liste	
barkemt	varkemt	propagation	barek
barken	varken	liste	
barkent	varkent	propagation	barek
barket	varket	propagation	barek
barkeɣ	varkeɣ	liste	
basketball	vasketvall	liste	
bat	vat	propagation	bat
batemt	vatemt	propagation	bat
baten	vaten	propagation	bat
batent	vatent	propagation	bat
batet	vatet	propagation	bat
bateɣ	vateɣ	liste	
batikan	vatikan	liste	
baz	vaz	liste	
baɛdemt	vaɛdemt	propagation	baɛed
baɛden	vaɛden	liste	
baɛdent	vaɛdent	propagation	baɛed
baɛdet	vaɛdet	propagation	baɛed
baɛdeɣ	vaɛdeɣ	propagation	baɛed
baɛed	vaɛed	propagation	baɛed
baḍen	vaḍen	propagation	baḍen
baḍnemt	vaḍnemt	propagation	baḍen
baḍnen	vaḍnen	propagation	baḍen
baḍnent	vaḍnent	propagation	baḍen
baḍnet	vaḍnet	propagation	baḍen
baḍneɣ	vaḍneɣ	propagation	baḍen
baṭel	vaṭel	liste	
baṭṭel	vaṭṭel	liste	
bbahban	vvahvan	liste	
bbahbant	vvahvant	liste	
bbehban	vvehvan	propagation	bbehbi
bbehbant	vvehvant	propagation	bbehbi
bbehbaɣ	vvehvaɣ	liste	
bbehbi	vvehvi	propagation	bbehbi
bbehbimt	vvehvimt	propagation	bbehbi
bbehbin	vvehvin	propagation	bbehbi
bbehbint	vvehvint	propagation	bbehbi
bbehbit	vvehvit	propagation	bbehbi
bbehbiɣ	vvehviɣ	propagation	bbehbi
bberber	vverver	propagation	bberber
bbeɛzeq	vveɛzeq	propagation	bbeɛzeq
bbrebremt	vvrevremt	propagation	bberber
bbrebren	vvrevren	propagation	bberber
bbrebrent	vvrevrent	propagation	bberber
bbrebret	vvrevret	propagation	bberber
bbrebreɣ	vvrevreɣ	propagation	bberber
bbuḥran	vvuḥran	propagation	bbuḥru
bbuḥrant	vvuḥrant	propagation	bbuḥru
bbuḥraɣ	vvuḥraɣ	propagation	bbuḥru
bbuḥru	vvuḥru	propagation	bbuḥru
bbuḥrumt	vvuḥrumt	propagation	bbuḥru
bbuḥrun	vvuḥrun	liste	
bbuḥrunt	vvuḥrunt	propagation	bbuḥru
bbuḥrut	vvuḥrut	propagation	bbuḥru
bbuḥruɣ	vvuḥruɣ	propagation	bbuḥru
bbɛezqemt	vvɛezqemt	propagation	bbeɛzeq
bbɛezqen	vvɛezqen	propagation	bbeɛzeq
bbɛezqent	vvɛezqent	propagation	bbeɛzeq
bbɛezqet	vvɛezqet	propagation	bbeɛzeq
bbɛezqeɣ	vvɛezqeɣ	propagation	bbeɛzeq
bda	vda	liste	
bdan	vdan	liste	
bdant	vdant	liste	
bded	vded	liste	
bdel	vdel	propagation	bdel
bder	vder	liste	
bdiden	vdiden	liste	
bdident	vdident	propagation	bded
bdideɣ	vdideɣ	liste	
bdilen	vdilen	propagation	bdel
bdilent	vdilent	propagation	bdel
bdileɣ	vdileɣ	propagation	bdel
bdilyum	vdilyum	liste	
bdin	vdin	liste	
bdint	vdint	propagation	bdu
bdiren	vdiren	liste	
bdirent	vdirent	liste	
bdireɣ	vdireɣ	propagation	bder
bdiɣ	vdiɣ	liste	
bdu	vdu	liste	
bdum	vdum	liste	
bdumt	vdumt	liste	
bdun	vdun	liste	
bdunt	vdunt	liste	
bdut	vdut	liste	
bduɣ	vduɣ	liste	
beauboir	veauvoir	liste	
becc	vecc	liste	
becca	vecca	liste	
beccar	veccar	liste	
beccaṛ	veccaṛ	liste	
beccemt	veccemt	propagation	becc
beccen	veccen	liste	
beccent	veccent	propagation	becc
beccet	veccet	propagation	becc
becceɣ	vecceɣ	liste	
bedd	vedd	liste	
beddat	veddat	liste	
bedddemt	vedddemt	propagation	bded
beddden	veddden	propagation	bded
bedddent	vedddent	propagation	bded
bedddet	vedddet	propagation	bded
bedddeɣ	vedddeɣ	propagation	bded
bedded	vedded	propagation	bded
beddel	veddel	liste	
beddemt	veddemt	liste	
bedden	vedden	liste	
beddent	veddent	liste	
beddet	veddet	liste	
beddeɣ	veddeɣ	liste	
beddlem	veddlem	liste	
beddlemt	veddlemt	liste	
beddlen	veddlen	liste	
beddlent	veddlent	liste	
beddlet	veddlet	liste	
beddleɣ	veddleɣ	liste	
beddren	veddren	liste	
beddret	veddret	liste	
beddreɣ	veddreɣ	liste	
beddu	veddu	liste	
beddumt	veddumt	propagation	bdu
beddun	veddun	liste	
beddunt	veddunt	liste	
beddut	veddut	propagation	bdu
bedduɣ	vedduɣ	liste	
bedlemt	vedlemt	propagation	bdel
bedlen	vedlen	propagation	bdel
bedlent	vedlent	propagation	bdel
bedlet	vedlet	liste	
bedleɣ	vedleɣ	liste	
bedleγ	vedleγ	liste	
bedremt	vedremt	liste	
bedren	vedren	liste	
bedrent	vedrent	liste	
bedret	vedret	propagation	bder
bedreɣ	vedreɣ	liste	
beethoben	veethoven	liste	
begas	vegas	liste	
beggen	veggen	liste	
begges	vegges	propagation	bges
beggnemt	veggnemt	propagation	beggen
beggnen	veggnen	liste	
beggnent	veggnent	propagation	beggen
beggnet	veggnet	liste	
beggneɣ	veggneɣ	liste	
beggsemt	veggsemt	propagation	bges
beggsen	veggsen	liste	
beggsent	veggsent	liste	
beggset	veggset	propagation	bges
beggseɣ	veggseɣ	propagation	bges
begsemt	vegsemt	propagation	bges
begsen	vegsen	propagation	bges
begsent	vegsent	propagation	bges
begset	vegset	propagation	bges
begseɣ	vegseɣ	liste	
bekkem	vekkem	propagation	bekkem
bekker	vekker	propagation	bekker
bekkmemt	vekkmemt	propagation	bekkem
bekkmen	vekkmen	propagation	bekkem
bekkment	vekkment	propagation	bekkem
bekkmet	vekkmet	propagation	bekkem
bekkmeɣ	vekkmeɣ	propagation	bekkem
bekkremt	vekkremt	propagation	bekker
bekkren	vekkren	propagation	bekker
bekkrent	vekkrent	propagation	bekker
bekkret	vekkret	propagation	bekker
bekkreɣ	vekkreɣ	propagation	bekker
belkalem	velkalem	liste	
bellabed	vellaved	liste	
bellegdis	vellegdis	liste	
belleɛ	velleɛ	liste	
bellu	vellu	propagation	blu
bellumt	vellumt	propagation	blu
bellun	vellun	propagation	blu
bellunt	vellunt	propagation	blu
bellut	vellut	propagation	blu
belluɣ	velluɣ	propagation	blu
bellɛemt	vellɛemt	propagation	belleɛ
bellɛen	vellɛen	propagation	belleɛ
bellɛent	vellɛent	propagation	belleɛ
bellɛet	vellɛet	propagation	belleɛ
bellɛeɣ	vellɛeɣ	propagation	belleɛ
belqasem	velqasem	liste	
belqasmi	velqasmi	liste	
belqesem	velqesem	liste	
belqsem	velqsem	liste	
belxadem	velxadem	liste	
belxir	velxir	liste	
belɛabed	velɛaved	liste	
belɛemt	velɛemt	propagation	bleɛ
belɛen	velɛen	propagation	bleɛ
belɛent	velɛent	propagation	bleɛ
belɛet	velɛet	propagation	bleɛ
belɛeɣ	velɛeɣ	liste	
belɛid	velɛid	liste	
belɛidi	velɛidi	liste	
belεabed	velεaved	liste	
belḥaǧ	velḥaǧ	liste	
belḥaǧi	velḥaǧi	liste	
benabderreḥman	venavderreḥman	liste	
benabdeṛeḥman	venavdeṛeḥman	liste	
bennan	vennan	liste	
bennay	vennay	liste	
bennegniḍi	vennegniḍi	liste	
benni	venni	liste	
bennu	vennu	liste	
bennumt	vennumt	propagation	bnu
bennun	vennun	liste	
bennunt	vennunt	liste	
bennut	vennut	propagation	bnu
bennuɣ	vennuɣ	liste	
benom	venom	liste	
beqqan	veqqan	propagation	beqqi
beqqant	veqqant	propagation	beqqi
beqqaɣ	veqqaɣ	propagation	beqqi
beqqeḍ	veqqeḍ	propagation	bɣeḍ
beqqi	veqqi	liste	
beqqimt	veqqimt	liste	
beqqin	veqqin	liste	
beqqint	veqqint	propagation	beqqi
beqqit	veqqit	liste	
beqqiɣ	veqqiɣ	propagation	beqqi
beqqu	veqqu	liste	
beqqumt	veqqumt	propagation	bɣu
beqqun	veqqun	liste	
beqqunt	veqqunt	propagation	bɣu
beqqut	veqqut	propagation	bɣu
beqquɣ	veqquɣ	liste	
beqqḍemt	veqqḍemt	propagation	bɣeḍ
beqqḍen	veqqḍen	propagation	bɣeḍ
beqqḍent	veqqḍent	propagation	bɣeḍ
beqqḍet	veqqḍet	propagation	bɣeḍ
beqqḍeɣ	veqqḍeɣ	propagation	bɣeḍ
berber	verver	liste	
berberrus	ververrus	liste	
bercemt	vercemt	propagation	brec
bercen	vercen	propagation	brec
bercent	vercent	propagation	brec
bercet	vercet	propagation	brec
berceɣ	verceɣ	propagation	brec
berdan	verdan	liste	
berdayen	verdayen	liste	
berdaɣ	verdaɣ	liste	
berka	verka	liste	
berkamt	verkamt	liste	
berkan	verkan	liste	
berkat	verkat	liste	
berkemt	verkemt	propagation	brek
berken	verken	propagation	brek
berkent	verkent	propagation	brek
berket	verket	propagation	brek
berkeɣ	verkeɣ	propagation	brek
berkukes	verkukes	liste	
bermemt	vermemt	propagation	brem
bermen	vermen	propagation	brem
berment	verment	propagation	brem
bermet	vermet	propagation	brem
bermeyene	vermeyene	liste	
bermeɣ	vermeɣ	propagation	brem
berne	verne	liste	
bernemt	vernemt	propagation	bren
bernen	vernen	liste	
bernent	vernent	propagation	bren
bernet	vernet	propagation	bren
berneɣ	verneɣ	liste	
berqac	verqac	liste	
berqemt	verqemt	propagation	breq
berqen	verqen	propagation	breq
berqent	verqent	liste	
berqet	verqet	propagation	breq
berqeɣ	verqeɣ	propagation	breq
berra	verra	liste	
berran	verran	propagation	berri
berrant	verrant	propagation	berri
berraɣ	verraɣ	liste	
berrcemt	verrcemt	propagation	brec
berrcen	verrcen	propagation	brec
berrcent	verrcent	propagation	brec
berrcet	verrcet	propagation	brec
berrceɣ	verrceɣ	propagation	brec
berrec	verrec	propagation	brec
berrekmuc	verrekmuc	liste	
berrem	verrem	propagation	brem
berren	verren	propagation	bren
berrez	verrez	propagation	berrez
berreḍ	verreḍ	propagation	breḍ
berreḥ	verreḥ	propagation	berreḥ
berri	verri	propagation	berri
berrik	verrik	liste	
berriken	verriken	liste	
berriket	verriket	liste	
berrikeɣ	verrikeɣ	propagation	ibrik
berrikeḍ	verrikeḍ	propagation	ibrik
berrikit	verrikit	liste	
berrimt	verrimt	propagation	berri
berrin	verrin	liste	
berrint	verrint	propagation	berri
berrit	verrit	propagation	berri
berriɣ	verriɣ	propagation	berri
berrmemt	verrmemt	propagation	brem
berrmen	verrmen	propagation	brem
berrment	verrment	propagation	brem
berrmet	verrmet	propagation	brem
berrmeɣ	verrmeɣ	propagation	brem
berrnemt	verrnemt	propagation	bren
berrnen	verrnen	propagation	bren
berrnent	verrnent	propagation	bren
berrnet	verrnet	propagation	bren
berrneɣ	verrneɣ	propagation	bren
berru	verru	liste	
berrumt	verrumt	liste	
berrun	verrun	liste	
berrunt	verrunt	liste	
berrut	verrut	liste	
berruɣ	verruɣ	liste	
berrzemt	verrzemt	propagation	berrez
berrzen	verrzen	propagation	berrez
berrzent	verrzent	propagation	berrez
berrzet	verrzet	propagation	berrez
berrzeɣ	verrzeɣ	propagation	berrez
berrḍemt	verrḍemt	propagation	breḍ
berrḍen	verrḍen	propagation	breḍ
berrḍent	verrḍent	propagation	breḍ
berrḍet	verrḍet	propagation	breḍ
berrḍeɣ	verrḍeɣ	propagation	breḍ
berrḥemt	verrḥemt	propagation	berreḥ
berrḥen	verrḥen	liste	
berrḥent	verrḥent	liste	
berrḥet	verrḥet	propagation	berreḥ
berrḥeɣ	verrḥeɣ	liste	
bery	very	liste	
berzemt	verzemt	propagation	brez
berzen	verzen	liste	
berzent	verzent	liste	
berzet	verzet	propagation	brez
berzeɣ	verzeɣ	liste	
berḍemt	verḍemt	propagation	breḍ
berḍen	verḍen	propagation	breḍ
berḍent	verḍent	propagation	breḍ
berḍet	verḍet	propagation	breḍ
berḍeɣ	verḍeɣ	propagation	breḍ
besṭuḥ	vesṭuḥ	liste	
betṛun	vetṛun	liste	
bexxer	vexxer	propagation	bexxer
bexxeṣ	vexxeṣ	propagation	bxeṣ
bexxremt	vexxremt	propagation	bexxer
bexxren	vexxren	propagation	bexxer
bexxrent	vexxrent	propagation	bexxer
bexxret	vexxret	propagation	bexxer
bexxreɣ	vexxreɣ	propagation	bexxer
bexxṣemt	vexxṣemt	propagation	bxeṣ
bexxṣen	vexxṣen	propagation	bxeṣ
bexxṣent	vexxṣent	propagation	bxeṣ
bexxṣet	vexxṣet	propagation	bxeṣ
bexxṣeɣ	vexxṣeɣ	propagation	bxeṣ
bexṣemt	vexṣemt	propagation	bxeṣ
bexṣen	vexṣen	liste	
bexṣent	vexṣent	propagation	bxeṣ
bexṣet	vexṣet	propagation	bxeṣ
bexṣeɣ	vexṣeɣ	liste	
bexṣsent	vexṣsent	liste	
bezdeɣ	vezdeɣ	liste	
bezgemt	vezgemt	propagation	bzeg
bezgen	vezgen	liste	
bezgent	vezgent	liste	
bezget	vezget	propagation	bzeg
bezgeɣ	vezgeɣ	liste	
beɛd	veɛd	liste	
beɛdemt	veɛdemt	liste	
beɛden	veɛden	liste	
beɛdent	veɛdent	liste	
beɛdet	veɛdet	liste	
beɛdeɣ	veɛdeɣ	liste	
beɛdeḍ	veɛdeḍ	propagation	ibɛid
beɛdit	veɛdit	propagation	ibɛid
beɛtemt	veɛtemt	propagation	bɛet
beɛten	veɛten	propagation	bɛet
beɛtent	veɛtent	propagation	bɛet
beɛtet	veɛtet	propagation	bɛet
beɛteɣ	veɛteɣ	propagation	bɛet
beɛɛdemt	veɛɛdemt	liste	
beɛɛden	veɛɛden	liste	
beɛɛdent	veɛɛdent	propagation	beɛɛed
beɛɛdet	veɛɛdet	liste	
beɛɛdeɣ	veɛɛdeɣ	liste	
beɛɛed	veɛɛed	liste	
beɛɛu	veɛɛu	liste	
beɣɣun	veɣɣun	liste	
beɣɣunt	veɣɣunt	liste	
beɣɣuɣ	veɣɣuɣ	liste	
beɣḍemt	veɣḍemt	propagation	bɣeḍ
beɣḍen	veɣḍen	propagation	bɣeḍ
beɣḍent	veɣḍent	propagation	bɣeḍ
beɣḍet	veɣḍet	propagation	bɣeḍ
beɣḍeɣ	veɣḍeɣ	propagation	bɣeḍ
beεden	veεden	liste	
beεεed	veεεed	liste	
beḥtemt	veḥtemt	propagation	bḥet
beḥten	veḥten	liste	
beḥtent	veḥtent	liste	
beḥtet	veḥtet	propagation	bḥet
beḥteɣ	veḥteɣ	propagation	bḥet
beḥḥet	veḥḥet	propagation	beḥḥet
beḥḥtemt	veḥḥtemt	propagation	beḥḥet
beḥḥten	veḥḥten	propagation	beḥḥet
beḥḥtent	veḥḥtent	propagation	beḥḥet
beḥḥtet	veḥḥtet	propagation	beḥḥet
beḥḥteɣ	veḥḥteɣ	propagation	beḥḥet
beṛṛa	veṛṛa	liste	
beṭlemt	veṭlemt	propagation	bṭel
beṭlen	veṭlen	liste	
beṭlent	veṭlent	liste	
beṭlet	veṭlet	propagation	bṭel
beṭleɣ	veṭleɣ	liste	
beṭṭel	veṭṭel	liste	
beṭṭiwa	veṭṭiwa	liste	
beṭṭlen	veṭṭlen	liste	
beṭṭlent	veṭṭlent	liste	
beṭṭleɣ	veṭṭleɣ	liste	
beṭṭu	veṭṭu	liste	
beṭṭumt	veṭṭumt	propagation	bḍu
beṭṭun	veṭṭun	liste	
beṭṭunt	veṭṭunt	liste	
beṭṭut	veṭṭut	propagation	bḍu
beṭṭuɣ	veṭṭuɣ	propagation	bḍu
beẓḍeɣ	veẓḍeɣ	liste	
bgayet	vgayet	liste	
bges	vges	liste	
bgisen	vgisen	propagation	bges
bgisent	vgisent	propagation	bges
bgiseɣ	vgiseɣ	propagation	bges
bhan	vhan	propagation	bhi
bhant	vhant	propagation	bhi
bhaɣ	vhaɣ	propagation	bhi
bhi	vhi	propagation	bhi
bhimt	vhimt	propagation	bhi
bhin	vhin	propagation	bhi
bhint	vhint	propagation	bhi
bhit	vhit	propagation	bhi
bhiɣ	vhiɣ	propagation	bhi
biber	viver	liste	
bibras	vivras	liste	
bibṛas	vivṛas	liste	
bictor	victor	liste	
bictoria	victoria	liste	
bienna	vienna	liste	
bikings	vikings	liste	
bilnius	vilnius	liste	
bin	vin	liste	
binus	vinus	liste	
birgile	virgile	liste	
birus	virus	liste	
birṣay	virṣay	liste	
bitamin	vitamin	liste	
bito	vito	liste	
bjiḥeɣ	vjiḥeɣ	liste	
bk	vk	liste	
bladimir	vladimir	liste	
blan	vlan	propagation	blu
blant	vlant	propagation	blu
bleɛ	vleɛ	propagation	bleɛ
blin	vlin	propagation	blu
blint	vlint	propagation	blu
bliɛen	vliɛen	propagation	bleɛ
bliɛent	vliɛent	propagation	bleɛ
bliɛeɣ	vliɛeɣ	propagation	bleɛ
bliɣ	vliɣ	liste	
blu	vlu	propagation	blu
blulḥen	vlulḥen	liste	
blumt	vlumt	propagation	blu
blun	vlun	propagation	blu
blunt	vlunt	propagation	blu
blut	vlut	propagation	blu
bluɣ	vluɣ	propagation	blu
bnaddem	vnaddem	liste	
bnadem	vnadem	liste	
bnan	vnan	liste	
bnant	vnant	liste	
bnaqes	vnaqes	liste	
bnin	vnin	liste	
bninen	vninen	liste	
bninet	vninet	liste	
bnineɣ	vnineɣ	propagation	ibnin
bnineḍ	vnineḍ	propagation	ibnin
bninit	vninit	liste	
bnint	vnint	propagation	bnu
bniɣ	vniɣ	liste	
bnu	vnu	liste	
bnumt	vnumt	propagation	bnu
bnun	vnun	liste	
bnunt	vnunt	propagation	bnu
bnut	vnut	liste	
bnuɣ	vnuɣ	liste	
bodka	vodka	liste	
boice	voice	liste	
bolkswagen	volkswagen	liste	
bolley	volley	liste	
botan	votan	liste	
botin	votin	liste	
boṭan	voṭan	liste	
brad	vrad	liste	
brahem	vrahem	liste	
brahim	vrahim	liste	
brahma	vrahma	liste	
braille	vraille	liste	
bran	vran	liste	
brant	vrant	liste	
brarḥen	vrarḥen	propagation	brireḥ
brarḥent	vrarḥent	propagation	brireḥ
brarḥeɣ	vrarḥeɣ	propagation	brireḥ
brasilia	vrasilia	liste	
brassens	vrassens	liste	
brauchinet	vrauchinet	liste	
braun	vraun	liste	
brec	vrec	propagation	brec
brek	vrek	liste	
brem	vrem	propagation	brem
bren	vren	liste	
breq	vreq	propagation	breq
brez	vrez	liste	
breḍ	vreḍ	propagation	breḍ
bri	vri	propagation	bri
bricen	vricen	propagation	brec
bricent	vricent	propagation	brec
briceɣ	vriceɣ	propagation	brec
brid	vrid	liste	
briken	vriken	propagation	brek
brikent	vrikent	propagation	brek
brikeɣ	vrikeɣ	propagation	brek
brimen	vrimen	propagation	brem
briment	vriment	propagation	brem
brimeɣ	vrimeɣ	propagation	brem
brimt	vrimt	propagation	bri
brin	vrin	propagation	bru
brinen	vrinen	propagation	bren
brinent	vrinent	propagation	bren
brineɣ	vrineɣ	propagation	bren
brint	vrint	liste	
briqen	vriqen	propagation	breq
briqent	vriqent	propagation	breq
briqeɣ	vriqeɣ	propagation	breq
brireḥ	vrireḥ	propagation	brireḥ
briruc	vriruc	liste	
brirḥemt	vrirḥemt	propagation	brireḥ
brirḥen	vrirḥen	propagation	brireḥ
brirḥent	vrirḥent	propagation	brireḥ
brirḥet	vrirḥet	propagation	brireḥ
brirḥeɣ	vrirḥeɣ	propagation	brireḥ
brit	vrit	propagation	bri
brizen	vrizen	propagation	brez
brizent	vrizent	propagation	brez
brizeɣ	vrizeɣ	propagation	brez
briɣ	vriɣ	liste	
briḍen	vriḍen	propagation	breḍ
briḍent	vriḍent	propagation	breḍ
briḍeɣ	vriḍeɣ	propagation	breḍ
briṛuc	vriṛuc	liste	
bru	vru	liste	
brumt	vrumt	propagation	bru
brun	vrun	liste	
brunt	vrunt	liste	
bruqel	vruqel	propagation	bruqel
bruqlemt	vruqlemt	propagation	bruqel
bruqlen	vruqlen	propagation	bruqel
bruqlent	vruqlent	propagation	bruqel
bruqlet	vruqlet	propagation	bruqel
bruqleɣ	vruqleɣ	liste	
brut	vrut	propagation	bru
bruzzeɛ	vruzzeɛ	propagation	bruzzeɛ
bruzzɛemt	vruzzɛemt	propagation	bruzzeɛ
bruzzɛen	vruzzɛen	liste	
bruzzɛent	vruzzɛent	propagation	bruzzeɛ
bruzzɛet	vruzzɛet	propagation	bruzzeɛ
bruzzɛeɣ	vruzzɛeɣ	propagation	bruzzeɛ
bruzɛent	vruzɛent	liste	
bruɣ	vruɣ	liste	
bu	vu	liste	
buaɛrab	vuaɛrav	liste	
bubdir	vuvdir	liste	
buberrak	vuverrak	liste	
bubker	vuvker	liste	
bubriḍt	vuvriḍt	liste	
bubu	vuvu	liste	
bucaciw	vucaciw	liste	
bucclaɣem	vucclaɣem	liste	
bucekkaṛ	vucekkaṛ	liste	
bucluc	vucluc	liste	
bucḥiḍ	vucḥiḍ	liste	
budd	vudd	liste	
buddemt	vuddemt	propagation	budd
budden	vudden	liste	
buddent	vuddent	liste	
buddet	vuddet	propagation	budd
buddeɣ	vuddeɣ	liste	
bufessus	vufessus	liste	
bufruc	vufruc	liste	
bufsus	vufsus	liste	
bugaṭu	vugaṭu	liste	
buh	vuh	liste	
buhinun	vuhinun	liste	
buksus	vuksus	liste	
bulayben	vulayven	liste	
bulifa	vulifa	liste	
bulma	vulma	liste	
bumad	vumad	liste	
bumahni	vumahni	liste	
bumedyen	vumedyen	liste	
bumerdas	vumerdas	liste	
bumlal	vumlal	liste	
bunab	vunav	liste	
bunadem	vunadem	liste	
bundawi	vundawi	liste	
buneggaf	vuneggaf	liste	
buneqlubi	vuneqluvi	liste	
buqellal	vuqellal	liste	
bur	vur	propagation	bur
burebu	vurevu	liste	
burekku	vurekku	liste	
buremt	vuremt	propagation	bur
buren	vuren	propagation	bur
burent	vurent	propagation	bur
buret	vuret	propagation	bur
bureɣ	vureɣ	propagation	bur
burken	vurken	liste	
burkent	vurkent	propagation	barek
burkeɣ	vurkeɣ	liste	
bururu	vururu	liste	
bururuwat	vururuwat	liste	
bururuyat	vururuyat	liste	
busebsi	vusevsi	liste	
busellek	vusellek	liste	
buseḥṣel	vuseḥṣel	liste	
buseṭṭa	vuseṭṭa	liste	
buseṭṭaf	vuseṭṭaf	liste	
busseɛd	vusseɛd	liste	
busɛada	vusɛada	liste	
butlil	vutlil	liste	
buwaddu	vuwaddu	liste	
buxalfa	vuxalfa	liste	
buxedad	vuxedad	liste	
buxellaḍ	vuxellaḍ	liste	
buxerrub	vuxerruv	liste	
buxlifa	vuxlifa	liste	
buxus	vuxus	liste	
buxx	vuxx	propagation	buxx
buxxemt	vuxxemt	propagation	buxx
buxxen	vuxxen	propagation	buxx
buxxent	vuxxent	propagation	buxx
buxxet	vuxxet	propagation	buxx
buxxeɣ	vuxxeɣ	propagation	buxx
buxxuṣ	vuxxuṣ	liste	
buyiles	vuyiles	liste	
buzeggaɣ	vuzeggaɣ	liste	
buzegrayez	vuzegrayez	liste	
buzelluf	vuzelluf	liste	
buzerriεa	vuzerriεa	liste	
buzexri	vuzexri	liste	
buzgan	vuzgan	liste	
buzid	vuzid	liste	
buǧemɛa	vuǧemɛa	liste	
buɛam	vuɛam	liste	
buɛaz	vuɛaz	liste	
buɛden	vuɛden	propagation	baɛed
buɛdent	vuɛdent	propagation	baɛed
buɛdeɣ	vuɛdeɣ	propagation	baɛed
buɛefṛun	vuɛefṛun	liste	
buɛendas	vuɛendas	liste	
buɛisi	vuɛisi	liste	
buɣerdan	vuɣerdan	liste	
buɣni	vuɣni	liste	
buεendas	vuεendas	liste	
buḍellu	vuḍellu	liste	
buḍnen	vuḍnen	propagation	baḍen
buḍnent	vuḍnent	propagation	baḍen
buḍneɣ	vuḍneɣ	liste	
buḍyaf	vuḍyaf	liste	
buḥemdun	vuḥemdun	liste	
buḥemza	vuḥemza	liste	
buḥrun	vuḥrun	liste	
buḥu	vuḥu	liste	
buṛennan	vuṛennan	liste	
buṭin	vuṭin	liste	
buṭint	vuṭint	liste	
buṭiɣ	vuṭiɣ	liste	
buṭṭan	vuṭṭan	liste	
bxeṣ	vxeṣ	propagation	bxeṣ
bxir	vxir	liste	
bxiṛ	vxiṛ	liste	
bxiṣen	vxiṣen	propagation	bxeṣ
bxiṣent	vxiṣent	propagation	bxeṣ
bxiṣeɣ	vxiṣeɣ	propagation	bxeṣ
bzeg	vzeg	propagation	bzeg
bzigen	vzigen	propagation	bzeg
bzigent	vzigent	propagation	bzeg
bzigeɣ	vzigeɣ	propagation	bzeg
bɛed	vɛed	liste	
bɛet	vɛet	propagation	bɛet
bɛid	vɛid	liste	
bɛidecceṛ	vɛidecceṛ	liste	
bɛiden	vɛiden	liste	
bɛident	vɛident	propagation	bɛed
bɛideɣ	vɛideɣ	liste	
bɛiten	vɛiten	propagation	bɛet
bɛitent	vɛitent	propagation	bɛet
bɛiteɣ	vɛiteɣ	propagation	bɛet
bɛuẓẓel	vɛuẓẓel	propagation	bɛuẓẓel
bɛuẓẓlemt	vɛuẓẓlemt	propagation	bɛuẓẓel
bɛuẓẓlen	vɛuẓẓlen	propagation	bɛuẓẓel
bɛuẓẓlent	vɛuẓẓlent	propagation	bɛuẓẓel
bɛuẓẓlet	vɛuẓẓlet	propagation	bɛuẓẓel
bɛuẓẓleɣ	vɛuẓẓleɣ	propagation	bɛuẓẓel
bɣan	vɣan	liste	
bɣant	vɣant	liste	
bɣeḍ	vɣeḍ	propagation	bɣeḍ
bɣi	vɣi	liste	
bɣin	vɣin	liste	
bɣint	vɣint	liste	
bɣiɣ	vɣiɣ	liste	
bɣiɣawanekaqbayli	vɣiɣawanekaqvayli	liste	
bɣiḍen	vɣiḍen	propagation	bɣeḍ
bɣiḍent	vɣiḍent	propagation	bɣeḍ
bɣiḍeɣ	vɣiḍeɣ	propagation	bɣeḍ
bɣu	vɣu	liste	
bɣumt	vɣumt	liste	
bɣun	vɣun	liste	
bɣunt	vɣunt	liste	
bɣut	vɣut	liste	
bɣuɣ	vɣuɣ	liste	
bḍan	vḍan	liste	
bḍant	vḍant	liste	
bḍantt	vḍantt	liste	
bḍin	vḍin	propagation	bḍu
bḍint	vḍint	propagation	bḍu
bḍiɣ	vḍiɣ	liste	
bḍu	vḍu	liste	
bḍumt	vḍumt	liste	
bḍun	vḍun	liste	
bḍunt	vḍunt	propagation	bḍu
bḍut	vḍut	liste	
bḍuɣ	vḍuɣ	liste	
bḥal	vḥal	liste	
bḥet	vḥet	liste	
bḥiten	vḥiten	propagation	bḥet
bḥitent	vḥitent	propagation	bḥet
bḥiteɣ	vḥiteɣ	propagation	bḥet
bṛahem	vṛahem	liste	
bṛahim	vṛahim	liste	
bṛiṛuc	vṛiṛuc	liste	
bṛuṛcent	vṛuṛcent	liste	
bṭel	vṭel	propagation	bṭel
bṭilen	vṭilen	propagation	bṭel
bṭilent	vṭilent	propagation	bṭel
bṭileɣ	vṭileɣ	propagation	bṭel
bẓeḍ	vẓeḍ	liste	
cab	cav	propagation	cab
caba	cava	liste	
cabemt	cavemt	propagation	cab
caben	caven	propagation	cab
cabent	cavent	propagation	cab
cabet	cavet	propagation	cab
cabeɣ	caveɣ	liste	
cabi	cavi	liste	
cabimt	cavimt	propagation	cabi
cabin	cavin	propagation	cabi
cabint	cavint	propagation	cabi
cabit	cavit	propagation	cabi
cabiɣ	caviɣ	propagation	cabi
cabrel	cavrel	liste	
cabḥa	cavḥa	liste	
canberra	canverra	liste	
caɛban	caɛvan	liste	
cbabat	cvavat	liste	
cbabinu	cvavinu	liste	
cban	cvan	liste	
cbant	cvant	liste	
cbaḥa	cvaḥa	liste	
cbebec	cvevec	liste	
cbek	cvek	propagation	cbek
cbeḥ	cveḥ	propagation	cbeḥ
cbiken	cviken	propagation	cbek
cbikent	cvikent	propagation	cbek
cbikeɣ	cvikeɣ	propagation	cbek
cbin	cvin	propagation	cbu
cbint	cvint	propagation	cbu
cbiɣ	cviɣ	liste	
cbiḥen	cviḥen	propagation	cbeḥ
cbiḥent	cviḥent	propagation	cbeḥ
cbiḥeɣ	cviḥeɣ	liste	
cbu	cvu	liste	
cbumt	cvumt	propagation	cbu
cbun	cvun	liste	
cbunt	cvunt	liste	
cbut	cvut	propagation	cbu
cbuɣ	cvuɣ	liste	
ccabay	ccavay	propagation	ccib
ccabayemt	ccavayemt	propagation	ccib
ccabayen	ccavayen	propagation	ccib
ccabayent	ccavayent	propagation	ccib
ccabayet	ccavayet	propagation	ccib
ccabayeɣ	ccavayeɣ	propagation	ccib
ccaben	ccaven	propagation	ccib
ccabent	ccavent	propagation	ccib
ccabeɣ	ccaveɣ	propagation	ccib
ccaɣub	ccaɣuv	liste	
ccbaḥa	ccvaḥa	liste	
ccbuḥ	ccvuḥ	liste	
ccbuḥat	ccvuḥat	liste	
ccelbeḍ	ccelveḍ	propagation	ccelbeḍ
ccerba	ccerva	liste	
cceɛbi	cceɛvi	liste	
cceḍba	cceḍva	liste	
cceṛba	cceṛva	liste	
ccib	cciv	liste	
ccibemt	ccivemt	propagation	ccib
cciben	cciven	propagation	ccib
ccibent	ccivent	propagation	ccib
ccibet	ccivet	propagation	ccib
ccibeɣ	cciveɣ	propagation	ccib
cclebḍemt	cclevḍemt	propagation	ccelbeḍ
cclebḍen	cclevḍen	propagation	ccelbeḍ
cclebḍent	cclevḍent	propagation	ccelbeḍ
cclebḍet	cclevḍet	propagation	ccelbeḍ
cclebḍeɣ	cclevḍeɣ	propagation	ccelbeḍ
ccrab	ccrav	liste	
ccyub	ccyuv	liste	
ccḍeb	ccḍev	liste	
ccṛab	ccṛav	liste	
cebbeḥ	cevveḥ	propagation	cebbeḥ
cebbu	cevvu	propagation	cbu
cebbumt	cevvumt	propagation	cbu
cebbun	cevvun	propagation	cbu
cebbunt	cevvunt	propagation	cbu
cebbut	cevvut	propagation	cbu
cebbuɣ	cevvuɣ	propagation	cbu
cebbḥemt	cevvḥemt	propagation	cebbeḥ
cebbḥen	cevvḥen	propagation	cebbeḥ
cebbḥent	cevvḥent	propagation	cebbeḥ
cebbḥet	cevvḥet	liste	
cebbḥeɣ	cevvḥeɣ	propagation	cebbeḥ
cebkemt	cevkemt	propagation	cbek
cebken	cevken	propagation	cbek
cebkent	cevkent	propagation	cbek
cebket	cevket	propagation	cbek
cebkeɣ	cevkeɣ	propagation	cbek
cebḥemt	cevḥemt	propagation	cbeḥ
cebḥen	cevḥen	liste	
cebḥent	cevḥent	liste	
cebḥet	cevḥet	propagation	cbeḥ
cebḥeɣ	cevḥeɣ	liste	
cebḥit	cevḥit	liste	
ceggbemt	ceggvemt	propagation	ceggeb
ceggben	ceggven	propagation	ceggeb
ceggbent	ceggvent	propagation	ceggeb
ceggbet	ceggvet	propagation	ceggeb
ceggbeɣ	ceggveɣ	propagation	ceggeb
ceggeb	ceggev	liste	
cekkbemt	cekkvemt	propagation	cekkeb
cekkben	cekkven	liste	
cekkbent	cekkvent	liste	
cekkbet	cekkvet	propagation	cekkeb
cekkbeɣ	cekkveɣ	propagation	cekkeb
cekkeb	cekkev	propagation	cekkeb
celbeḍ	celveḍ	liste	
cerbantes	cervantes	liste	
ceyybemt	ceyyvemt	propagation	ceyyeb
ceyyben	ceyyven	liste	
ceyybent	ceyyvent	propagation	ceyyeb
ceyybet	ceyyvet	propagation	ceyyeb
ceyybeɣ	ceyyveɣ	propagation	ceyyeb
ceyyeb	ceyyev	propagation	ceyyeb
ceɛban	ceɛvan	liste	
ceɛbet	ceɛvet	liste	
ceɛbi	ceɛvi	liste	
ceɣbemt	ceɣvemt	propagation	cɣeb
ceɣben	ceɣven	liste	
ceɣbent	ceɣvent	liste	
ceɣbet	ceɣvet	propagation	cɣeb
ceɣbeɣ	ceɣveɣ	liste	
ceɣɣbemt	ceɣɣvemt	propagation	cɣeb
ceɣɣben	ceɣɣven	liste	
ceɣɣbent	ceɣɣvent	liste	
ceɣɣbet	ceɣɣvet	propagation	cɣeb
ceɣɣbeɣ	ceɣɣveɣ	propagation	cɣeb
ceɣɣeb	ceɣɣev	propagation	cɣeb
ceεban	ceεvan	liste	
cib	civ	propagation	cib
cibemt	civemt	propagation	cib
ciben	civen	propagation	cib
cibent	civent	propagation	cib
cibet	civet	propagation	cib
cibeɣ	civeɣ	propagation	cib
ciḥbuḍ	ciḥvuḍ	liste	
copacabana	copacavana	liste	
crab	crav	liste	
ctamber	ctamver	liste	
ctember	ctemver	liste	
cuba	cuva	liste	
cuban	cuvan	liste	
cubant	cuvant	liste	
cubaɣ	cuvaɣ	liste	
cutember	cutemver	liste	
cɣeb	cɣev	propagation	cɣeb
cɣiben	cɣiven	propagation	cɣeb
cɣibent	cɣivent	propagation	cɣeb
cɣibeɣ	cɣiveɣ	propagation	cɣeb
cṛab	cṛav	liste	
cṭember	cṭemver	liste	
dabe	dave	liste	
dabid	david	liste	
dabuṛa	davuṛa	liste	
dahbiya	dahviya	liste	
dbedben	dvedven	liste	
dbeɣ	dveɣ	propagation	dbeɣ
dbileɣ	dvileɣ	liste	
dbiɣen	dviɣen	propagation	dbeɣ
dbiɣent	dviɣent	propagation	dbeɣ
dbiɣeɣ	dviɣeɣ	propagation	dbeɣ
ddabax	ddavax	liste	
ddabex	ddavex	liste	
ddbedbemt	ddvedvemt	propagation	ddebdeb
ddbedben	ddvedven	propagation	ddebdeb
ddbedbent	ddvedvent	propagation	ddebdeb
ddbedbet	ddvedvet	propagation	ddebdeb
ddbedbeɣ	ddvedveɣ	propagation	ddebdeb
dddabax	dddavax	liste	
ddeb	ddev	liste	
ddebb	ddevv	liste	
ddebdbeɣ	ddevdveɣ	liste	
ddebdeb	ddevdev	propagation	ddebdeb
ddebza	ddevza	liste	
ddenb	ddenv	liste	
dderb	dderv	liste	
ddheb	ddhev	liste	
ddhub	ddhuv	liste	
ddnub	ddnuv	liste	
ddnubat	ddnuvat	liste	
deb	dev	liste	
debdebeɣ	devdeveɣ	liste	
debɣemt	devɣemt	propagation	dbeɣ
debɣen	devɣen	propagation	dbeɣ
debɣent	devɣent	propagation	dbeɣ
debɣet	devɣet	propagation	dbeɣ
debɣeɣ	devɣeɣ	liste	
dehbemt	dehvemt	propagation	dheb
dehben	dehven	propagation	dheb
dehbent	dehvent	propagation	dheb
dehbet	dehvet	propagation	dheb
dehbeya	dehveya	liste	
dehbeɣ	dehveɣ	propagation	dheb
dehbiya	dehviya	liste	
denbemt	denvemt	propagation	dneb
denben	denven	liste	
denbent	denvent	propagation	dneb
denber	denver	liste	
denbet	denvet	liste	
denbeɣ	denveɣ	liste	
dheb	dhev	liste	
dhiben	dhiven	propagation	dheb
dhibent	dhivent	propagation	dheb
dhibeɣ	dhiveɣ	propagation	dheb
discobery	discovery	liste	
dlbizaadnruḥ	dlvizaadnruḥ	liste	
dneb	dnev	propagation	dneb
dniben	dniven	propagation	dneb
dnibent	dnivent	propagation	dneb
dnibeɣ	dniveɣ	propagation	dneb
dnub	dnuv	liste	
dribing	driving	liste	
dub	duv	propagation	dub
dubemt	duvemt	propagation	dub
duben	duven	liste	
dubent	duvent	propagation	dub
dubet	duvet	propagation	dub
dubeɣ	duveɣ	liste	
dujember	dujemver	liste	
dujenber	dujenver	liste	
duǧember	duǧemver	liste	
eba	eva	liste	
eberest	everest	liste	
ebernote	evernote	liste	
ebian	evian	liste	
ebɣa	evɣa	liste	
ebɣan	evɣan	liste	
elbis	elvis	liste	
eqbaylit	eqvaylit	liste	
erbayeḥ	ervayeḥ	liste	
ereban	erevan	liste	
estébez	estévez	liste	
fabre	favre	liste	
genebois	genevois	liste	
grarben	grarven	propagation	grireb
grarbent	grarvent	propagation	grireb
grarbeɣ	grarveɣ	liste	
grirbemt	grirvemt	propagation	grireb
grirben	grirven	propagation	grireb
grirbent	grirvent	propagation	grireb
grirbet	grirvet	propagation	grireb
grirbeɣ	grirveɣ	propagation	grireb
grireb	grirev	liste	
guebara	guevara	liste	
hab	hav	liste	
habard	havard	liste	
habent	havent	liste	
habi	havi	propagation	habi
habimt	havimt	propagation	habi
habin	havin	propagation	habi
habint	havint	propagation	habi
habit	havit	propagation	habi
habiɣ	haviɣ	propagation	habi
hanober	hanover	liste	
harbard	harvard	liste	
hban	hvan	propagation	hbu
hbant	hvant	propagation	hbu
hbej	hvej	liste	
hbel	hvel	liste	
hbijen	hvijen	propagation	hbej
hbijent	hvijent	propagation	hbej
hbijeɣ	hvijeɣ	propagation	hbej
hbilen	hvilen	propagation	hbel
hbilent	hvilent	propagation	hbel
hbileɣ	hvileɣ	propagation	hbel
hbin	hvin	propagation	hbu
hbint	hvint	propagation	hbu
hbiɣ	hviɣ	propagation	hbu
hbu	hvu	propagation	hbu
hbumt	hvumt	propagation	hbu
hbun	hvun	propagation	hbu
hbunt	hvunt	propagation	hbu
hbut	hvut	propagation	hbu
hbuɣ	hvuɣ	propagation	hbu
hebbel	hevvel	propagation	hbel
hebblemt	hevvlemt	propagation	hbel
hebblen	hevvlen	propagation	hbel
hebblent	hevvlent	propagation	hbel
hebblet	hevvlet	propagation	hbel
hebbleɣ	hevvleɣ	propagation	hbel
hebbu	hevvu	propagation	hbu
hebbumt	hevvumt	propagation	hbu
hebbun	hevvun	propagation	hbu
hebbunt	hevvunt	propagation	hbu
hebbut	hevvut	propagation	hbu
hebbuɣ	hevvuɣ	propagation	hbu
hebjemt	hevjemt	propagation	hbej
hebjen	hevjen	propagation	hbej
hebjent	hevjent	propagation	hbej
hebjet	hevjet	propagation	hbej
hebjeɣ	hevjeɣ	propagation	hbej
heblemt	hevlemt	propagation	hbel
heblen	hevlen	liste	
heblent	hevlent	liste	
heblet	hevlet	propagation	hbel
hebleɣ	hevleɣ	liste	
hibel	hivel	liste	
hoober	hoover	liste	
huban	huvan	propagation	habi
hubant	huvant	propagation	habi
hubaɣ	huvaɣ	propagation	habi
huebla	huevla	liste	
iba	iva	liste	
ibab	ivav	propagation	bab
ibabaten	ivavaten	liste	
ibabaɣayuten	ivavaɣayuten	liste	
ibaben	ivaven	propagation	bab
ibalizen	ivalizen	liste	
ibalmuden	ivalmuden	liste	
iban	ivan	liste	
ibanduyen	ivanduyen	liste	
ibanen	ivanen	liste	
ibanɣuten	ivanɣuten	liste	
ibararen	ivararen	liste	
ibarazen	ivarazen	liste	
ibarek	ivarek	liste	
ibarken	ivarken	liste	
ibarraren	ivarraren	liste	
ibat	ivat	liste	
ibaten	ivaten	propagation	bat
ibaw	ivaw	liste	
ibawen	ivawen	liste	
ibaxixen	ivaxixen	liste	
ibaɛden	ivaɛden	propagation	baɛed
ibaɛed	ivaɛed	propagation	baɛed
ibaḍen	ivaḍen	propagation	baḍen
ibaḍnen	ivaḍnen	propagation	baḍen
ibaṛanen	ivaṛanen	liste	
ibbehba	ivvehva	liste	
ibbehban	ivvehvan	propagation	bbehbi
ibbehbi	ivvehvi	propagation	bbehbi
ibbehbin	ivvehvin	propagation	bbehbi
ibberber	ivverver	propagation	bberber
ibbeɛzeq	ivveɛzeq	propagation	bbeɛzeq
ibbrebren	ivvrevren	propagation	bberber
ibbuḥra	ivvuḥra	propagation	bbuḥru
ibbuḥran	ivvuḥran	propagation	bbuḥru
ibbuḥru	ivvuḥru	propagation	bbuḥru
ibbuḥrun	ivvuḥrun	propagation	bbuḥru
ibbɛezqen	ivvɛezqen	propagation	bbeɛzeq
ibciren	ivciren	liste	
ibda	ivda	liste	
ibdan	ivdan	propagation	bdu
ibdaren	ivdaren	liste	
ibded	ivded	propagation	bded
ibdel	ivdel	propagation	bdel
ibder	ivder	liste	
ibdi	ivdi	propagation	bdu
ibdid	ivdid	propagation	bded
ibdil	ivdil	propagation	bdel
ibdir	ivdir	liste	
ibdu	ivdu	liste	
ibdun	ivdun	propagation	bdu
ibduzen	ivduzen	liste	
ibecc	ivecc	liste	
ibeccan	iveccan	liste	
ibeccen	iveccen	propagation	becc
ibecceṛ	ivecceṛ	liste	
ibeccicen	iveccicen	liste	
ibeckaḍ	iveckaḍ	liste	
ibeckiḍen	iveckiḍen	liste	
ibed	ived	liste	
ibedd	ivedd	liste	
ibeddden	iveddden	propagation	bded
ibedded	ivedded	propagation	bded
ibeddel	iveddel	liste	
ibedden	ivedden	liste	
ibeddi	iveddi	liste	
ibeddilen	iveddilen	liste	
ibeddin	iveddin	liste	
ibeddlen	iveddlen	liste	
ibeddu	iveddu	liste	
ibeddun	iveddun	liste	
ibedlen	ivedlen	liste	
ibedren	ivedren	liste	
ibeggen	iveggen	liste	
ibegges	ivegges	liste	
ibeggnen	iveggnen	liste	
ibeggsen	iveggsen	propagation	bges
ibegsen	ivegsen	propagation	bges
ibejbujen	ivejvujen	liste	
ibekkan	ivekkan	liste	
ibekkem	ivekkem	liste	
ibekker	ivekker	propagation	bekker
ibekki	ivekki	liste	
ibekkmen	ivekkmen	propagation	bekkem
ibekkren	ivekkren	propagation	bekker
ibelkamen	ivelkamen	liste	
ibelleɛ	ivelleɛ	liste	
ibelleɛrijen	ivelleɛrijen	liste	
ibellu	ivellu	liste	
ibellun	ivellun	propagation	blu
ibellɛen	ivellɛen	propagation	belleɛ
ibelqecciḍen	ivelqecciḍen	liste	
ibelwaḥen	ivelwaḥen	liste	
ibelyunen	ivelyunen	liste	
ibelɛen	ivelɛen	liste	
ibelɛiden	ivelɛiden	liste	
ibelɛiraṣ	ivelɛiraṣ	liste	
ibelɛiṛas	ivelɛiṛas	liste	
ibelḥekkac	ivelḥekkac	liste	
ibenkan	ivenkan	liste	
ibennayen	ivennayen	liste	
ibennu	ivennu	liste	
ibennun	ivennun	liste	
ibeqqa	iveqqa	liste	
ibeqqan	iveqqan	propagation	beqqi
ibeqqeḍ	iveqqeḍ	propagation	bɣeḍ
ibeqqi	iveqqi	propagation	beqqi
ibeqqin	iveqqin	propagation	beqqi
ibeqqu	iveqqu	liste	
ibeqqun	iveqqun	liste	
ibeqqḍen	iveqqḍen	propagation	bɣeḍ
ibercanen	ivercanen	liste	
ibercen	ivercen	liste	
iberdan	iverdan	liste	
iberdi	iverdi	liste	
iberkanen	iverkanen	liste	
iberken	iverken	propagation	brek
ibermellalen	ivermellalen	liste	
ibermen	ivermen	propagation	brem
ibernas	ivernas	liste	
ibernen	ivernen	propagation	bren
iberniyas	iverniyas	liste	
iberqac	iverqac	liste	
iberqacen	iverqacen	liste	
iberqen	iverqen	propagation	breq
iberqucen	iverqucen	liste	
iberra	iverra	propagation	berri
iberran	iverran	propagation	berri
iberraniyen	iverraniyen	liste	
iberrcen	iverrcen	propagation	brec
iberrec	iverrec	propagation	brec
iberrem	iverrem	propagation	brem
iberren	iverren	liste	
iberrez	iverrez	liste	
iberreḍ	iverreḍ	propagation	breḍ
iberreḥ	iverreḥ	liste	
iberri	iverri	liste	
iberrin	iverrin	propagation	berri
iberriqen	iverriqen	liste	
iberrmen	iverrmen	propagation	brem
iberrnen	iverrnen	propagation	bren
iberrsen	iverrsen	liste	
iberru	iverru	liste	
iberrun	iverrun	liste	
iberrzen	iverrzen	propagation	berrez
iberrḍen	iverrḍen	propagation	breḍ
iberrḥen	iverrḥen	liste	
iberzen	iverzen	liste	
iberčečča	iverčečča	liste	
iberḍen	iverḍen	propagation	breḍ
iberḍiyen	iverḍiyen	liste	
ibestuḥen	ivestuḥen	liste	
ibesṭaḥ	ivesṭaḥ	liste	
ibesṭuḥen	ivesṭuḥen	liste	
ibetṛunen	ivetṛunen	liste	
ibexxer	ivexxer	liste	
ibexxeṣ	ivexxeṣ	propagation	bxeṣ
ibexxren	ivexxren	propagation	bexxer
ibexxuyen	ivexxuyen	liste	
ibexxṣen	ivexxṣen	propagation	bxeṣ
ibexṣen	ivexṣen	propagation	bxeṣ
ibezgen	ivezgen	liste	
ibeɛden	iveɛden	liste	
ibeɛten	iveɛten	propagation	bɛet
ibeɛɛac	iveɛɛac	liste	
ibeɛɛacen	iveɛɛacen	liste	
ibeɛɛden	iveɛɛden	propagation	beɛɛed
ibeɛɛed	iveɛɛed	liste	
ibeɛɛucen	iveɛɛucen	liste	
ibeɣḍen	iveɣḍen	propagation	bɣeḍ
ibeεden	iveεden	liste	
ibeεεac	iveεεac	liste	
ibeḥnuqen	iveḥnuqen	liste	
ibeḥnyaq	iveḥnyaq	liste	
ibeḥten	iveḥten	propagation	bḥet
ibeḥḥet	iveḥḥet	propagation	beḥḥet
ibeḥḥten	iveḥḥten	propagation	beḥḥet
ibeṛdayen	iveṛdayen	liste	
ibeṛhucen	iveṛhucen	liste	
ibeṛmilen	iveṛmilen	liste	
ibeṛnyas	iveṛnyas	liste	
ibeṛquqen	iveṛquqen	liste	
ibeṛṛaniyen	iveṛṛaniyen	liste	
ibeṛṛem	iveṛṛem	liste	
ibeṛṛeq	iveṛṛeq	liste	
ibeṛṛiqen	iveṛṛiqen	liste	
ibeṛṛqen	iveṛṛqen	liste	
ibeṭlen	iveṭlen	liste	
ibeṭṭel	iveṭṭel	liste	
ibeṭṭlen	iveṭṭlen	liste	
ibeṭṭu	iveṭṭu	liste	
ibeṭṭun	iveṭṭun	liste	
ibeẓḍan	iveẓḍan	liste	
ibeẓẓed	iveẓẓed	liste	
ibeẓẓeḍ	iveẓẓeḍ	liste	
ibgaytiyen	ivgaytiyen	liste	
ibges	ivges	liste	
ibgis	ivgis	propagation	bges
ibha	ivha	propagation	bhi
ibhan	ivhan	propagation	bhi
ibhi	ivhi	propagation	bhi
ibhin	ivhin	propagation	bhi
ibidi	ividi	liste	
ibidunen	ividunen	liste	
ibiluyen	iviluyen	liste	
ibin	ivin	liste	
ibireɣ	ivireɣ	liste	
ibirusen	ivirusen	liste	
ibkan	ivkan	liste	
ibki	ivki	liste	
ibla	ivla	propagation	blu
iblal	ivlal	liste	
iblalaḍen	ivlalaḍen	liste	
iblan	ivlan	propagation	blu
iblaḍen	ivlaḍen	liste	
ibleɛ	ivleɛ	propagation	bleɛ
ibli	ivli	propagation	blu
iblis	ivlis	liste	
ibliɛ	ivliɛ	propagation	bleɛ
iblu	ivlu	propagation	blu
iblulen	ivlulen	liste	
iblun	ivlun	propagation	blu
ibna	ivna	liste	
ibnan	ivnan	liste	
ibni	ivni	liste	
ibnin	ivnin	propagation	ibnin
ibninemt	ivninemt	propagation	ibnin
ibninen	ivninen	propagation	ibnin
ibninent	ivninent	propagation	ibnin
ibninet	ivninet	propagation	ibnin
ibnineɣ	ivnineɣ	propagation	ibnin
ibnu	ivnu	liste	
ibnun	ivnun	propagation	bnu
ibra	ivra	liste	
ibran	ivran	liste	
ibrareḥ	ivrareḥ	propagation	brireḥ
ibrarḥen	ivrarḥen	propagation	brireḥ
ibrec	ivrec	propagation	brec
ibrek	ivrek	propagation	brek
ibrem	ivrem	propagation	brem
ibren	ivren	liste	
ibreq	ivreq	propagation	breq
ibrez	ivrez	propagation	brez
ibreḍ	ivreḍ	propagation	breḍ
ibri	ivri	propagation	bru
ibric	ivric	propagation	brec
ibriden	ivriden	liste	
ibrik	ivrik	propagation	brek
ibrikemt	ivrikemt	propagation	ibrik
ibriken	ivriken	propagation	ibrik
ibrikent	ivrikent	propagation	ibrik
ibriket	ivriket	propagation	ibrik
ibrikeɣ	ivrikeɣ	propagation	ibrik
ibrim	ivrim	propagation	brem
ibrin	ivrin	propagation	bren
ibriq	ivriq	propagation	breq
ibriren	ivriren	liste	
ibrireḥ	ivrireḥ	propagation	brireḥ
ibrirḥen	ivrirḥen	propagation	brireḥ
ibriz	ivriz	propagation	brez
ibriḍ	ivriḍ	propagation	breḍ
ibru	ivru	liste	
ibrun	ivrun	propagation	bru
ibruqel	ivruqel	propagation	bruqel
ibruqlen	ivruqlen	propagation	bruqel
ibruren	ivruren	liste	
ibruyen	ivruyen	liste	
ibruzzeɛ	ivruzzeɛ	propagation	bruzzeɛ
ibruzzɛen	ivruzzɛen	propagation	bruzzeɛ
ibudd	ivudd	liste	
ibudden	ivudden	liste	
ibudraren	ivudraren	liste	
ibugas	ivugas	liste	
ibugaṭuten	ivugaṭuten	liste	
ibugaṭuyen	ivugaṭuyen	liste	
ibujaden	ivujaden	liste	
ibujadenntayri	ivujadenntayri	liste	
ibukefranen	ivukefranen	liste	
ibunda	ivunda	liste	
ibuqalen	ivuqalen	liste	
ibur	ivur	propagation	bur
iburaḥlaten	ivuraḥlaten	liste	
iburek	ivurek	liste	
iburen	ivuren	propagation	bur
iburken	ivurken	propagation	barek
ibururuten	ivururuten	liste	
ibuxx	ivuxx	liste	
ibuxxen	ivuxxen	propagation	buxx
ibuɛden	ivuɛden	propagation	baɛed
ibuɛed	ivuɛed	propagation	baɛed
ibuγerdanen	ivuγerdanen	liste	
ibuεemmaren	ivuεemmaren	liste	
ibuḍen	ivuḍen	propagation	baḍen
ibuḍnen	ivuḍnen	propagation	baḍen
ibuṛasen	ivuṛasen	liste	
ibuṛaɣ	ivuṛaɣ	liste	
ibuṭi	ivuṭi	liste	
ibxeṣ	ivxeṣ	propagation	bxeṣ
ibxiṣ	ivxiṣ	propagation	bxeṣ
ibyan	ivyan	liste	
ibzeg	ivzeg	liste	
ibzig	ivzig	liste	
ibzimen	ivzimen	liste	
ibɛed	ivɛed	liste	
ibɛet	ivɛet	propagation	bɛet
ibɛid	ivɛid	liste	
ibɛidemt	ivɛidemt	propagation	ibɛid
ibɛiden	ivɛiden	propagation	ibɛid
ibɛident	ivɛident	propagation	ibɛid
ibɛidet	ivɛidet	propagation	ibɛid
ibɛideɣ	ivɛideɣ	propagation	ibɛid
ibɛit	ivɛit	propagation	bɛet
ibɛuẓẓel	ivɛuẓẓel	propagation	bɛuẓẓel
ibɛuẓẓlen	ivɛuẓẓlen	propagation	bɛuẓẓel
ibɣa	ivɣa	liste	
ibɣan	ivɣan	liste	
ibɣasen	ivɣasen	liste	
ibɣeḍ	ivɣeḍ	propagation	bɣeḍ
ibɣi	ivɣi	liste	
ibɣiḍ	ivɣiḍ	propagation	bɣeḍ
ibɣu	ivɣu	liste	
ibɣun	ivɣun	liste	
ibḍa	ivḍa	liste	
ibḍan	ivḍan	propagation	bḍu
ibḍi	ivḍi	propagation	bḍu
ibḍu	ivḍu	propagation	bḍu
ibḍun	ivḍun	propagation	bḍu
ibḥet	ivḥet	propagation	bḥet
ibḥit	ivḥit	propagation	bḥet
ibṭel	ivṭel	propagation	bṭel
ibṭil	ivṭil	propagation	bṭel
ibẓaẓ	ivẓaẓ	liste	
ibẓiẓen	ivẓiẓen	liste	
icab	icav	liste	
icabcaqen	icavcaqen	liste	
icaben	icaven	liste	
icabi	icavi	propagation	cabi
icabin	icavin	propagation	cabi
icaḍbiwen	icaḍviwen	liste	
icba	icva	liste	
icban	icvan	liste	
icbek	icvek	propagation	cbek
icbeḥ	icveḥ	liste	
icbi	icvi	liste	
icbik	icvik	propagation	cbek
icbiḥ	icviḥ	liste	
icbu	icvu	liste	
icbula	icvula	liste	
icbun	icvun	liste	
icbuyla	icvuyla	liste	
iccab	iccav	propagation	ccib
iccabay	iccavay	propagation	ccib
iccabayen	iccavayen	propagation	ccib
iccaben	iccaven	propagation	ccib
iccelbeḍ	iccelveḍ	propagation	ccelbeḍ
iccib	icciv	propagation	ccib
icciben	icciven	propagation	ccib
icclebḍen	icclevḍen	propagation	ccelbeḍ
iccuɛben	iccuɛven	liste	
icebbeḥ	icevveḥ	propagation	cebbeḥ
icebbu	icevvu	propagation	cbu
icebbuben	icevvuven	liste	
icebbun	icevvun	propagation	cbu
icebbḥen	icevvḥen	propagation	cebbeḥ
icebken	icevken	liste	
icebḥanen	icevḥanen	liste	
icebḥen	icevḥen	liste	
iceggben	iceggven	propagation	ceggeb
iceggeb	iceggev	propagation	ceggeb
icekben	icekven	liste	
icekkben	icekkven	propagation	cekkeb
icekkeb	icekkev	liste	
icelbaḍ	icelvaḍ	liste	
iceyyben	iceyyven	propagation	ceyyeb
iceyyeb	iceyyev	propagation	ceyyeb
iceɣb	iceɣv	liste	
iceɣben	iceɣven	liste	
iceɣɣben	iceɣɣven	liste	
iceɣɣeb	iceɣɣev	liste	
iceṭṭuben	iceṭṭuven	liste	
icib	iciv	propagation	cib
iciben	iciven	propagation	cib
icuba	icuva	liste	
icubaa	icuvaa	liste	
icuban	icuvan	liste	
icɣeb	icɣev	liste	
icɣib	icɣiv	propagation	cɣeb
idabuyen	idavuyen	liste	
idbeɣ	idveɣ	propagation	dbeɣ
idbiɣ	idviɣ	liste	
iddbedben	iddvedven	propagation	ddebdeb
iddebdeb	iddevdev	propagation	ddebdeb
idebɣen	idevɣen	propagation	dbeɣ
idehben	idehven	propagation	dheb
idenben	idenven	liste	
idheb	idhev	propagation	dheb
idhib	idhiv	propagation	dheb
idneb	idnev	propagation	dneb
idnib	idniv	propagation	dneb
idub	iduv	liste	
iduba	iduva	liste	
iduben	iduven	propagation	dub
igraben	igraven	liste	
igrarben	igrarven	propagation	grireb
igrareb	igrarev	propagation	grireb
igrirben	igrirven	propagation	grireb
igrireb	igrirev	propagation	grireb
ihabi	ihavi	propagation	habi
ihabin	ihavin	propagation	habi
ihamburgren	ihamvurgren	liste	
ihba	ihva	liste	
ihban	ihvan	propagation	hbu
ihbej	ihvej	propagation	hbej
ihbel	ihvel	propagation	hbel
ihbi	ihvi	propagation	hbu
ihbij	ihvij	propagation	hbej
ihbil	ihvil	propagation	hbel
ihbu	ihvu	propagation	hbu
ihbun	ihvun	propagation	hbu
ihebbel	ihevvel	propagation	hbel
ihebblen	ihevvlen	propagation	hbel
ihebbu	ihevvu	propagation	hbu
ihebbun	ihevvun	propagation	hbu
iheber	ihever	liste	
ihebjen	ihevjen	propagation	hbej
iheblen	ihevlen	liste	
ihebriyen	ihevriyen	liste	
iherbab	ihervav	liste	
ihibi	ihivi	liste	
ihuba	ihuva	propagation	habi
ihuban	ihuvan	propagation	habi
ijab	ijav	liste	
ijaben	ijaven	liste	
ijanben	ijanven	propagation	janeb
ijaneb	ijanev	propagation	janeb
ijawben	ijawven	propagation	jaweb
ijaweb	ijawev	liste	
ijba	ijva	liste	
ijban	ijvan	propagation	jbu
ijbed	ijved	liste	
ijbi	ijvi	propagation	jbu
ijbid	ijvid	propagation	jbed
ijbu	ijvu	propagation	jbu
ijbun	ijvun	propagation	jbu
ijdeb	ijdev	propagation	jdeb
ijdib	ijdiv	propagation	jdeb
ijebbden	ijevvden	propagation	jebbed
ijebbed	ijevved	liste	
ijebbu	ijevvu	propagation	jbu
ijebbun	ijevvun	propagation	jbu
ijebden	ijevden	liste	
ijedben	ijedven	propagation	jdeb
ijeddben	ijeddven	propagation	jdeb
ijeddeb	ijeddev	propagation	jdeb
ijellben	ijellven	propagation	jelleb
ijelleb	ijellev	liste	
ijerrben	ijerrven	propagation	jerreb
ijerreb	ijerrev	liste	
ijeɛbabn	ijeɛvavn	liste	
ijeɛbuben	ijeɛvuven	liste	
ijeṛṛben	ijeṛṛven	liste	
ijeṛṛeb	ijeṛṛev	liste	
ijuba	ijuva	propagation	jab
ijuban	ijuvan	propagation	jab
ijunben	ijunven	propagation	janeb
ijuneb	ijunev	propagation	janeb
ijuwben	ijuwven	propagation	jaweb
ijuweb	ijuwev	propagation	jaweb
ikabaren	ikavaren	liste	
ikacbaren	ikacvaren	liste	
ikbar	ikvar	liste	
ikbel	ikvel	liste	
ikber	ikver	propagation	kber
ikbil	ikvil	propagation	kbel
ikbir	ikvir	propagation	kber
ikeblen	ikevlen	propagation	kbel
ikebren	ikevren	propagation	kber
ikeddaben	ikeddaven	liste	
ikeddiben	ikeddiven	liste	
ikelben	ikelven	liste	
ikerbasen	ikervasen	liste	
ikerreb	ikerrev	liste	
ikerruben	ikerruven	liste	
ikesben	ikesven	liste	
ikesseb	ikessev	liste	
iketben	iketven	liste	
ikettben	ikettven	propagation	kteb
iketteb	ikettev	liste	
ikeɛben	ikeɛven	propagation	kɛeb
ikeɛɛben	ikeɛɛven	propagation	kɛeb
ikeɛɛeb	ikeɛɛev	propagation	kɛeb
ikeṛṛeb	ikeṛṛev	liste	
ikiddib	ikiddiv	liste	
ikiddiben	ikiddiven	liste	
ikseb	iksev	liste	
iksib	iksiv	propagation	kseb
ikteb	iktev	propagation	kteb
iktib	iktiv	propagation	kteb
ikubar	ikuvar	liste	
ikɛeb	ikɛev	liste	
ikɛib	ikɛiv	propagation	kɛeb
ilaqben	ilaqven	propagation	laqeb
ilaqeb	ilaqev	propagation	laqeb
ilbeḍ	ilveḍ	propagation	lbeḍ
ilbiḍ	ilviḍ	propagation	lbeḍ
ilbubeɣ	ilvuveɣ	propagation	lbubeɣ
ilbubɣen	ilvuvɣen	propagation	lbubeɣ
ilebbeḍ	ilevveḍ	propagation	lbeḍ
ilebbḍen	ilevvḍen	propagation	lbeḍ
ilebda	ilevda	liste	
ilebsen	ilevsen	liste	
ilebḍen	ilevḍen	propagation	lbeḍ
ileɛben	ileɛven	propagation	lɛeb
ileɛɛeb	ileɛɛev	liste	
ilicaba	ilicava	liste	
iluqben	iluqven	propagation	laqeb
iluqeb	iluqev	liste	
ilɛeb	ilɛev	propagation	lɛeb
ilɛib	ilɛiv	propagation	lɛeb
ilεeb	ilεev	liste	
imbaddal	imvaddal	propagation	mbaddal
imbaddalen	imvaddalen	propagation	mbaddal
imberraz	imverraz	propagation	mberraz
imberrazen	imverrazen	propagation	mberraz
imburen	imvuren	liste	
imcabi	imcavi	propagation	mcabi
imcabin	imcavin	propagation	mcabi
imcuba	imcuva	propagation	mcabi
imcuban	imcuvan	propagation	mcabi
imebraḍen	imevraḍen	liste	
imedneb	imednev	liste	
imednuben	imednuven	liste	
imehbal	imehval	liste	
imehbulen	imehvulen	liste	
imerbi	imervi	liste	
imerkuben	imerkuven	liste	
imesbaniyen	imesvaniyen	liste	
imesbaṭliyen	imesvaṭliyen	liste	
imeskabaren	imeskavaren	liste	
imeslab	imeslav	liste	
imesluben	imesluven	liste	
imeɛǧaben	imeɛǧaven	liste	
imeɣban	imeɣvan	liste	
imeḍeber	imeḍever	liste	
imeḍebren	imeḍevren	liste	
imeḍlaben	imeḍlaven	liste	
imeḥbas	imeḥvas	liste	
imizaben	imizaven	liste	
imjeddeb	imjeddev	liste	
imjellab	imjellav	propagation	mjellab
imjellaben	imjellaven	propagation	mjellab
imkebren	imkevren	liste	
immecberreq	immecverreq	propagation	mmecberreq
immecberrqen	immecverrqen	propagation	mmecberreq
immuɣben	immuɣven	liste	
immuɣebnen	immuɣevnen	propagation	mmuɣben
imnasab	imnasav	propagation	mnasab
imnasaben	imnasaven	propagation	mnasab
imnexḍaben	imnexḍaven	liste	
imqabal	imqaval	propagation	mqabal
imqabalen	imqavalen	propagation	mqabal
imqarab	imqarav	propagation	mqarab
imqaraben	imqaraven	propagation	mqarab
imqerreb	imqerrev	liste	
imqezzeb	imqezzev	liste	
imrabḍen	imravḍen	liste	
imreḥbaniyen	imreḥvaniyen	liste	
imsbaṭliyen	imsvaṭliyen	liste	
imsebla	imsevla	propagation	mseblu
imseblan	imsevlan	propagation	mseblu
imseblaɛ	imsevlaɛ	propagation	mseblaɛ
imseblaɛen	imsevlaɛen	propagation	mseblaɛ
imsebli	imsevli	propagation	mseblu
imseblu	imsevlu	propagation	mseblu
imseblun	imsevlun	propagation	mseblu
imsebra	imsevra	propagation	msebru
imsebran	imsevran	propagation	msebru
imsebri	imsevri	propagation	msebru
imsebriden	imsevriden	liste	
imsebru	imsevru	propagation	msebru
imsebrun	imsevrun	propagation	msebru
imsebɣa	imsevɣa	propagation	msebɣu
imsebɣan	imsevɣan	propagation	msebɣu
imsebɣi	imsevɣi	propagation	msebɣu
imsebɣu	imsevɣu	propagation	msebɣu
imsebɣun	imsevɣun	propagation	msebɣu
imsebḍa	imsevḍa	propagation	msebḍu
imsebḍan	imsevḍan	propagation	msebḍu
imsebḍi	imsevḍi	propagation	msebḍu
imsebḍu	imsevḍu	propagation	msebḍu
imsebḍun	imsevḍun	propagation	msebḍu
imsetbaɛ	imsetvaɛ	propagation	msetbaɛ
imsetbaɛen	imsetvaɛen	propagation	msetbaɛ
imulaben	imulaven	liste	
imxeyyeb	imxeyyev	liste	
imyebra	imyevra	propagation	myebru
imyebran	imyevran	propagation	myebru
imyebri	imyevri	propagation	myebru
imyebru	imyevru	propagation	myebru
imyebrun	imyevrun	propagation	myebru
imyecbak	imyecvak	propagation	myecbak
imyecbaken	imyecvaken	propagation	myecbak
imyektab	imyektav	propagation	myektab
imyektaben	imyektaven	propagation	myektab
imyenbac	imyenvac	propagation	myenbac
imyenbacen	imyenvacen	propagation	myenbac
imǧelleb	imǧellev	liste	
imḍeber	imḍever	liste	
imḍebren	imḍevren	liste	
imḥabab	imḥavav	propagation	mḥabab
imḥababen	imḥavaven	propagation	mḥabab
imḥarab	imḥarav	liste	
imḥasab	imḥasav	liste	
imḥasaben	imḥasaven	propagation	mḥasab
imṛabḍen	imṛavḍen	liste	
imṭenneb	imṭennev	liste	
imẓerbeḍḍa	imẓerveḍḍa	liste	
imẓeṛbeṭṭa	imẓeṛveṭṭa	liste	
inabi	inavi	propagation	nabi
inabin	inavin	propagation	nabi
inasben	inasven	propagation	naseb
inaseb	inasev	propagation	naseb
inbec	invec	propagation	nbec
inbeddalen	inveddalen	liste	
inber	inver	propagation	nber
inbic	invic	propagation	nbec
inbir	invir	propagation	nber
inebbcen	inevvcen	propagation	nbec
inebbec	inevvec	propagation	nbec
inebcen	inevcen	propagation	nbec
inebduyen	inevduyen	liste	
inebgawen	inevgawen	liste	
inebgi	inevgi	liste	
inebgiwen	inevgiwen	liste	
ineblalen	inevlalen	liste	
inebran	inevran	liste	
inebren	inevren	propagation	nber
inedbal	inedval	liste	
ineqben	ineqven	propagation	nqeb
ineqqben	ineqqven	propagation	nɣeb
ineqqeb	ineqqev	propagation	nɣeb
inesba	inesva	liste	
inesbaɣuren	inesvaɣuren	liste	
inesbuɣar	inesvuɣar	liste	
inesduba	inesduva	liste	
inexḍaben	inexḍaven	liste	
ineɣben	ineɣven	propagation	nɣeb
inilban	inilvan	liste	
innejbad	innejvad	propagation	nnejbad
innejbaden	innejvaden	propagation	nnejbad
inneqlab	inneqlav	propagation	nneqlab
inneqlaben	inneqlaven	propagation	nneqlab
inneḥsab	inneḥsav	propagation	nneḥsab
inneḥsaben	inneḥsaven	propagation	nneḥsab
inqeb	inqev	propagation	nqeb
inqib	inqiv	propagation	nqeb
inuba	inuva	liste	
inuban	inuvan	propagation	nabi
inubiyen	inuviyen	liste	
inusben	inusven	propagation	naseb
inuseb	inusev	liste	
inɛettab	inɛettav	propagation	nɛettab
inɛettaben	inɛettaven	propagation	nɛettab
inɣeb	inɣev	propagation	nɣeb
inɣib	inɣiv	propagation	nɣeb
iqabel	iqavel	liste	
iqabeḥ	iqaveḥ	propagation	qabeḥ
iqablen	iqavlen	liste	
iqabḥen	iqavḥen	propagation	qabeḥ
iqbac	iqvac	liste	
iqbayliyen	iqvayliyen	liste	
iqbel	iqvel	liste	
iqber	iqver	propagation	qber
iqbeḍ	iqveḍ	propagation	qbeḍ
iqbeḥ	iqveḥ	propagation	qbeḥ
iqbil	iqvil	liste	
iqbir	iqvir	propagation	qber
iqbiḍ	iqviḍ	propagation	qbeḍ
iqbiḥ	iqviḥ	liste	
iqburen	iqvuren	liste	
iqebbel	iqevvel	propagation	qebbel
iqebber	iqevver	propagation	qber
iqebbeḍ	iqevveḍ	propagation	qbeḍ
iqebbeḥ	iqevveḥ	propagation	qbeḥ
iqebblen	iqevvlen	propagation	qebbel
iqebbren	iqevvren	propagation	qber
iqebbḍen	iqevvḍen	propagation	qbeḍ
iqebbḥen	iqevvḥen	propagation	qbeḥ
iqebl	iqevl	liste	
iqeblen	iqevlen	liste	
iqebren	iqevren	propagation	qber
iqebḍen	iqevḍen	propagation	qbeḍ
iqebḥen	iqevḥen	liste	
iqelben	iqelven	propagation	qleb
iqellben	iqellven	propagation	qelleb
iqelleb	iqellev	liste	
iqelliben	iqelliven	liste	
iqerben	iqerven	liste	
iqerrben	iqerrven	liste	
iqerreb	iqerrev	liste	
iqezzaben	iqezzaven	liste	
iqezzben	iqezzven	propagation	qezzeb
iqezzeb	iqezzev	propagation	qezzeb
iqeṛṛeb	iqeṛṛev	liste	
iqibib	iqiviv	liste	
iqibiben	iqiviven	liste	
iqlaben	iqlaven	liste	
iqleb	iqlev	liste	
iqlib	iqliv	propagation	qleb
iqqbeqben	iqqveqven	propagation	qqebqeb
iqqebqeb	iqqevqev	liste	
iqraben	iqraven	liste	
iqreb	iqrev	liste	
iqrib	iqriv	propagation	iqrib
iqribemt	iqrivemt	propagation	iqrib
iqriben	iqriven	liste	
iqribent	iqrivent	propagation	iqrib
iqribet	iqrivet	propagation	iqrib
iqribeɣ	iqriveɣ	propagation	iqrib
iqubel	iquvel	liste	
iqubeḥ	iquveḥ	propagation	qabeḥ
iqublen	iquvlen	liste	
iqubḥen	iquvḥen	propagation	qabeḥ
iqulab	iqulav	liste	
irab	irav	liste	
iraben	iraven	propagation	rab
irba	irva	propagation	rbu
irban	irvan	liste	
irbeḥ	irveḥ	liste	
irbi	irvi	propagation	rbu
irbiben	irviven	liste	
irbin	irvin	propagation	rbi
irbiḥ	irviḥ	liste	
irbu	irvu	propagation	rbu
irbun	irvun	propagation	rbu
irebbi	irevvi	propagation	rbi
irebbin	irevvin	propagation	rbi
irebbu	irevvu	propagation	rbu
irebbun	irevvun	propagation	rbu
irebraben	irevraven	liste	
irebḥen	irevḥen	liste	
irekb	irekv	liste	
irekben	irekven	liste	
irekkben	irekkven	liste	
irekkeb	irekkev	liste	
irerbraben	irervraven	liste	
ireḍben	ireḍven	liste	
irkeb	irkev	liste	
irkib	irkiv	propagation	rkeb
irḍeb	irḍev	propagation	rḍeb
irḍib	irḍiv	propagation	rḍeb
isab	isav	propagation	sib
isabaren	isavaren	liste	
isaben	isaven	liste	
isbabb	isvavv	propagation	sbibb
isbabbay	isvavvay	propagation	sbibb
isbabbayen	isvavvayen	propagation	sbibb
isbabben	isvavven	propagation	sbibb
isbadu	isvadu	liste	
isban	isvan	propagation	sbin
isbanay	isvanay	liste	
isbanayen	isvanayen	propagation	sbin
isbanen	isvanen	propagation	sbin
isbayɛiyen	isvayɛiyen	liste	
isbaɛɛay	isvaɛɛay	propagation	sbeɛbeɛ
isbaɛɛayen	isvaɛɛayen	propagation	sbeɛbeɛ
isbaɣen	isvaɣen	liste	
isbedd	isvedd	liste	
isbedday	isvedday	propagation	sbedd
isbeddayen	isveddayen	propagation	sbedd
isbedden	isvedden	propagation	sbedd
isbeggen	isveggen	liste	
isbeggin	isveggin	liste	
isbegginen	isvegginen	liste	
isbeggnen	isveggnen	liste	
isbehba	isvehva	liste	
isbehban	isvehvan	propagation	sbehbi
isbehbay	isvehvay	propagation	sbehbi
isbehbayen	isvehvayen	propagation	sbehbi
isbehbi	isvehvi	propagation	sbehbi
isbehbin	isvehvin	propagation	sbehbi
isbek	isvek	liste	
isbelɛeṭ	isvelɛeṭ	propagation	sbelɛeṭ
isbelɛiṭ	isvelɛiṭ	propagation	sbelɛeṭ
isbelɛiṭen	isvelɛiṭen	propagation	sbelɛeṭ
isbelɛṭen	isvelɛṭen	propagation	sbelɛeṭ
isbender	isvender	propagation	sbender
isbendir	isvendir	propagation	sbender
isbendiren	isvendiren	propagation	sbender
isbendren	isvendren	propagation	sbender
isberber	isverver	liste	
isberbir	isvervir	propagation	sberber
isberbiren	isverviren	propagation	sberber
isberbren	isvervren	propagation	sberber
isberquqay	isverquqay	liste	
isbexxeṛ	isvexxeṛ	liste	
isbexxiṛ	isvexxiṛ	liste	
isbezgen	isvezgen	liste	
isbeɛ	isveɛ	propagation	sbeɛ
isbeɛbeɛ	isveɛveɛ	propagation	sbeɛbeɛ
isbeɛbɛen	isveɛvɛen	propagation	sbeɛbeɛ
isbeɣ	isveɣ	liste	
isbibb	isvivv	propagation	sbibb
isbibben	isvivven	propagation	sbibb
isbik	isvik	propagation	sbek
isbin	isvin	liste	
isbinen	isvinen	propagation	sbin
isbiɛ	isviɛ	propagation	sbeɛ
isbiɣ	isviɣ	propagation	sbeɣ
isbur	isvur	liste	
isburr	isvurr	liste	
isburren	isvurren	propagation	sburr
isburruy	isvurruy	propagation	sburr
isburruyen	isvurruyen	propagation	sburr
isbuḥra	isvuḥra	liste	
isbuḥran	isvuḥran	propagation	sbuḥru
isbuḥru	isvuḥru	liste	
isbuḥrun	isvuḥrun	propagation	sbuḥru
isbuḥruy	isvuḥruy	liste	
isbuḥruyen	isvuḥruyen	propagation	sbuḥru
isdebdben	isdevdven	propagation	sdebdeb
isdebdeb	isdevdev	propagation	sdebdeb
isdebdub	isdevduv	propagation	sdebdeb
isdebduben	isdevduven	propagation	sdebdeb
isderbez	isdervez	propagation	sderbez
isderbiz	isderviz	propagation	sderbez
isderbizen	isdervizen	propagation	sderbez
isderbzen	isdervzen	propagation	sderbez
isdub	isduv	liste	
isduben	isduven	liste	
isdubuy	isduvuy	propagation	sdub
isdubuyen	isduvuyen	propagation	sdub
isebbek	isevvek	propagation	sbek
isebbeɛ	isevveɛ	propagation	sbeɛ
isebbeɣ	isevveɣ	propagation	sbeɣ
isebbken	isevvken	propagation	sbek
isebbɛen	isevvɛen	propagation	sbeɛ
isebbɣen	isevvɣen	propagation	sbeɣ
isebddaden	isevddaden	liste	
isebgen	isevgen	liste	
isebggen	isevggen	liste	
isebken	isevken	propagation	sbek
iseblew	isevlew	liste	
isebren	isevren	liste	
isebtar	isevtar	liste	
isebtaren	isevtaren	liste	
isebter	isevter	liste	
isebɛen	isevɛen	propagation	sbeɛ
isebɣen	isevɣen	liste	
isebṛen	isevṛen	liste	
isegbaren	isegvaren	liste	
iseggeb	iseggev	liste	
isekbar	isekvar	liste	
isekbaren	isekvaren	liste	
iselben	iselven	liste	
isellben	isellven	propagation	sleb
iselleb	isellev	propagation	sleb
iseqeṛben	iseqeṛven	liste	
iserkeb	iserkev	liste	
isesteb	isestev	liste	
isexrab	isexrav	liste	
isexreb	isexrev	liste	
isexṛeb	isexṛev	liste	
iseḥbes	iseḥves	liste	
isib	isiv	propagation	sib
isiben	isiven	propagation	sib
iskaddben	iskaddven	propagation	skiddeb
iskaddeb	iskaddev	propagation	skiddeb
iskadeb	iskadev	liste	
iskiddben	iskiddven	propagation	skiddeb
iskiddeb	iskiddev	propagation	skiddeb
iskiddib	iskiddiv	propagation	skiddeb
iskiddiben	iskiddiven	liste	
isleb	islev	liste	
islib	isliv	liste	
ismuhbel	ismuhvel	propagation	smuhbel
ismuhbul	ismuhvul	liste	
ismuhbulen	ismuhvulen	propagation	smuhbel
ismuheblen	ismuhevlen	propagation	smuhbel
ismuselben	ismuselven	propagation	smusleb
ismusleb	ismuslev	propagation	smusleb
ismuslub	ismusluv	propagation	smusleb
ismusluben	ismusluven	propagation	smusleb
ismuɣben	ismuɣven	propagation	smuɣben
ismuɣbun	ismuɣvun	propagation	smuɣben
ismuɣbunen	ismuɣvunen	propagation	smuɣben
ismuɣebnen	ismuɣevnen	propagation	smuɣben
isneqlab	isneqlav	liste	
isneqlabay	isneqlavay	propagation	sneqlab
isneqlabayen	isneqlavayen	propagation	sneqlab
isneqlaben	isneqlaven	propagation	sneqlab
isnubegten	isnuvegten	propagation	snubget
isnubget	isnuvget	liste	
isnubgut	isnuvgut	propagation	snubget
isnubguten	isnuvguten	propagation	snubget
isqazzben	isqazzven	propagation	sqizzeb
isqazzeb	isqazzev	propagation	sqizzeb
isqerbebb	isqervevv	propagation	sqerbebb
isqerbebben	isqervevven	propagation	sqerbebb
isqerbib	isqerviv	propagation	sqerbebb
isqerbiben	isqerviven	propagation	sqerbebb
isqeṛben	isqeṛven	liste	
isqizzben	isqizzven	propagation	sqizzeb
isqizzeb	isqizzev	propagation	sqizzeb
isqizzib	isqizziv	propagation	sqizzeb
isqizziben	isqizziven	propagation	sqizzeb
issbedden	issvedden	propagation	ssebded
issbelɛen	issvelɛen	propagation	ssebleɛ
issbezgen	issvezgen	propagation	ssebzeg
issbeɛden	issveɛden	propagation	ssebɛed
issbeṭlen	issveṭlen	propagation	ssebṭel
issebdad	issevdad	liste	
issebdaden	issevdaden	propagation	ssebded
issebded	issevded	propagation	ssebded
issebgan	issevgan	liste	
issebganen	issevganen	liste	
isseblaɛ	issevlaɛ	liste	
isseblaɛen	issevlaɛen	propagation	ssebleɛ
issebleɛ	issevleɛ	liste	
issebluleɣ	issevluleɣ	propagation	ssebluleɣ
issebluluɣ	issevluluɣ	propagation	ssebluleɣ
issebluluɣen	issevluluɣen	propagation	ssebluleɣ
isseblulɣen	issevlulɣen	propagation	ssebluleɣ
issebra	issevra	propagation	ssebru
issebran	issevran	propagation	ssebru
issebrareḥ	issevrareḥ	propagation	ssebrireḥ
issebrarḥen	issevrarḥen	propagation	ssebrireḥ
issebray	issevray	propagation	ssebri
issebrayen	issevrayen	propagation	ssebri
issebri	issevri	propagation	ssebri
issebrin	issevrin	propagation	ssebri
issebrireḥ	issevrireḥ	propagation	ssebrireḥ
issebririḥ	issevririḥ	propagation	ssebrireḥ
issebririḥen	issevririḥen	propagation	ssebrireḥ
issebrirḥen	issevrirḥen	propagation	ssebrireḥ
issebru	issevru	propagation	ssebru
issebrun	issevrun	propagation	ssebru
issebruy	issevruy	propagation	ssebru
issebruyen	issevruyen	liste	
issebruzzeɛ	issevruzzeɛ	liste	
issebruzzuɛ	issevruzzuɛ	propagation	ssebruzzeɛ
issebruzzuɛen	issevruzzuɛen	propagation	ssebruzzeɛ
issebruzzɛen	issevruzzɛen	propagation	ssebruzzeɛ
issebzag	issevzag	propagation	ssebzeg
issebzagen	issevzagen	propagation	ssebzeg
issebzeg	issevzeg	propagation	ssebzeg
issebɛad	issevɛad	propagation	ssebɛed
issebɛaden	issevɛaden	propagation	ssebɛed
issebɛed	issevɛed	propagation	ssebɛed
issebṭal	issevṭal	propagation	ssebṭel
issebṭalen	issevṭalen	propagation	ssebṭel
issebṭel	issevṭel	propagation	ssebṭel
issegrarben	issegrarven	propagation	ssegrireb
issegrareb	issegrarev	propagation	ssegrireb
issegrirben	issegrirven	liste	
issegrireb	issegrirev	liste	
issegririb	issegririv	propagation	ssegrireb
issegririben	issegririven	propagation	ssegrireb
issehbal	issehval	propagation	ssehbel
issehbalen	issehvalen	liste	
issehbel	issehvel	propagation	ssehbel
isselben	isselven	propagation	ssleb
issembabaqnuc	issemvavaqnuc	liste	
issembaɛad	issemvaɛad	propagation	ssembaɛed
issembaɛaden	issemvaɛaden	propagation	ssembaɛed
issembaɛden	issemvaɛden	propagation	ssembaɛed
issembaɛed	issemvaɛed	propagation	ssembaɛed
issemqabal	issemqaval	propagation	ssemqabal
issemqabalay	issemqavalay	propagation	ssemqabal
issemqabalayen	issemqavalayen	propagation	ssemqabal
issemqabalen	issemqavalen	propagation	ssemqabal
isseqrab	isseqrav	propagation	sseqreb
isseqraben	isseqraven	propagation	sseqreb
isseqreb	isseqrev	propagation	sseqreb
isserbaḥ	isservaḥ	liste	
isserbaḥen	isservaḥen	propagation	sserbeḥ
isserbeḥ	isserveḥ	liste	
isserhab	isserhav	liste	
isserhaben	isserhaven	liste	
isserheb	isserhev	liste	
isserkab	isserkav	propagation	sserkeb
isserkaben	isserkaven	propagation	sserkeb
isserkeb	isserkev	liste	
isserḍab	isserḍav	propagation	sserḍeb
isserḍaben	isserḍaven	propagation	sserḍeb
isserḍeb	isserḍev	propagation	sserḍeb
issexrab	issexrav	propagation	ssexreb
issexraben	issexraven	propagation	ssexreb
issexreb	issexrev	propagation	ssexreb
issexṛab	issexṛav	liste	
issexṛeb	issexṛev	liste	
isseɣlab	isseɣlav	propagation	sseɣleb
isseɣlaben	isseɣlaven	propagation	sseɣleb
isseɣleb	isseɣlev	propagation	sseɣleb
isseḥsab	isseḥsav	liste	
isseḥsaben	isseḥsaven	propagation	sseḥseb
isseḥseb	isseḥsev	propagation	sseḥseb
issheblen	isshevlen	propagation	ssehbel
issleb	isslev	propagation	ssleb
isslubuy	issluvuy	propagation	ssleb
isslubuyen	issluvuyen	propagation	ssleb
issqerben	issqerven	propagation	sseqreb
issrebḥen	issrevḥen	propagation	sserbeḥ
issrehben	issrehven	propagation	sserheb
issrekben	issrekven	propagation	sserkeb
issreḍben	issreḍven	propagation	sserḍeb
issxerben	issxerven	propagation	ssexreb
issɣelben	issɣelven	propagation	sseɣleb
issḥesben	issḥesven	propagation	sseḥseb
isterḥiben	isterḥiven	liste	
isteṛḥeb	isteṛḥev	liste	
isubar	isuvar	liste	
isukalngulliber	isukalngulliver	liste	
iswarab	iswarav	propagation	swireb
iswaraben	iswaraven	propagation	swireb
iswarben	iswarven	propagation	swireb
iswareb	iswarev	propagation	swireb
iswirben	iswirven	propagation	swireb
iswireb	iswirev	propagation	swireb
isxerbaqayen	isxervaqayen	liste	
isxerbubcen	isxervuvcen	propagation	sxerbubec
isxerbubec	isxervuvec	propagation	sxerbubec
isxerbubuc	isxervuvuc	propagation	sxerbubec
isxerbubucen	isxervuvucen	propagation	sxerbubec
isɛettben	isɛettven	propagation	sɛetteb
isɛetteb	isɛettev	propagation	sɛetteb
isɛettib	isɛettiv	propagation	sɛetteb
isɛettiben	isɛettiven	propagation	sɛetteb
isṭebṭben	isṭevṭven	propagation	sṭebṭeb
isṭebṭeb	isṭevṭev	propagation	sṭebṭeb
isṭebṭub	isṭevṭuv	propagation	sṭebṭeb
isṭebṭuben	isṭevṭuven	propagation	sṭebṭeb
itabaɛ	itavaɛ	liste	
itabaɛen	itavaɛen	liste	
itabeɛ	itaveɛ	propagation	tabeɛ
itabɛen	itavɛen	propagation	tabeɛ
itbaɛ	itvaɛ	liste	
itbeɛ	itveɛ	liste	
itbir	itvir	liste	
itbiren	itviren	liste	
itbiɛ	itviɛ	propagation	tbeɛ
itebɛ	itevɛ	liste	
itebɛen	itevɛen	liste	
ittabaɛ	ittavaɛ	liste	
ittabaɛen	ittavaɛen	liste	
ittbab	ittvav	propagation	bab
ittbaben	ittvaven	propagation	bab
ittban	ittvan	liste	
ittbanen	ittvanen	liste	
ittbarak	ittvarak	liste	
ittbaraken	ittvaraken	propagation	barek
ittbat	ittvat	propagation	bat
ittbaten	ittvaten	propagation	bat
ittbaɛad	ittvaɛad	propagation	baɛed
ittbaɛaden	ittvaɛaden	propagation	baɛed
ittbaḍan	ittvaḍan	propagation	baḍen
ittbaḍanen	ittvaḍanen	propagation	baḍen
ittbeccic	ittveccic	liste	
ittbeccicen	ittveccicen	propagation	becc
ittbedday	ittvedday	liste	
ittbeddil	ittveddil	liste	
ittbeddilen	ittveddilen	propagation	beddel
ittbedren	ittvedren	propagation	ttebder
ittbeggin	ittveggin	liste	
ittbegginen	ittvegginen	propagation	beggen
ittbehbi	ittvehvi	propagation	bbehbi
ittbehbin	ittvehvin	propagation	bbehbi
ittbekkim	ittvekkim	propagation	bekkem
ittbekkimen	ittvekkimen	propagation	bekkem
ittbekkir	ittvekkir	propagation	bekker
ittbekkiren	ittvekkiren	propagation	bekker
ittbelliɛ	ittvelliɛ	propagation	belleɛ
ittbelliɛen	ittvelliɛen	propagation	belleɛ
ittbeqqi	ittveqqi	propagation	beqqi
ittbeqqin	ittveqqin	propagation	beqqi
ittberbir	ittvervir	propagation	bberber
ittberbiren	ittverviren	propagation	bberber
ittberri	ittverri	propagation	berri
ittberrin	ittverrin	propagation	berri
ittberriz	ittverriz	propagation	berrez
ittberrizen	ittverrizen	propagation	berrez
ittberriḥ	ittverriḥ	liste	
ittberriḥen	ittverriḥen	propagation	berreḥ
ittbexxir	ittvexxir	propagation	bexxer
ittbexxiren	ittvexxiren	propagation	bexxer
ittbeɛziq	ittveɛziq	propagation	bbeɛzeq
ittbeɛziqen	ittveɛziqen	propagation	bbeɛzeq
ittbeɛɛid	ittveɛɛid	propagation	beɛɛed
ittbeɛɛiden	ittveɛɛiden	propagation	beɛɛed
ittbeḥḥit	ittveḥḥit	propagation	beḥḥet
ittbeḥḥiten	ittveḥḥiten	propagation	beḥḥet
ittbin	ittvin	liste	
ittbinen	ittvinen	liste	
ittbuddu	ittvuddu	liste	
ittbudduy	ittvudduy	propagation	budd
ittbudduyen	ittvudduyen	propagation	budd
ittbur	ittvur	propagation	bur
ittburen	ittvuren	propagation	bur
ittbuxxu	ittvuxxu	propagation	buxx
ittbuxxun	ittvuxxun	propagation	buxx
ittbuḥruy	ittvuḥruy	propagation	bbuḥru
ittbuḥruyen	ittvuḥruyen	propagation	bbuḥru
ittcab	ittcav	propagation	cab
ittcaben	ittcaven	propagation	cab
ittcabi	ittcavi	liste	
ittcabin	ittcavin	propagation	cabi
ittcebbik	ittcevvik	propagation	cbek
ittcebbiken	ittcevviken	propagation	cbek
ittcebbiḥ	ittcevviḥ	propagation	cebbeḥ
ittcebbiḥen	ittcevviḥen	propagation	cebbeḥ
ittceggib	ittceggiv	propagation	ceggeb
ittceggiben	ittceggiven	propagation	ceggeb
ittcekkib	ittcekkiv	propagation	cekkeb
ittcekkiben	ittcekkiven	propagation	cekkeb
ittcelbiḍ	ittcelviḍ	propagation	ccelbeḍ
ittcelbiḍen	ittcelviḍen	propagation	ccelbeḍ
ittceyyib	ittceyyiv	propagation	ceyyeb
ittceyyiben	ittceyyiven	propagation	ceyyeb
ittcib	ittciv	propagation	cib
ittciben	ittciven	propagation	cib
ittdebdib	ittdevdiv	propagation	ddebdeb
ittdebdiben	ittdevdiven	propagation	ddebdeb
ittdub	ittduv	propagation	dub
ittduben	ittduven	propagation	dub
ittebdaden	ittevdaden	liste	
ittebdal	ittevdal	propagation	bdel
ittebdalen	ittevdalen	propagation	bdel
ittebdar	ittevdar	propagation	bder
ittebdaren	ittevdaren	propagation	bder
ittebder	ittevder	propagation	ttebder
ittebhi	ittevhi	propagation	bhi
ittebhin	ittevhin	propagation	bhi
itteblaɛ	ittevlaɛ	propagation	bleɛ
itteblaɛen	ittevlaɛen	propagation	bleɛ
ittebrak	ittevrak	propagation	brek
ittebraken	ittevraken	propagation	brek
ittebraq	ittevraq	propagation	breq
ittebraqen	ittevraqen	propagation	breq
ittebray	ittevray	propagation	bri
ittebrayen	ittevrayen	propagation	bri
ittebraz	ittevraz	propagation	brez
ittebrazen	ittevrazen	propagation	brez
ittebririḥ	ittevririḥ	propagation	brireḥ
ittebririḥen	ittevririḥen	propagation	brireḥ
ittebruqul	ittevruqul	propagation	bruqel
ittebruqulen	ittevruqulen	propagation	bruqel
ittebruzzuɛ	ittevruzzuɛ	propagation	bruzzeɛ
ittebruzzuɛen	ittevruzzuɛen	propagation	bruzzeɛ
ittebɛad	ittevɛad	propagation	bɛed
ittebɛaden	ittevɛaden	propagation	bɛed
ittebɛat	ittevɛat	propagation	bɛet
ittebɛaten	ittevɛaten	propagation	bɛet
ittebɛuẓẓul	ittevɛuẓẓul	propagation	bɛuẓẓel
ittebɛuẓẓulen	ittevɛuẓẓulen	propagation	bɛuẓẓel
ittebḥat	ittevḥat	propagation	bḥet
ittebḥaten	ittevḥaten	propagation	bḥet
ittebṭal	ittevṭal	propagation	bṭel
ittebṭalen	ittevṭalen	propagation	bṭel
ittecbaḥ	ittecvaḥ	propagation	cbeḥ
ittecbaḥen	ittecvaḥen	propagation	cbeḥ
ittedbaɣ	ittedvaɣ	propagation	dbeɣ
ittedbaɣen	ittedvaɣen	propagation	dbeɣ
ittedhab	ittedhav	propagation	dheb
ittedhaben	ittedhaven	propagation	dheb
ittednab	ittednav	propagation	dneb
ittednaben	ittednaven	propagation	dneb
ittegririb	ittegririv	propagation	grireb
ittegririben	ittegririven	propagation	grireb
ittehbaj	ittehvaj	propagation	hbej
ittehbajen	ittehvajen	propagation	hbej
ittejbad	ittejvad	propagation	jbed
ittejbaden	ittejvaden	propagation	jbed
ittekbal	ittekval	propagation	kbel
ittekbalen	ittekvalen	propagation	kbel
ittekbar	ittekvar	propagation	kber
ittekbaren	ittekvaren	propagation	kber
itteksab	itteksav	propagation	kseb
itteksaben	itteksaven	propagation	kseb
ittelbubuɣ	ittelvuvuɣ	propagation	lbubeɣ
ittelbubuɣen	ittelvuvuɣen	propagation	lbubeɣ
ittelɛab	ittelɛav	propagation	lɛeb
ittelɛaben	ittelɛaven	propagation	lɛeb
ittembaddal	ittemvaddal	propagation	mbaddal
ittembaddalen	ittemvaddalen	propagation	mbaddal
ittemberraz	ittemverraz	propagation	mberraz
ittemberrazen	ittemverrazen	propagation	mberraz
ittemcabi	ittemcavi	propagation	mcabi
ittemcabin	ittemcavin	propagation	mcabi
ittemjellab	ittemjellav	propagation	mjellab
ittemjellaben	ittemjellaven	propagation	mjellab
ittemnasab	ittemnasav	propagation	mnasab
ittemnasaben	ittemnasaven	propagation	mnasab
ittemqabal	ittemqaval	propagation	mqabal
ittemqabalen	ittemqavalen	propagation	mqabal
ittemqarab	ittemqarav	propagation	mqarab
ittemqaraben	ittemqaraven	propagation	mqarab
ittemseblaɛ	ittemsevlaɛ	propagation	mseblaɛ
ittemseblaɛen	ittemsevlaɛen	propagation	mseblaɛ
ittemseblu	ittemsevlu	propagation	mseblu
ittemseblun	ittemsevlun	propagation	mseblu
ittemsebru	ittemsevru	propagation	msebru
ittemsebrun	ittemsevrun	propagation	msebru
ittemsebɣu	ittemsevɣu	propagation	msebɣu
ittemsebɣun	ittemsevɣun	propagation	msebɣu
ittemsebḍay	ittemsevḍay	propagation	msebḍu
ittemsebḍayen	ittemsevḍayen	propagation	msebḍu
ittemsetbaɛ	ittemsetvaɛ	propagation	msetbaɛ
ittemsetbaɛen	ittemsetvaɛen	propagation	msetbaɛ
ittemyebru	ittemyevru	propagation	myebru
ittemyebrun	ittemyevrun	propagation	myebru
ittemyecbak	ittemyecvak	propagation	myecbak
ittemyecbaken	ittemyecvaken	propagation	myecbak
ittemyektab	ittemyektav	propagation	myektab
ittemyektaben	ittemyektaven	propagation	myektab
ittemyenbac	ittemyenvac	propagation	myenbac
ittemyenbacen	ittemyenvacen	propagation	myenbac
ittemḥabab	ittemḥavav	liste	
ittemḥababen	ittemḥavaven	propagation	mḥabab
ittemḥasab	ittemḥasav	propagation	mḥasab
ittemḥasaben	ittemḥasaven	propagation	mḥasab
ittenbar	ittenvar	propagation	nber
ittenbaren	ittenvaren	propagation	nber
ittenqab	ittenqav	propagation	nqeb
ittenqaben	ittenqaven	propagation	nqeb
ittenɛettab	ittenɛettav	propagation	nɛettab
ittenɛettaben	ittenɛettaven	propagation	nɛettab
itteqlab	itteqlav	propagation	qleb
itteqlaben	itteqlaven	propagation	qleb
itteqrab	itteqrav	propagation	qreb
itteqraben	itteqraven	propagation	qreb
itterbaḥ	ittervaḥ	propagation	rbeḥ
itterbaḥen	ittervaḥen	propagation	rbeḥ
itterḍab	itterḍav	propagation	rḍeb
itterḍaben	itterḍaven	propagation	rḍeb
ittexbac	ittexvac	propagation	xbec
ittexbacen	ittexvacen	propagation	xbec
ittexbibiḍ	ittexviviḍ	propagation	xbibeḍ
ittexbibiḍen	ittexviviḍen	propagation	xbibeḍ
ittexḍab	ittexḍav	propagation	xḍeb
ittexḍaben	ittexḍaven	propagation	xḍeb
ittezɣab	ittezɣav	propagation	zɣeb
ittezɣaben	ittezɣaven	propagation	zɣeb
itteɛǧab	itteɛǧav	propagation	ɛǧeb
itteɛǧaben	itteɛǧaven	liste	
itteɣlab	itteɣlav	propagation	ɣleb
itteɣlaben	itteɣlaven	propagation	ɣleb
itteḍlab	itteḍlav	propagation	ḍleb
itteḍlaben	itteḍlaven	propagation	ḍleb
itteḥbas	itteḥvas	propagation	ḥbes
itteḥbasen	itteḥvasen	propagation	ḥbes
itteḥsab	itteḥsav	propagation	ḥseb
itteḥsaben	itteḥsaven	propagation	ḥseb
itteṣbar	itteṣvar	propagation	ṣber
itteṣbaren	itteṣvaren	propagation	ṣber
itthabi	itthavi	propagation	habi
itthabin	itthavin	propagation	habi
ittibnin	ittivnin	propagation	ibnin
ittibninen	ittivninen	propagation	ibnin
ittibrik	ittivrik	propagation	ibrik
ittibriken	ittivriken	propagation	ibrik
ittibɛid	ittivɛid	propagation	ibɛid
ittibɛiden	ittivɛiden	propagation	ibɛid
ittiqrib	ittiqriv	propagation	iqrib
ittiqriben	ittiqriven	propagation	iqrib
ittiεǧib	ittiεǧiv	liste	
ittjabay	ittjavay	propagation	jab
ittjabayen	ittjavayen	propagation	jab
ittjanab	ittjanav	propagation	janeb
ittjanaben	ittjanaven	propagation	janeb
ittjawab	ittjawav	propagation	jaweb
ittjawaben	ittjawaven	propagation	jaweb
ittjebbid	ittjevvid	propagation	jebbed
ittjebbiden	ittjevviden	propagation	jebbed
ittjellib	ittjelliv	liste	
ittjerrib	ittjerriv	propagation	jerreb
ittjerriben	ittjerriven	propagation	jerreb
ittlaqab	ittlaqav	liste	
ittlaqaben	ittlaqaven	propagation	laqeb
ittmecberriq	ittmecverriq	liste	
ittmecberriqen	ittmecverriqen	propagation	mmecberreq
ittmuɣbun	ittmuɣvun	propagation	mmuɣben
ittmuɣbunen	ittmuɣvunen	propagation	mmuɣben
ittnabi	ittnavi	propagation	nabi
ittnabin	ittnavin	propagation	nabi
ittnasab	ittnasav	propagation	naseb
ittnasaben	ittnasaven	propagation	naseb
ittnejbad	ittnejvad	liste	
ittnejbaden	ittnejvaden	propagation	nnejbad
ittneqlab	ittneqlav	liste	
ittneqlaben	ittneqlaven	propagation	nneqlab
ittneḥsab	ittneḥsav	propagation	nneḥsab
ittneḥsaben	ittneḥsaven	liste	
ittqabal	ittqaval	liste	
ittqabalen	ittqavalen	propagation	qabel
ittqabaḥ	ittqavaḥ	propagation	qabeḥ
ittqabaḥen	ittqavaḥen	propagation	qabeḥ
ittqebbil	ittqevvil	propagation	qebbel
ittqebbilen	ittqevvilen	propagation	qebbel
ittqebqib	ittqevqiv	propagation	qqebqeb
ittqebqiben	ittqevqiven	propagation	qqebqeb
ittqellib	ittqelliv	liste	
ittqelliben	ittqelliven	liste	
ittqerrib	ittqerriv	liste	
ittqerriben	ittqerriven	liste	
ittqezzib	ittqezziv	propagation	qezzeb
ittqezziben	ittqezziven	liste	
ittrab	ittrav	propagation	rab
ittraben	ittraven	propagation	rab
ittrekkib	ittrekkiv	propagation	rekkeb
ittrekkiben	ittrekkiven	propagation	rekkeb
ittsab	ittsav	propagation	sab
ittsaben	ittsaven	propagation	sab
ittsib	ittsiv	propagation	sib
ittsiben	ittsiven	propagation	sib
ittub	ittuv	propagation	tub
ittubarak	ittuvarak	propagation	ttubarek
ittubaraken	ittuvaraken	propagation	ttubarek
ittubarek	ittuvarek	liste	
ittubarken	ittuvarken	propagation	ttubarek
ittubeddal	ittuveddal	propagation	ttubeddel
ittubeddalen	ittuveddalen	propagation	ttubeddel
ittubeddel	ittuveddel	propagation	ttubeddel
ittubeddlen	ittuveddlen	propagation	ttubeddel
ittuben	ittuven	propagation	tub
ittuneḥsab	ittuneḥsav	propagation	ttuneḥseb
ittuneḥsaben	ittuneḥsaven	propagation	ttuneḥseb
ittuneḥseb	ittuneḥsev	propagation	ttuneḥseb
ittunḥesben	ittunḥesven	propagation	ttuneḥseb
ittusbaɣ	ittusvaɣ	propagation	ttusbeɣ
ittusbaɣen	ittusvaɣen	propagation	ttusbeɣ
ittusbeɣ	ittusveɣ	liste	
ittusebɣen	ittusevɣen	propagation	ttusbeɣ
ittuɛaqab	ittuɛaqav	propagation	ttuɛaqeb
ittuɛaqaben	ittuɛaqaven	propagation	ttuɛaqeb
ittuɛaqben	ittuɛaqven	propagation	ttuɛaqeb
ittuɛaqeb	ittuɛaqev	liste	
ittuɛeggeb	ittuɛeggev	liste	
ittuɣellben	ittuɣellven	liste	
ittuḥasab	ittuḥasav	propagation	ttuḥaseb
ittuḥasaben	ittuḥasaven	propagation	ttuḥaseb
ittuḥasben	ittuḥasven	propagation	ttuḥaseb
ittuḥaseb	ittuḥasev	propagation	ttuḥaseb
ittwabdar	ittwavdar	propagation	ttwabder
ittwabdaren	ittwavdaren	propagation	ttwabder
ittwabder	ittwavder	liste	
ittwabeddel	ittwaveddel	propagation	ttwibeddel
ittwabeddlen	ittwaveddlen	propagation	ttwibeddel
ittwabedren	ittwavedren	liste	
ittwabeṭlen	ittwaveṭlen	propagation	ttwibṭel
ittwabḍa	ittwavḍa	propagation	ttwabḍu
ittwabḍan	ittwavḍan	propagation	ttwabḍu
ittwabḍay	ittwavḍay	propagation	ttwabḍu
ittwabḍayen	ittwavḍayen	propagation	ttwabḍu
ittwabḍu	ittwavḍu	propagation	ttwabḍu
ittwabḍun	ittwavḍun	propagation	ttwabḍu
ittwabṭal	ittwavṭal	propagation	ttwabṭel
ittwabṭalen	ittwavṭalen	propagation	ttwabṭel
ittwabṭel	ittwavṭel	propagation	ttwibṭel
ittwajbad	ittwajvad	propagation	ttwijbed
ittwajbaden	ittwajvaden	propagation	ttwijbed
ittwajbed	ittwajved	propagation	ttwijbed
ittwajebden	ittwajevden	propagation	ttwijbed
ittwaketben	ittwaketven	propagation	ttwikteb
ittwaktab	ittwaktav	propagation	ttwikteb
ittwaktaben	ittwaktaven	propagation	ttwikteb
ittwakteb	ittwaktev	liste	
ittwaqbal	ittwaqval	liste	
ittwaqbalen	ittwaqvalen	propagation	ttwaqbel
ittwaqbel	ittwaqvel	propagation	ttwaqbel
ittwaqeblen	ittwaqevlen	propagation	ttwaqbel
ittwarab	ittwarav	propagation	wareb
ittwaraben	ittwaraven	propagation	wareb
ittwasbaɣ	ittwasvaɣ	propagation	ttwisbeɣ
ittwasbaɣen	ittwasvaɣen	propagation	ttwisbeɣ
ittwasbeɣ	ittwasveɣ	propagation	ttwisbeɣ
ittwasebɣen	ittwasevɣen	propagation	ttwisbeɣ
ittwaxeḍben	ittwaxeḍven	propagation	ttwixḍeb
ittwaxḍab	ittwaxḍav	propagation	ttwixḍeb
ittwaxḍaben	ittwaxḍaven	propagation	ttwixḍeb
ittwaxḍeb	ittwaxḍev	propagation	ttwixḍeb
ittwaɣba	ittwaɣva	propagation	ttwaɣbu
ittwaɣban	ittwaɣvan	propagation	ttwaɣbu
ittwaɣbay	ittwaɣvay	propagation	ttwaɣbu
ittwaɣbayen	ittwaɣvayen	propagation	ttwaɣbu
ittwaɣbu	ittwaɣvu	propagation	ttwaɣbu
ittwaɣbun	ittwaɣvun	propagation	ttwaɣbu
ittwaɣelben	ittwaɣelven	propagation	ttwaɣleb
ittwaɣlab	ittwaɣlav	propagation	ttwaɣleb
ittwaɣlaben	ittwaɣlaven	propagation	ttwaɣleb
ittwaɣleb	ittwaɣlev	propagation	ttwaɣleb
ittwaḥbas	ittwaḥvas	propagation	ttwiḥbes
ittwaḥbasen	ittwaḥvasen	propagation	ttwiḥbes
ittwaḥbes	ittwaḥves	propagation	ttwiḥbes
ittwaḥebsen	ittwaḥevsen	propagation	ttwiḥbes
ittwaḥesben	ittwaḥesven	propagation	ttwiḥseb
ittwaḥsab	ittwaḥsav	liste	
ittwaḥsaben	ittwaḥsaven	propagation	ttwiḥseb
ittwaḥseb	ittwaḥsev	liste	
ittwaṣellben	ittwaṣellven	liste	
ittwaṣelleb	ittwaṣellev	liste	
ittweddib	ittweddiv	propagation	weddeb
ittweddiben	ittweddiven	propagation	weddeb
ittwibeddel	ittwiveddel	propagation	ttwibeddel
ittwibeddlen	ittwiveddlen	propagation	ttwibeddel
ittwibeṭlen	ittwiveṭlen	propagation	ttwibṭel
ittwibṭel	ittwivṭel	propagation	ttwibṭel
ittwibṭil	ittwivṭil	propagation	ttwibṭel
ittwibṭilen	ittwivṭilen	propagation	ttwibṭel
ittwijbed	ittwijved	propagation	ttwijbed
ittwijebden	ittwijevden	propagation	ttwijbed
ittwiketben	ittwiketven	propagation	ttwikteb
ittwikteb	ittwiktev	propagation	ttwikteb
ittwisbeɣ	ittwisveɣ	propagation	ttwisbeɣ
ittwisebɣen	ittwisevɣen	propagation	ttwisbeɣ
ittwixeḍben	ittwixeḍven	propagation	ttwixḍeb
ittwixḍeb	ittwixḍev	propagation	ttwixḍeb
ittwiḥbes	ittwiḥves	propagation	ttwiḥbes
ittwiḥebsen	ittwiḥevsen	propagation	ttwiḥbes
ittwiḥesben	ittwiḥesven	propagation	ttwiḥseb
ittwiḥseb	ittwiḥsev	propagation	ttwiḥseb
ittxab	ittxav	propagation	xab
ittxaben	ittxaven	propagation	xab
ittǧellib	ittǧelliv	propagation	ǧelleb
ittǧelliben	ittǧelliven	propagation	ǧelleb
ittɛaqab	ittɛaqav	liste	
ittɛaqaben	ittɛaqaven	liste	
ittɛebbid	ittɛevvid	propagation	ɛebbed
ittɛebbiden	ittɛevviden	propagation	ɛebbed
ittɛeggib	ittɛeggiv	propagation	ɛeggeb
ittɛeggiben	ittɛeggiven	propagation	ɛeggeb
ittɛettib	ittɛettiv	propagation	ɛetteb
ittɛettiben	ittɛettiven	propagation	ɛetteb
ittɛeyyib	ittɛeyyiv	propagation	ɛeyyeb
ittɛeyyiben	ittɛeyyiven	propagation	ɛeyyeb
ittɛib	ittɛiv	propagation	ɛib
ittɛiben	ittɛiven	propagation	ɛib
ittɣab	ittɣav	propagation	ɣab
ittɣaben	ittɣaven	propagation	ɣab
ittɣib	ittɣiv	propagation	ɣib
ittɣiben	ittɣiven	propagation	ɣib
ittḥalab	ittḥalav	liste	
ittḥarab	ittḥarav	liste	
ittḥaraben	ittḥaraven	propagation	ḥareb
ittḥasab	ittḥasav	liste	
ittḥasaben	ittḥasaven	propagation	ḥaseb
ittḥebbis	ittḥevvis	propagation	ḥebbes
ittḥebbisen	ittḥevvisen	propagation	ḥebbes
ittḥezzib	ittḥezziv	liste	
ittḥezziben	ittḥezziven	propagation	ḥezzeb
ittṣaba	ittṣava	propagation	ṣab
ittṣaban	ittṣavan	propagation	ṣab
ittṣellib	ittṣelliv	propagation	ṣelleb
ittṣelliben	ittṣelliven	propagation	ṣelleb
ittṣewwib	ittṣewwiv	propagation	ṣewweb
ittṣewwiben	ittṣewwiven	propagation	ṣewweb
ittṣubu	ittṣuvu	liste	
ittẓerrib	ittẓerriv	propagation	ẓerreb
ittẓerriben	ittẓerriven	propagation	ẓerreb
itub	ituv	liste	
ituben	ituven	propagation	tub
itubeɛ	ituveɛ	liste	
itubɛen	ituvɛen	propagation	tabeɛ
itɛeǧǧben	itɛeǧǧven	propagation	tɛeǧǧeb
itɛeǧǧeb	itɛeǧǧev	propagation	tɛeǧǧeb
itɛeǧǧib	itɛeǧǧiv	propagation	tɛeǧǧeb
itɛeǧǧiben	itɛeǧǧiven	propagation	tɛeǧǧeb
iwarben	iwarven	propagation	wareb
iwareb	iwarev	propagation	wareb
iweddben	iweddven	propagation	weddeb
iweddeb	iweddev	propagation	weddeb
iweǧben	iweǧven	propagation	wǧeb
iweǧǧben	iweǧǧven	propagation	wǧeb
iweǧǧeb	iweǧǧev	propagation	wǧeb
iwurben	iwurven	propagation	wareb
iwureb	iwurev	propagation	wareb
iwǧeb	iwǧev	propagation	wǧeb
iwǧib	iwǧiv	propagation	wǧeb
ixab	ixav	propagation	xab
ixaben	ixaven	propagation	xab
ixbabeḍ	ixvaveḍ	propagation	xbibeḍ
ixbabḍen	ixvavḍen	propagation	xbibeḍ
ixbaṛǧiyen	ixvaṛǧiyen	liste	
ixbec	ixvec	liste	
ixbibeḍ	ixviveḍ	propagation	xbibeḍ
ixbibḍen	ixvivḍen	propagation	xbibeḍ
ixbic	ixvic	propagation	xbec
ixebcen	ixevcen	liste	
ixeber	ixever	liste	
ixennaben	ixennaven	liste	
ixerban	ixervan	liste	
ixerben	ixerven	propagation	xreb
ixerrben	ixerrven	propagation	xreb
ixerreb	ixerrev	propagation	xreb
ixeyyeb	ixeyyev	liste	
ixeḍben	ixeḍven	liste	
ixeṛban	ixeṛvan	liste	
ixeṛben	ixeṛven	liste	
ixeṭṭeb	ixeṭṭev	liste	
ixreb	ixrev	liste	
ixrib	ixriv	propagation	xreb
ixḍeb	ixḍev	liste	
ixḍib	ixḍiv	propagation	xḍeb
ixṛeb	ixṛev	liste	
izbel	izvel	propagation	zbel
izbil	izvil	propagation	zbel
izebbel	izevvel	propagation	zbel
izebblen	izevvlen	propagation	zbel
izebgan	izevgan	liste	
izeblen	izevlen	propagation	zbel
izeggeb	izeggev	liste	
izerben	izerven	propagation	zreb
izerrben	izerrven	liste	
izerreb	izerrev	liste	
izeɣben	izeɣven	propagation	zɣeb
izreb	izrev	propagation	zreb
izrib	izriv	propagation	zreb
izubaq	izuvaq	liste	
izɣeb	izɣev	propagation	zɣeb
izɣib	izɣiv	propagation	zɣeb
ičibib	ičiviv	liste	
iğaweb	iğawev	liste	
iǧellben	iǧellven	propagation	ǧelleb
iǧelleb	iǧellev	liste	
iɛab	iɛav	propagation	ɛib
iɛaben	iɛaven	propagation	ɛib
iɛaqben	iɛaqven	propagation	ɛaqeb
iɛaqeb	iɛaqev	liste	
iɛba	iɛva	propagation	ɛbu
iɛban	iɛvan	propagation	ɛbu
iɛbaṛen	iɛvaṛen	liste	
iɛbed	iɛved	liste	
iɛbi	iɛvi	propagation	ɛbu
iɛbid	iɛvid	propagation	ɛbed
iɛbu	iɛvu	propagation	ɛbu
iɛbun	iɛvun	propagation	ɛbu
iɛebbden	iɛevvden	propagation	ɛebbed
iɛebbed	iɛevved	liste	
iɛebbu	iɛevvu	propagation	ɛbu
iɛebbun	iɛevvun	propagation	ɛbu
iɛebden	iɛevden	liste	
iɛegben	iɛegven	liste	
iɛeggben	iɛeggven	liste	
iɛeggeb	iɛeggev	propagation	ɛeggeb
iɛejben	iɛejven	liste	
iɛejjeb	iɛejjev	liste	
iɛerbawalen	iɛervawalen	liste	
iɛerbuben	iɛervuven	liste	
iɛetben	iɛetven	liste	
iɛettben	iɛettven	liste	
iɛetteb	iɛettev	liste	
iɛeyyben	iɛeyyven	propagation	ɛeyyeb
iɛeyyeb	iɛeyyev	propagation	ɛeyyeb
iɛeǧb	iɛeǧv	liste	
iɛeǧben	iɛeǧven	liste	
iɛeǧeb	iɛeǧev	liste	
iɛeǧǧben	iɛeǧǧven	liste	
iɛeǧǧeb	iɛeǧǧev	liste	
iɛeṛbuben	iɛeṛvuven	liste	
iɛeṛquben	iɛeṛquven	liste	
iɛib	iɛiv	propagation	ɛib
iɛibanen	iɛivanen	liste	
iɛiben	iɛiven	propagation	ɛib
iɛjeb	iɛjev	liste	
iɛraben	iɛraven	liste	
iɛteb	iɛtev	propagation	ɛteb
iɛtib	iɛtiv	propagation	ɛteb
iɛuqben	iɛuqven	propagation	ɛaqeb
iɛuqeb	iɛuqev	liste	
iɛǧeb	iɛǧev	liste	
iɛǧebiyi	iɛǧeviyi	liste	
iɛǧib	iɛǧiv	liste	
iɛṛaben	iɛṛaven	liste	
iɣab	iɣav	liste	
iɣaben	iɣaven	liste	
iɣba	iɣva	propagation	ɣbu
iɣban	iɣvan	propagation	ɣbu
iɣbi	iɣvi	propagation	ɣbu
iɣbu	iɣvu	propagation	ɣbu
iɣbula	iɣvula	liste	
iɣbun	iɣvun	propagation	ɣbu
iɣebbu	iɣevvu	propagation	ɣbu
iɣebbun	iɣevvun	propagation	ɣbu
iɣeblan	iɣevlan	liste	
iɣelben	iɣelven	liste	
iɣerban	iɣervan	liste	
iɣerbaz	iɣervaz	liste	
iɣerbazen	iɣervazen	liste	
iɣeṣben	iɣeṣven	propagation	ɣṣeb
iɣeṣṣben	iɣeṣṣven	propagation	ɣṣeb
iɣeṣṣeb	iɣeṣṣev	liste	
iɣib	iɣiv	propagation	ɣib
iɣiben	iɣiven	propagation	ɣib
iɣleb	iɣlev	liste	
iɣlib	iɣliv	propagation	ɣleb
iɣublan	iɣuvlan	liste	
iɣunab	iɣunav	liste	
iɣurbizen	iɣurvizen	liste	
iɣṛaben	iɣṛaven	liste	
iɣṛiben	iɣṛiven	liste	
iɣṣeb	iɣṣev	propagation	ɣṣeb
iɣṣib	iɣṣiv	propagation	ɣṣeb
iεbed	iεved	liste	
iεeggben	iεeggven	liste	
iεeggeb	iεeggev	liste	
iεejeb	iεejev	liste	
iεeǧben	iεeǧven	liste	
iεeǧǧeb	iεeǧǧev	liste	
iεgeb	iεgev	liste	
iεǧeb	iεǧev	liste	
iεǧib	iεǧiv	liste	
iḍalben	iḍalven	propagation	ḍaleb
iḍaleb	iḍalev	propagation	ḍaleb
iḍbeɛ	iḍveɛ	liste	
iḍbiɛ	iḍviɛ	propagation	ḍbeɛ
iḍeber	iḍever	liste	
iḍebren	iḍevren	liste	
iḍebsiyen	iḍevsiyen	liste	
iḍebɛen	iḍevɛen	propagation	ḍbeɛ
iḍebṣiyen	iḍevṣiyen	liste	
iḍelben	iḍelven	propagation	ḍleb
iḍleb	iḍlev	liste	
iḍlib	iḍliv	propagation	ḍleb
iḍulben	iḍulven	propagation	ḍaleb
iḍuleb	iḍulev	propagation	ḍaleb
iḥarben	iḥarven	propagation	ḥareb
iḥareb	iḥarev	liste	
iḥasben	iḥasven	liste	
iḥaseb	iḥasev	liste	
iḥbes	iḥves	liste	
iḥbiben	iḥviven	liste	
iḥbis	iḥvis	propagation	ḥbes
iḥbuben	iḥvuven	liste	
iḥebbes	iḥevves	propagation	ḥebbes
iḥebbsen	iḥevvsen	liste	
iḥebraracen	iḥevraracen	liste	
iḥebraruc	iḥevraruc	liste	
iḥebsen	iḥevsen	liste	
iḥebu	iḥevu	liste	
iḥember	iḥemver	liste	
iḥesb	iḥesv	liste	
iḥesben	iḥesven	liste	
iḥessben	iḥessven	liste	
iḥesseb	iḥessev	liste	
iḥettben	iḥettven	liste	
iḥezzben	iḥezzven	propagation	ḥezzeb
iḥezzeb	iḥezzev	propagation	ḥezzeb
iḥeǧben	iḥeǧven	propagation	ḥǧeb
iḥeǧǧben	iḥeǧǧven	propagation	ḥǧeb
iḥeǧǧeb	iḥeǧǧev	propagation	ḥǧeb
iḥseb	iḥsev	liste	
iḥsib	iḥsiv	liste	
iḥurben	iḥurven	propagation	ḥareb
iḥureb	iḥurev	propagation	ḥareb
iḥusben	iḥusven	propagation	ḥaseb
iḥuseb	iḥusev	liste	
iḥǧeb	iḥǧev	liste	
iḥǧib	iḥǧiv	propagation	ḥǧeb
iṛabeɛ	iṛaveɛ	liste	
iṣab	iṣav	propagation	ṣab
iṣaben	iṣaven	liste	
iṣber	iṣver	liste	
iṣbeḥ	iṣveḥ	liste	
iṣbir	iṣvir	propagation	ṣber
iṣbiḥ	iṣviḥ	propagation	ṣbeḥ
iṣebbeḥ	iṣevveḥ	propagation	ṣbeḥ
iṣebbḥen	iṣevvḥen	propagation	ṣbeḥ
iṣeber	iṣever	liste	
iṣebren	iṣevren	liste	
iṣebḥen	iṣevḥen	propagation	ṣbeḥ
iṣebṛen	iṣevṛen	liste	
iṣelben	iṣelven	propagation	ṣleb
iṣelbuεen	iṣelvuεen	liste	
iṣellben	iṣellven	propagation	ṣelleb
iṣelleb	iṣellev	propagation	ṣelleb
iṣewben	iṣewven	propagation	ṣweb
iṣewwben	iṣewwven	propagation	ṣweb
iṣewweb	iṣewwev	liste	
iṣeɛben	iṣeɛven	liste	
iṣeɛɛben	iṣeɛɛven	propagation	ṣɛeb
iṣeɛɛeb	iṣeɛɛev	propagation	ṣɛeb
iṣleb	iṣlev	propagation	ṣleb
iṣlib	iṣliv	propagation	ṣleb
iṣubyitanen	iṣuvyitanen	liste	
iṣweb	iṣwev	liste	
iṣwib	iṣwiv	propagation	ṣweb
iṣɛeb	iṣɛev	liste	
iṣɛib	iṣɛiv	propagation	ṣɛeb
iṣṣerbak	iṣṣervak	propagation	ṣṣerbek
iṣṣerbaken	iṣṣervaken	propagation	ṣṣerbek
iṣṣerbek	iṣṣervek	propagation	ṣṣerbek
iṣṣrebken	iṣṣrevken	propagation	ṣṣerbek
iṭabuten	iṭavuten	liste	
iṭerbiben	iṭerviven	liste	
iṭerbuqen	iṭervuqen	liste	
iṭeyyben	iṭeyyven	propagation	ṭeyyeb
iṭeyyeb	iṭeyyev	propagation	ṭeyyeb
iṭṭabaɛ	iṭṭavaɛ	propagation	ḍbeɛ
iṭṭabaɛen	iṭṭavaɛen	propagation	ḍbeɛ
iṭṭalab	iṭṭalav	propagation	ḍaleb
iṭṭalaben	iṭṭalaven	liste	
iṭṭbeṭben	iṭṭveṭven	propagation	ṭṭebṭeb
iṭṭebṭeb	iṭṭevṭev	propagation	ṭṭebṭeb
iṭṭebṭib	iṭṭevṭiv	propagation	ṭṭebṭeb
iṭṭebṭiben	iṭṭevṭiven	propagation	ṭṭebṭeb
iṭṭeyyib	iṭṭeyyiv	propagation	ṭeyyeb
iṭṭeyyiben	iṭṭeyyiven	propagation	ṭeyyeb
iẓber	iẓver	propagation	ẓber
iẓbir	iẓvir	propagation	ẓber
iẓebber	iẓevver	propagation	ẓber
iẓebbren	iẓevvren	propagation	ẓber
iẓeber	iẓever	liste	
iẓebren	iẓevren	propagation	ẓber
iẓerrben	iẓerrven	propagation	ẓerreb
iẓerreb	iẓerrev	propagation	ẓerreb
jab	jav	propagation	jab
jabel	javel	liste	
jabemt	javemt	propagation	jab
jaben	javen	propagation	jab
jabent	javent	propagation	jab
jabet	javet	propagation	jab
jabeɣ	javeɣ	propagation	jab
jabil	javil	liste	
janbemt	janvemt	propagation	janeb
janben	janven	propagation	janeb
janbent	janvent	propagation	janeb
janbet	janvet	propagation	janeb
janbeɣ	janveɣ	propagation	janeb
janeb	janev	liste	
jawbemt	jawvemt	propagation	jaweb
jawben	jawven	propagation	jaweb
jawbent	jawvent	propagation	jaweb
jawbet	jawvet	propagation	jaweb
jawbeɣ	jawveɣ	propagation	jaweb
jaweb	jawev	propagation	jaweb
jban	jvan	liste	
jbant	jvant	liste	
jbed	jved	liste	
jbeṛ	jveṛ	liste	
jbid	jvid	liste	
jbiden	jviden	liste	
jbident	jvident	propagation	jbed
jbideɣ	jvideɣ	propagation	jbed
jbin	jvin	propagation	jbu
jbint	jvint	propagation	jbu
jbiɣ	jviɣ	propagation	jbu
jbu	jvu	liste	
jbumt	jvumt	propagation	jbu
jbun	jvun	propagation	jbu
jbunt	jvunt	propagation	jbu
jbut	jvut	liste	
jbuɣ	jvuɣ	propagation	jbu
jdeb	jdev	liste	
jdiben	jdiven	propagation	jdeb
jdibent	jdivent	propagation	jdeb
jdibeɣ	jdiveɣ	propagation	jdeb
jebbdemt	jevvdemt	propagation	jebbed
jebbden	jevvden	propagation	jebbed
jebbdent	jevvdent	propagation	jebbed
jebbdet	jevvdet	propagation	jebbed
jebbdeɣ	jevvdeɣ	liste	
jebbed	jevved	propagation	jebbed
jebbu	jevvu	propagation	jbu
jebbumt	jevvumt	propagation	jbu
jebbun	jevvun	propagation	jbu
jebbunt	jevvunt	propagation	jbu
jebbut	jevvut	propagation	jbu
jebbuɣ	jevvuɣ	propagation	jbu
jebdem	jevdem	liste	
jebdemt	jevdemt	liste	
jebden	jevden	liste	
jebdent	jevdent	liste	
jebdet	jevdet	liste	
jebdeɣ	jevdeɣ	liste	
jedbemt	jedvemt	propagation	jdeb
jedben	jedven	propagation	jdeb
jedbent	jedvent	propagation	jdeb
jedbet	jedvet	propagation	jdeb
jedbeɣ	jedveɣ	propagation	jdeb
jeddbemt	jeddvemt	propagation	jdeb
jeddben	jeddven	propagation	jdeb
jeddbent	jeddvent	propagation	jdeb
jeddbet	jeddvet	propagation	jdeb
jeddbeɣ	jeddveɣ	propagation	jdeb
jeddeb	jeddev	propagation	jdeb
jellbemt	jellvemt	propagation	jelleb
jellben	jellven	propagation	jelleb
jellbent	jellvent	propagation	jelleb
jellbet	jellvet	propagation	jelleb
jellbeɣ	jellveɣ	propagation	jelleb
jelleb	jellev	liste	
jerbent	jervent	liste	
jerbeɣ	jerveɣ	liste	
jerrbemt	jerrvemt	propagation	jerreb
jerrben	jerrven	propagation	jerreb
jerrbent	jerrvent	propagation	jerreb
jerrbet	jerrvet	propagation	jerreb
jerrbeɣ	jerrveɣ	propagation	jerreb
jerreb	jerrev	propagation	jerreb
jeṛṛben	jeṛṛven	liste	
jeṛṛbeɣ	jeṛṛveɣ	liste	
jeṛṛeb	jeṛṛev	liste	
jeṛṛebeɣ	jeṛṛeveɣ	liste	
jiḥbuḍ	jiḥvuḍ	liste	
jmenba	jmenva	liste	
juban	juvan	propagation	jab
jubant	juvant	propagation	jab
jubaɣ	juvaɣ	propagation	jab
jubdeɣ	juvdeɣ	liste	
junben	junven	propagation	janeb
junbent	junvent	propagation	janeb
junbeɣ	junveɣ	propagation	janeb
juwben	juwven	propagation	jaweb
juwbent	juwvent	propagation	jaweb
juwbeɣ	juwveɣ	propagation	jaweb
kabul	kavul	liste	
kateb	katev	liste	
kbel	kvel	liste	
kben	kven	liste	
kber	kver	liste	
kbilen	kvilen	propagation	kbel
kbilent	kvilent	propagation	kbel
kbileɣ	kvileɣ	propagation	kbel
kbiren	kviren	propagation	kber
kbirent	kvirent	propagation	kber
kbireɣ	kvireɣ	propagation	kber
kbuɣ	kvuɣ	liste	
keblemt	kevlemt	propagation	kbel
keblen	kevlen	propagation	kbel
keblent	kevlent	propagation	kbel
keblet	kevlet	propagation	kbel
kebleɣ	kevleɣ	liste	
kebremt	kevremt	propagation	kber
kebren	kevren	propagation	kber
kebrent	kevrent	propagation	kber
kebret	kevret	propagation	kber
kebreɣ	kevreɣ	propagation	kber
kerbasen	kervasen	liste	
kesbemt	kesvemt	propagation	kseb
kesben	kesven	liste	
kesbent	kesvent	liste	
kesbet	kesvet	propagation	kseb
kesbeɣ	kesveɣ	liste	
ketbemt	ketvemt	propagation	kteb
ketben	ketven	propagation	kteb
ketbent	ketvent	propagation	kteb
ketbet	ketvet	propagation	kteb
ketbeɣ	ketveɣ	liste	
kettbemt	kettvemt	propagation	kteb
kettben	kettven	liste	
kettbent	kettvent	propagation	kteb
kettbet	kettvet	propagation	kteb
kettbeɣ	kettveɣ	liste	
ketteb	kettev	liste	
keɛbemt	keɛvemt	propagation	kɛeb
keɛben	keɛven	propagation	kɛeb
keɛbent	keɛvent	propagation	kɛeb
keɛbet	keɛvet	propagation	kɛeb
keɛbeɣ	keɛveɣ	propagation	kɛeb
keɛɛbemt	keɛɛvemt	propagation	kɛeb
keɛɛben	keɛɛven	propagation	kɛeb
keɛɛbent	keɛɛvent	propagation	kɛeb
keɛɛbet	keɛɛvet	propagation	kɛeb
keɛɛbeɣ	keɛɛveɣ	propagation	kɛeb
keɛɛeb	keɛɛev	propagation	kɛeb
kieb	kiev	liste	
kkeɛbubreɣ	kkeɛvuvreɣ	liste	
kkubrin	kkuvrin	liste	
klabiɣ	klaviɣ	liste	
kseb	ksev	propagation	kseb
ksiben	ksiven	propagation	kseb
ksibent	ksivent	propagation	kseb
ksibeɣ	ksiveɣ	liste	
kteb	ktev	liste	
ktiben	ktiven	propagation	kteb
ktibent	ktivent	propagation	kteb
ktibeɣ	ktiveɣ	propagation	kteb
kurunabirus	kurunavirus	liste	
kuṛunabirus	kuṛunavirus	liste	
kɛeb	kɛev	propagation	kɛeb
kɛiben	kɛiven	propagation	kɛeb
kɛibent	kɛivent	propagation	kɛeb
kɛibeɣ	kɛiveɣ	propagation	kɛeb
laboisier	lavoisier	liste	
labudd	lavudd	liste	
labyu	lavyu	liste	
labyuwat	lavyuwat	liste	
laqbemt	laqvemt	propagation	laqeb
laqben	laqven	propagation	laqeb
laqbent	laqvent	propagation	laqeb
laqbet	laqvet	propagation	laqeb
laqbeɣ	laqveɣ	liste	
laqeb	laqev	propagation	laqeb
larbi	larvi	liste	
larbɛa	larvɛa	liste	
larebɛa	larevɛa	liste	
larebεa	larevεa	liste	
lasḥeb	lasḥev	liste	
laɛquba	laɛquva	liste	
laɛtab	laɛtav	liste	
laɛyub	laɛyuv	liste	
laɛzib	laɛziv	liste	
laɛǧeb	laɛǧev	liste	
laɛǧubat	laɛǧuvat	liste	
laεzib	laεziv	liste	
laεǧeb	laεǧev	liste	
laḥbabla	laḥvavla	liste	
laḥbeq	laḥveq	liste	
laṛebɛa	laṛevɛa	liste	
lbabur	lvavur	liste	
lbaburat	lvavurat	liste	
lbabuṛ	lvavuṛ	liste	
lbacir	lvacir	liste	
lbals	lvals	liste	
lbaqi	lvaqi	liste	
lbaraka	lvaraka	liste	
lbarakat	lvarakat	liste	
lbarud	lvarud	liste	
lbaz	lvaz	liste	
lbaɛd	lvaɛd	liste	
lbaḍna	lvaḍna	liste	
lbaṛaka	lvaṛaka	liste	
lbaṛakat	lvaṛakat	liste	
lbaṛud	lvaṛud	liste	
lbaṭata	lvaṭata	liste	
lbaṭaṭa	lvaṭaṭa	liste	
lbaṭel	lvaṭel	liste	
lbaṭṭel	lvaṭṭel	liste	
lbecna	lvecna	liste	
lbena	lvena	liste	
lbenna	lvenna	liste	
lbennat	lvennat	liste	
lbeq	lveq	liste	
lbeqq	lveqq	liste	
lberhan	lverhan	liste	
lberhanat	lverhanat	liste	
lberka	lverka	liste	
lberkat	lverkat	liste	
lberq	lverq	liste	
lberr	lverr	liste	
lbexsat	lvexsat	liste	
lbext	lvext	liste	
lbexɣa	lvexɣa	liste	
lbexṣa	lvexṣa	liste	
lbexṣat	lvexṣat	liste	
lbeɛd	lveɛd	liste	
lbeεdan	lveεdan	liste	
lbeḍ	lveḍ	propagation	lbeḍ
lbeṛhan	lveṛhan	liste	
lbeṛhanat	lveṛhanat	liste	
lbeṛquq	lveṛquq	liste	
lbeṛṛani	lveṛṛani	liste	
lbir	lvir	liste	
lbiru	lviru	liste	
lbista	lvista	liste	
lbiza	lviza	liste	
lbizan	lvizan	liste	
lbizat	lvizat	liste	
lbiɛ	lviɛ	liste	
lbiḍen	lviḍen	propagation	lbeḍ
lbiḍent	lviḍent	propagation	lbeḍ
lbiḍeɣ	lviḍeɣ	propagation	lbeḍ
lbot	lvot	liste	
lbu	lvu	liste	
lbubeɣ	lvuveɣ	propagation	lbubeɣ
lbubɣemt	lvuvɣemt	propagation	lbubeɣ
lbubɣen	lvuvɣen	propagation	lbubeɣ
lbubɣent	lvuvɣent	propagation	lbubeɣ
lbubɣet	lvuvɣet	propagation	lbubeɣ
lbubɣeɣ	lvuvɣeɣ	propagation	lbubeɣ
lbulis	lvulis	liste	
lbuq	lvuq	liste	
lbur	lvur	liste	
lbus	lvus	liste	
lbusṭa	lvusṭa	liste	
lbuṛ	lvuṛ	liste	
lbuṛj	lvuṛj	liste	
lbuṭ	lvuṭ	liste	
lebbeḍ	levveḍ	propagation	lbeḍ
lebbḍemt	levvḍemt	propagation	lbeḍ
lebbḍen	levvḍen	propagation	lbeḍ
lebbḍent	levvḍent	propagation	lbeḍ
lebbḍet	levvḍet	propagation	lbeḍ
lebbḍeɣ	levvḍeɣ	propagation	lbeḍ
lebda	levda	liste	
lebden	levden	liste	
lebni	levni	liste	
lebniyat	levniyat	liste	
lebraq	levraq	liste	
lebraz	levraz	liste	
lebreq	levreq	liste	
lebruj	levruj	liste	
lebruǧ	levruǧ	liste	
lebseɣ	levseɣ	liste	
lebwaber	levwaver	liste	
lebxel	levxel	liste	
lebxuṛ	levxuṛ	liste	
lebyur	levyur	liste	
lebɛaḍ	levɛaḍ	liste	
lebɛid	levɛid	liste	
lebɣi	levɣi	liste	
lebεed	levεed	liste	
lebḍemt	levḍemt	propagation	lbeḍ
lebḍen	levḍen	propagation	lbeḍ
lebḍent	levḍent	propagation	lbeḍ
lebḍet	levḍet	propagation	lbeḍ
lebḍeɣ	levḍeɣ	propagation	lbeḍ
lebḥar	levḥar	liste	
lebḥer	levḥer	liste	
lebḥeṛ	levḥeṛ	liste	
lebḥeṛmr	levḥeṛmr	liste	
lebḥur	levḥur	liste	
lebḥuṛ	levḥuṛ	liste	
lebṛaq	levṛaq	liste	
lebṛuj	levṛuj	liste	
lebṣel	levṣel	liste	
lehsab	lehsav	liste	
lejba	lejva	liste	
lejwab	lejwav	liste	
lejwabat	lejwavat	liste	
lejyub	lejyuv	liste	
lekben	lekven	liste	
lekber	lekver	liste	
lekdeb	lekdev	liste	
lekdub	lekduv	liste	
lekdubat	lekduvat	liste	
lekteb	lektev	liste	
lektubat	lektuvat	liste	
lembebred	lemvevred	liste	
lenbiya	lenviya	liste	
leqbayel	leqvayel	liste	
leqbaḥa	leqvaḥa	liste	
leqber	leqver	liste	
leqrib	leqriv	liste	
leqwaleb	leqwalev	liste	
leqṛib	leqṛiv	liste	
lerbayeḥ	lervayeḥ	liste	
lerbaḥ	lervaḥ	liste	
lewjab	lewjav	liste	
lexbar	lexvar	liste	
lexbarat	lexvarat	liste	
lexbaṛ	lexvaṛ	liste	
lexber	lexver	liste	
lexbeṛ	lexveṛ	liste	
lexbuḍ	lexvuḍ	liste	
lexḍubegga	lexḍuvegga	liste	
lexḍubeggat	lexḍuveggat	liste	
lexḍubeyya	lexḍuveyya	liste	
lexḍubya	lexḍuvya	liste	
leǧwab	leǧwav	liste	
leǧyub	leǧyuv	liste	
leɛbad	leɛvad	liste	
leɛbemt	leɛvemt	propagation	lɛeb
leɛben	leɛven	propagation	lɛeb
leɛbent	leɛvent	propagation	lɛeb
leɛbet	leɛvet	propagation	lɛeb
leɛbeɣ	leɛveɣ	liste	
leɛjeb	leɛjev	liste	
leɛquba	leɛquva	liste	
leɛtab	leɛtav	liste	
leɛyub	leɛyuv	liste	
leɛzib	leɛziv	liste	
leɛǧayeb	leɛǧayev	liste	
leɛǧeb	leɛǧev	liste	
leɛǧiba	leɛǧiva	liste	
leɛɛeb	leɛɛev	liste	
leɣbar	leɣvar	liste	
leɣbayen	leɣvayen	liste	
leɣbaṛ	leɣvaṛ	liste	
leɣben	leɣven	liste	
leɣber	leɣver	liste	
leɣlab	leɣlav	liste	
leɣseb	leɣsev	liste	
leɣyab	leɣyav	liste	
leɣṣeb	leɣṣev	liste	
leεben	leεven	liste	
leεbeɣ	leεveɣ	liste	
leεbeγ	leεveγ	liste	
leεtab	leεtav	liste	
leεǧeb	leεǧev	liste	
leεεben	leεεven	liste	
leεεbet	leεεvet	liste	
leεεbeɣ	leεεveɣ	liste	
leεεeb	leεεev	liste	
leԑğubat	leԑğuvat	liste	
leḥbab	leḥvav	liste	
leḥbaba	leḥvava	liste	
leḥbabad	leḥvavad	liste	
leḥbabakked	leḥvavakked	liste	
leḥbabbeddeɣ	leḥvavveddeɣ	liste	
leḥbabd	leḥvavd	liste	
leḥbabilha	leḥvavilha	liste	
leḥbabittawi	leḥvavittawi	liste	
leḥbabiw	leḥvaviw	liste	
leḥbabn	leḥvavn	liste	
leḥbabnneɣ	leḥvavnneɣ	liste	
leḥbabtezweǧ	leḥvavtezweǧ	liste	
leḥbabtikkelt	leḥvavtikkelt	liste	
leḥbabyettqeṣṣiṛ	leḥvavyettqeṣṣiṛ	liste	
leḥbak	leḥvak	liste	
leḥbaq	leḥvaq	liste	
leḥbas	leḥvas	liste	
leḥbeq	leḥveq	liste	
leḥbis	leḥvis	liste	
leḥbus	leḥvus	liste	
leḥjab	leḥjav	liste	
leḥsab	leḥsav	liste	
leḥsabat	leḥsavat	liste	
leḥsabik	leḥsavik	liste	
leḥǧab	leḥǧav	liste	
lhebs	lhevs	liste	
lhiba	lhiva	liste	
lhibat	lhivat	liste	
libre	livre	liste	
libreoffice	livreoffice	liste	
libɣi	livɣi	liste	
liqṛib	liqṛiv	liste	
ljib	ljiv	liste	
lkeɛba	lkeɛva	liste	
llebsa	llevsa	liste	
lleɛb	lleɛv	liste	
llqub	llquv	liste	
llubya	lluvya	liste	
llubyan	lluvyan	liste	
llɛeb	llɛev	liste	
lmebred	lmevred	liste	
lmedheb	lmedhev	liste	
lmektub	lmektuv	liste	
lmerɣub	lmerɣuv	liste	
lmesbaḥ	lmesvaḥ	liste	
lmesbeḥ	lmesveḥ	liste	
lmeɣreb	lmeɣrev	liste	
lmeṣbaḥ	lmeṣvaḥ	liste	
lmeṣbeḥ	lmeṣveḥ	liste	
lmirruṣber	lmirruṣver	liste	
lmuhub	lmuhuv	liste	
lmuṣiba	lmuṣiva	liste	
lmuṣibat	lmuṣivat	liste	
lobe	love	liste	
lobelace	lovelace	liste	
lqabla	lqavla	liste	
lqablat	lqavlat	liste	
lqalbat	lqalvat	liste	
lqaleb	lqalev	liste	
lqbayliyen	lqvayliyen	liste	
lqebl	lqevl	liste	
lqebla	lqevla	liste	
lqeblat	lqevlat	liste	
lqebḍ	lqevḍ	liste	
lqebṭan	lqevṭan	liste	
lqerb	lqerv	liste	
lqerbn	lqervn	liste	
lqeṛb	lqeṛv	liste	
lqiblat	lqivlat	liste	
lqub	lquv	liste	
lubna	luvna	liste	
lubnan	luvnan	liste	
lubyan	luvyan	liste	
luqben	luqven	liste	
luqbent	luqvent	liste	
luqbeɣ	luqveɣ	liste	
lwajeb	lwajev	liste	
lwaǧeb	lwaǧev	liste	
lxeḍbat	lxeḍvat	liste	
lxuṭbat	lxuṭvat	liste	
lǧabiya	lǧaviya	liste	
lǧib	lǧiv	liste	
lǧiban	lǧivan	liste	
lɛabi	lɛavi	liste	
lɛeb	lɛev	propagation	lɛeb
lɛebd	lɛevd	liste	
lɛerbi	lɛervi	liste	
lɛesban	lɛesvan	liste	
lɛib	lɛiv	liste	
lɛibad	lɛivad	liste	
lɛiben	lɛiven	propagation	lɛeb
lɛibent	lɛivent	propagation	lɛeb
lɛibeɣ	lɛiveɣ	liste	
lɣaba	lɣava	liste	
lɣerb	lɣerv	liste	
lɣerba	lɣerva	liste	
lɣeṛba	lɣeṛva	liste	
lɣib	lɣiv	liste	
lɣiba	lɣiva	liste	
lεeb	lεev	liste	
lεebd	lεevd	liste	
lεib	lεiv	liste	
lεibad	lεivad	liste	
lεibeɣ	lεiveɣ	liste	
lḥebs	lḥevs	liste	
lḥebsan	lḥevsan	liste	
lḥijab	lḥijav	liste	
lḥisab	lḥisav	liste	
lḥiǧab	lḥiǧav	liste	
maḥsub	maḥsuv	liste	
mbaddal	mvaddal	propagation	mbaddal
mbaddalemt	mvaddalemt	propagation	mbaddal
mbaddalen	mvaddalen	liste	
mbaddalent	mvaddalent	liste	
mbaddalet	mvaddalet	propagation	mbaddal
mbaddaleɣ	mvaddaleɣ	liste	
mbaɛd	mvaɛd	liste	
mbaṭel	mvaṭel	liste	
mbeddalen	mveddalen	liste	
mberraz	mverraz	propagation	mberraz
mberrazemt	mverrazemt	propagation	mberraz
mberrazen	mverrazen	propagation	mberraz
mberrazent	mverrazent	propagation	mberraz
mberrazet	mverrazet	propagation	mberraz
mberrazeɣ	mverrazeɣ	propagation	mberraz
mbeɛd	mveɛd	liste	
mbeεd	mveεd	liste	
mbiddal	mviddal	liste	
mcabi	mcavi	propagation	mcabi
mcabimt	mcavimt	propagation	mcabi
mcabin	mcavin	propagation	mcabi
mcabint	mcavint	propagation	mcabi
mcabit	mcavit	propagation	mcabi
mcabiɣ	mcaviɣ	propagation	mcabi
mcuban	mcuvan	propagation	mcabi
mcubant	mcuvant	liste	
mcubaɣ	mcuvaɣ	propagation	mcabi
mebruk	mevruk	liste	
mebɛid	mevɛid	liste	
mebɣir	mevɣir	liste	
meksaɛabdelqader	meksaɛavdelqader	liste	
meqbel	meqvel	liste	
meqbert	meqvert	liste	
meqlubi	meqluvi	liste	
meqqreb	meqqrev	liste	
meqrub	meqruv	liste	
mesbaḥ	mesvaḥ	liste	
meǧber	meǧver	liste	
meḥsub	meḥsuv	liste	
meḥsubet	meḥsuvet	propagation	meḥsub
meḥsubeɣ	meḥsuveɣ	propagation	meḥsub
meḥsubeḍ	meḥsuveḍ	propagation	meḥsub
meḥsubit	meḥsuvit	propagation	meḥsub
mjellab	mjellav	propagation	mjellab
mjellabemt	mjellavemt	propagation	mjellab
mjellaben	mjellaven	liste	
mjellabent	mjellavent	propagation	mjellab
mjellabet	mjellavet	propagation	mjellab
mjellabeɣ	mjellaveɣ	propagation	mjellab
mmecberreq	mmecverreq	propagation	mmecberreq
mmecberrqemt	mmecverrqemt	propagation	mmecberreq
mmecberrqen	mmecverrqen	propagation	mmecberreq
mmecberrqent	mmecverrqent	propagation	mmecberreq
mmecberrqet	mmecverrqet	propagation	mmecberreq
mmecberrqeɣ	mmecverrqeɣ	propagation	mmecberreq
mmuɣben	mmuɣven	propagation	mmuɣben
mmuɣebnemt	mmuɣevnemt	propagation	mmuɣben
mmuɣebnen	mmuɣevnen	liste	
mmuɣebnent	mmuɣevnent	liste	
mmuɣebnet	mmuɣevnet	propagation	mmuɣben
mmuɣebneɣ	mmuɣevneɣ	liste	
mnasab	mnasav	propagation	mnasab
mnasabemt	mnasavemt	propagation	mnasab
mnasaben	mnasaven	propagation	mnasab
mnasabent	mnasavent	propagation	mnasab
mnasabet	mnasavet	propagation	mnasab
mnasabeɣ	mnasaveɣ	propagation	mnasab
mqabal	mqaval	propagation	mqabal
mqabalemt	mqavalemt	propagation	mqabal
mqabalen	mqavalen	liste	
mqabalent	mqavalent	liste	
mqabalet	mqavalet	propagation	mqabal
mqabaleɣ	mqavaleɣ	propagation	mqabal
mqarab	mqarav	propagation	mqarab
mqarabemt	mqaravemt	propagation	mqarab
mqaraben	mqaraven	liste	
mqarabent	mqaravent	liste	
mqarabet	mqaravet	propagation	mqarab
mqarabeɣ	mqaraveɣ	propagation	mqarab
mreḥba	mreḥva	liste	
mseblan	msevlan	liste	
mseblant	msevlant	propagation	mseblu
mseblaɛ	msevlaɛ	propagation	mseblaɛ
mseblaɛemt	msevlaɛemt	propagation	mseblaɛ
mseblaɛen	msevlaɛen	liste	
mseblaɛent	msevlaɛent	propagation	mseblaɛ
mseblaɛet	msevlaɛet	propagation	mseblaɛ
mseblaɛeɣ	msevlaɛeɣ	propagation	mseblaɛ
mseblin	msevlin	propagation	mseblu
mseblint	msevlint	propagation	mseblu
msebliɣ	msevliɣ	propagation	mseblu
mseblu	msevlu	propagation	mseblu
mseblumt	msevlumt	propagation	mseblu
mseblun	msevlun	propagation	mseblu
mseblunt	msevlunt	propagation	mseblu
mseblut	msevlut	propagation	mseblu
msebluɣ	msevluɣ	propagation	mseblu
msebran	msevran	liste	
msebrant	msevrant	propagation	msebru
msebrin	msevrin	propagation	msebru
msebrint	msevrint	propagation	msebru
msebriɣ	msevriɣ	propagation	msebru
msebru	msevru	propagation	msebru
msebrumt	msevrumt	propagation	msebru
msebrun	msevrun	propagation	msebru
msebrunt	msevrunt	propagation	msebru
msebrut	msevrut	propagation	msebru
msebruɣ	msevruɣ	propagation	msebru
msebɛaden	msevɛaden	liste	
msebɣan	msevɣan	liste	
msebɣant	msevɣant	propagation	msebɣu
msebɣin	msevɣin	propagation	msebɣu
msebɣint	msevɣint	propagation	msebɣu
msebɣiɣ	msevɣiɣ	propagation	msebɣu
msebɣu	msevɣu	propagation	msebɣu
msebɣumt	msevɣumt	propagation	msebɣu
msebɣun	msevɣun	propagation	msebɣu
msebɣunt	msevɣunt	propagation	msebɣu
msebɣut	msevɣut	propagation	msebɣu
msebɣuɣ	msevɣuɣ	propagation	msebɣu
msebḍan	msevḍan	liste	
msebḍant	msevḍant	liste	
msebḍin	msevḍin	propagation	msebḍu
msebḍint	msevḍint	propagation	msebḍu
msebḍiɣ	msevḍiɣ	propagation	msebḍu
msebḍu	msevḍu	propagation	msebḍu
msebḍumt	msevḍumt	propagation	msebḍu
msebḍun	msevḍun	propagation	msebḍu
msebḍunt	msevḍunt	propagation	msebḍu
msebḍut	msevḍut	propagation	msebḍu
msebḍuɣ	msevḍuɣ	propagation	msebḍu
mseqleb	mseqlev	liste	
msetbaɛ	msetvaɛ	propagation	msetbaɛ
msetbaɛemt	msetvaɛemt	propagation	msetbaɛ
msetbaɛen	msetvaɛen	propagation	msetbaɛ
msetbaɛent	msetvaɛent	propagation	msetbaɛ
msetbaɛet	msetvaɛet	propagation	msetbaɛ
msetbaɛeɣ	msetvaɛeɣ	propagation	msetbaɛ
muhab	muhav	liste	
muhabet	muhavet	liste	
muhabeɣ	muhaveɣ	propagation	muhab
muhabeḍ	muhaveḍ	propagation	muhab
muhabit	muhavit	propagation	muhab
muneqlubi	muneqluvi	liste	
myaɛjaben	myaɛjaven	liste	
myebran	myevran	propagation	myebru
myebrant	myevrant	propagation	myebru
myebrin	myevrin	propagation	myebru
myebrint	myevrint	propagation	myebru
myebriɣ	myevriɣ	propagation	myebru
myebru	myevru	propagation	myebru
myebrumt	myevrumt	propagation	myebru
myebrun	myevrun	propagation	myebru
myebrunt	myevrunt	propagation	myebru
myebrut	myevrut	propagation	myebru
myebruɣ	myevruɣ	propagation	myebru
myecbak	myecvak	propagation	myecbak
myecbakemt	myecvakemt	propagation	myecbak
myecbaken	myecvaken	liste	
myecbakent	myecvakent	propagation	myecbak
myecbaket	myecvaket	propagation	myecbak
myecbakeɣ	myecvakeɣ	propagation	myecbak
myektab	myektav	propagation	myektab
myektabemt	myektavemt	propagation	myektab
myektaben	myektaven	propagation	myektab
myektabent	myektavent	propagation	myektab
myektabet	myektavet	propagation	myektab
myektabeɣ	myektaveɣ	propagation	myektab
myenbac	myenvac	propagation	myenbac
myenbacemt	myenvacemt	propagation	myenbac
myenbacen	myenvacen	propagation	myenbac
myenbacent	myenvacent	propagation	myenbac
myenbacet	myenvacet	propagation	myenbac
myenbaceɣ	myenvaceɣ	propagation	myenbac
myeqṛaben	myeqṛaven	liste	
myeɛjaben	myeɛjaven	liste	
mḥabab	mḥavav	propagation	mḥabab
mḥababemt	mḥavavemt	propagation	mḥabab
mḥababen	mḥavaven	liste	
mḥababent	mḥavavent	liste	
mḥababet	mḥavavet	propagation	mḥabab
mḥababeɣ	mḥavaveɣ	liste	
mḥaraben	mḥaraven	liste	
mḥarabent	mḥaravent	liste	
mḥasab	mḥasav	propagation	mḥasab
mḥasabemt	mḥasavemt	propagation	mḥasab
mḥasaben	mḥasaven	propagation	mḥasab
mḥasabent	mḥasavent	propagation	mḥasab
mḥasabet	mḥasavet	propagation	mḥasab
mḥasabeɣ	mḥasaveɣ	liste	
mṛeḥba	mṛeḥva	liste	
mẓab	mẓav	liste	
nabi	navi	propagation	nabi
nabimt	navimt	propagation	nabi
nabin	navin	propagation	nabi
nabint	navint	propagation	nabi
nabit	navit	propagation	nabi
nabiɣ	naviɣ	propagation	nabi
nasbemt	nasvemt	propagation	naseb
nasben	nasven	propagation	naseb
nasbent	nasvent	propagation	naseb
nasbet	nasvet	propagation	naseb
nasbeɣ	nasveɣ	propagation	naseb
naseb	nasev	propagation	naseb
naḥbes	naḥves	liste	
nbab	nvav	propagation	bab
nban	nvan	liste	
nbarek	nvarek	propagation	barek
nbat	nvat	propagation	bat
nbaɛed	nvaɛed	propagation	baɛed
nbaḍen	nvaḍen	propagation	baḍen
nbec	nvec	liste	
nbecc	nvecc	propagation	becc
nbedd	nvedd	liste	
nbedda	nvedda	liste	
nbedded	nvedded	propagation	bded
nbeddel	nveddel	liste	
nbeddu	nveddu	liste	
nbeggen	nveggen	propagation	beggen
nbegges	nvegges	liste	
nbekkem	nvekkem	propagation	bekkem
nbekker	nvekker	propagation	bekker
nbelleɛ	nvelleɛ	propagation	belleɛ
nbellu	nvellu	propagation	blu
nbennu	nvennu	liste	
nbeqqa	nveqqa	propagation	beqqi
nbeqqeḍ	nveqqeḍ	propagation	bɣeḍ
nbeqqi	nveqqi	liste	
nbeqqu	nveqqu	liste	
nber	nver	propagation	nber
nberra	nverra	propagation	berri
nberrec	nverrec	propagation	brec
nberrem	nverrem	propagation	brem
nberren	nverren	propagation	bren
nberrez	nverrez	propagation	berrez
nberreḍ	nverreḍ	propagation	breḍ
nberreḥ	nverreḥ	propagation	berreḥ
nberri	nverri	propagation	berri
nberrik	nverrik	propagation	ibrik
nberru	nverru	liste	
nbexxer	nvexxer	propagation	bexxer
nbexxeṣ	nvexxeṣ	propagation	bxeṣ
nbeɛɛed	nveɛɛed	propagation	beɛɛed
nbeεεed	nveεεed	liste	
nbeḥḥet	nveḥḥet	propagation	beḥḥet
nbeṭṭel	nveṭṭel	liste	
nbeṭṭu	nveṭṭu	propagation	bḍu
nbicen	nvicen	propagation	nbec
nbicent	nvicent	propagation	nbec
nbiceɣ	nviceɣ	propagation	nbec
nbiren	nviren	propagation	nber
nbirent	nvirent	propagation	nber
nbireɣ	nvireɣ	propagation	nber
nbudd	nvudd	liste	
nbur	nvur	propagation	bur
nburek	nvurek	liste	
nbuxx	nvuxx	propagation	buxx
nbuɛed	nvuɛed	propagation	baɛed
nbuḍen	nvuḍen	propagation	baḍen
nbuṭi	nvuṭi	liste	
ncab	ncav	propagation	cab
ncabi	ncavi	liste	
ncebbeḥ	ncevveḥ	propagation	cebbeḥ
ncebbu	ncevvu	propagation	cbu
ncebbḥet	ncevvḥet	liste	
nceggeb	nceggev	propagation	ceggeb
ncekkeb	ncekkev	liste	
nceyyeb	nceyyev	propagation	ceyyeb
nceɣɣeb	nceɣɣev	propagation	cɣeb
ncib	nciv	propagation	cib
ncuba	ncuva	liste	
ndub	nduv	liste	
nebbcemt	nevvcemt	propagation	nbec
nebbcen	nevvcen	propagation	nbec
nebbcent	nevvcent	propagation	nbec
nebbcet	nevvcet	propagation	nbec
nebbceɣ	nevvceɣ	propagation	nbec
nebbec	nevvec	propagation	nbec
nebbehba	nevvehva	liste	
nebbehbi	nevvehvi	propagation	bbehbi
nebberber	nevverver	propagation	bberber
nebbeɛzeq	nevveɛzeq	propagation	bbeɛzeq
nebbuḥra	nevvuḥra	propagation	bbuḥru
nebbuḥru	nevvuḥru	liste	
nebcemt	nevcemt	propagation	nbec
nebcen	nevcen	liste	
nebcent	nevcent	liste	
nebcet	nevcet	propagation	nbec
nebceɣ	nevceɣ	propagation	nbec
nebda	nevda	liste	
nebded	nevded	liste	
nebdel	nevdel	propagation	bdel
nebder	nevder	liste	
nebdi	nevdi	propagation	bdu
nebdid	nevdid	liste	
nebdil	nevdil	propagation	bdel
nebdir	nevdir	propagation	bder
nebdu	nevdu	liste	
nebdut	nevdut	liste	
nebges	nevges	liste	
nebgis	nevgis	propagation	bges
nebha	nevha	propagation	bhi
nebhi	nevhi	propagation	bhi
nebla	nevla	liste	
nebleɛ	nevleɛ	propagation	bleɛ
nebli	nevli	propagation	blu
nebliɛ	nevliɛ	propagation	bleɛ
neblu	nevlu	propagation	blu
nebna	nevna	liste	
nebni	nevni	liste	
nebnin	nevnin	propagation	ibnin
nebnu	nevnu	liste	
nebnut	nevnut	liste	
nebra	nevra	liste	
nebrareḥ	nevrareḥ	propagation	brireḥ
nebrec	nevrec	propagation	brec
nebrek	nevrek	propagation	brek
nebrem	nevrem	propagation	brem
nebremt	nevremt	propagation	nber
nebren	nevren	liste	
nebrent	nevrent	propagation	nber
nebreq	nevreq	propagation	breq
nebret	nevret	propagation	nber
nebrez	nevrez	liste	
nebreɣ	nevreɣ	propagation	nber
nebreḍ	nevreḍ	propagation	breḍ
nebri	nevri	propagation	bru
nebric	nevric	propagation	brec
nebrik	nevrik	propagation	brek
nebrim	nevrim	propagation	brem
nebrin	nevrin	propagation	bren
nebriq	nevriq	propagation	breq
nebrireḥ	nevrireḥ	propagation	brireḥ
nebriz	nevriz	propagation	brez
nebriḍ	nevriḍ	propagation	breḍ
nebru	nevru	liste	
nebruqel	nevruqel	propagation	bruqel
nebruzzeɛ	nevruzzeɛ	propagation	bruzzeɛ
nebuḥruy	nevuḥruy	liste	
nebxes	nevxes	liste	
nebxeṣ	nevxeṣ	liste	
nebxiṣ	nevxiṣ	propagation	bxeṣ
nebzeg	nevzeg	liste	
nebzig	nevzig	propagation	bzeg
nebɛed	nevɛed	liste	
nebɛet	nevɛet	propagation	bɛet
nebɛid	nevɛid	propagation	bɛed
nebɛit	nevɛit	propagation	bɛet
nebɛuẓẓel	nevɛuẓẓel	propagation	bɛuẓẓel
nebɣa	nevɣa	liste	
nebɣeḍ	nevɣeḍ	propagation	bɣeḍ
nebɣi	nevɣi	liste	
nebɣiḍ	nevɣiḍ	propagation	bɣeḍ
nebɣu	nevɣu	liste	
nebḍa	nevḍa	liste	
nebḍen	nevḍen	liste	
nebḍi	nevḍi	propagation	bḍu
nebḍu	nevḍu	liste	
nebḍut	nevḍut	liste	
nebḥet	nevḥet	propagation	bḥet
nebḥit	nevḥit	propagation	bḥet
nebṭa	nevṭa	liste	
nebṭel	nevṭel	liste	
nebṭil	nevṭil	propagation	bṭel
necba	necva	liste	
necbek	necvek	propagation	cbek
necbeḥ	necveḥ	liste	
necbi	necvi	liste	
necbik	necvik	propagation	cbek
necbiḥ	necviḥ	propagation	cbeḥ
necbu	necvu	liste	
neccab	neccav	propagation	ccib
neccabay	neccavay	propagation	ccib
neccelbeḍ	neccelveḍ	propagation	ccelbeḍ
neccib	necciv	propagation	ccib
necɣeb	necɣev	propagation	cɣeb
necɣib	necɣiv	propagation	cɣeb
nedbeɣ	nedveɣ	propagation	dbeɣ
nedbiɣ	nedviɣ	propagation	dbeɣ
nedbu	nedvu	liste	
neddebdeb	neddevdev	liste	
nedheb	nedhev	propagation	dheb
nedhib	nedhiv	propagation	dheb
nedneb	nednev	liste	
nednib	nedniv	liste	
negrareb	negrarev	liste	
negrireb	negrirev	propagation	grireb
nehba	nehva	propagation	hbu
nehbej	nehvej	propagation	hbej
nehbel	nehvel	liste	
nehbi	nehvi	propagation	hbu
nehbij	nehvij	propagation	hbej
nehbil	nehvil	propagation	hbel
nehbu	nehvu	propagation	hbu
nejba	nejva	propagation	jbu
nejbed	nejved	liste	
nejbi	nejvi	propagation	jbu
nejbid	nejvid	propagation	jbed
nejbu	nejvu	propagation	jbu
nejdeb	nejdev	propagation	jdeb
nejdib	nejdiv	propagation	jdeb
nekbel	nekvel	propagation	kbel
nekber	nekver	propagation	kber
nekbil	nekvil	propagation	kbel
nekbir	nekvir	propagation	kber
nekseb	neksev	liste	
neksib	neksiv	propagation	kseb
nekteb	nektev	propagation	kteb
nektib	nektiv	liste	
nekɛeb	nekɛev	propagation	kɛeb
nekɛib	nekɛiv	propagation	kɛeb
nelbeḍ	nelveḍ	propagation	lbeḍ
nelbiḍ	nelviḍ	propagation	lbeḍ
nelbubeɣ	nelvuveɣ	propagation	lbubeɣ
nelɛeb	nelɛev	propagation	lɛeb
nelɛib	nelɛiv	propagation	lɛeb
nelεeb	nelεev	liste	
nembaddal	nemvaddal	liste	
nemberraz	nemverraz	liste	
nemcabi	nemcavi	propagation	mcabi
nemcuba	nemcuva	propagation	mcabi
nemjellab	nemjellav	propagation	mjellab
nemmecberreq	nemmecverreq	propagation	mmecberreq
nemmuɣben	nemmuɣven	propagation	mmuɣben
nemnasab	nemnasav	propagation	mnasab
nemqabal	nemqaval	liste	
nemqarab	nemqarav	propagation	mqarab
nemsebla	nemsevla	propagation	mseblu
nemseblaɛ	nemsevlaɛ	propagation	mseblaɛ
nemsebli	nemsevli	propagation	mseblu
nemseblu	nemsevlu	propagation	mseblu
nemsebra	nemsevra	liste	
nemsebri	nemsevri	propagation	msebru
nemsebru	nemsevru	propagation	msebru
nemsebrut	nemsevrut	liste	
nemsebɛad	nemsevɛad	liste	
nemsebɣa	nemsevɣa	propagation	msebɣu
nemsebɣi	nemsevɣi	propagation	msebɣu
nemsebɣu	nemsevɣu	propagation	msebɣu
nemsebḍa	nemsevḍa	liste	
nemsebḍi	nemsevḍi	propagation	msebḍu
nemsebḍu	nemsevḍu	propagation	msebḍu
nemsetbaɛ	nemsetvaɛ	propagation	msetbaɛ
nemyebra	nemyevra	propagation	myebru
nemyebri	nemyevri	propagation	myebru
nemyebru	nemyevru	propagation	myebru
nemyecbak	nemyecvak	propagation	myecbak
nemyeksab	nemyeksav	liste	
nemyektab	nemyektav	propagation	myektab
nemyenbac	nemyenvac	propagation	myenbac
nemyeɛjab	nemyeɛjav	liste	
nemɛagab	nemɛagav	liste	
nemḥabab	nemḥavav	liste	
nemḥasab	nemḥasav	propagation	mḥasab
nenbec	nenvec	propagation	nbec
nenber	nenver	propagation	nber
nenbic	nenvic	propagation	nbec
nenbir	nenvir	propagation	nber
nennejbad	nennejvad	propagation	nnejbad
nenneqlab	nenneqlav	propagation	nneqlab
nenneḥsab	nenneḥsav	propagation	nneḥsab
nenqeb	nenqev	propagation	nqeb
nenqib	nenqiv	propagation	nqeb
nenɛettab	nenɛettav	propagation	nɛettab
nenɣeb	nenɣev	propagation	nɣeb
nenɣib	nenɣiv	propagation	nɣeb
nenεetbar	nenεetvar	liste	
nenḍeb	nenḍev	liste	
neqbel	neqvel	liste	
neqbemt	neqvemt	propagation	nqeb
neqben	neqven	propagation	nqeb
neqbent	neqvent	liste	
neqber	neqver	propagation	qber
neqbet	neqvet	propagation	nqeb
neqbeɣ	neqveɣ	liste	
neqbeḍ	neqveḍ	propagation	qbeḍ
neqbeḥ	neqveḥ	propagation	qbeḥ
neqbil	neqvil	liste	
neqbir	neqvir	propagation	qber
neqbiḍ	neqviḍ	propagation	qbeḍ
neqbiḥ	neqviḥ	liste	
neqleb	neqlev	liste	
neqlib	neqliv	propagation	qleb
neqqbemt	neqqvemt	propagation	nɣeb
neqqben	neqqven	liste	
neqqbent	neqqvent	propagation	nɣeb
neqqbet	neqqvet	propagation	nɣeb
neqqbeɣ	neqqveɣ	propagation	nɣeb
neqqeb	neqqev	propagation	nɣeb
neqqebqeb	neqqevqev	propagation	qqebqeb
neqreb	neqrev	liste	
neqrib	neqriv	liste	
nerba	nerva	liste	
nerbaḥ	nervaḥ	liste	
nerbeḥ	nerveḥ	liste	
nerbi	nervi	propagation	rbu
nerbiḥ	nerviḥ	liste	
nerbu	nervu	propagation	rbu
nerdeb	nerdev	liste	
nerkeb	nerkev	liste	
nerkib	nerkiv	propagation	rkeb
nerḍeb	nerḍev	propagation	rḍeb
nerḍib	nerḍiv	propagation	rḍeb
nesbabb	nesvavv	propagation	sbibb
nesbabbay	nesvavvay	propagation	sbibb
nesban	nesvan	propagation	sbin
nesbanay	nesvanay	propagation	sbin
nesbaɛɛay	nesvaɛɛay	propagation	sbeɛbeɛ
nesbaɣur	nesvaɣur	liste	
nesbedd	nesvedd	liste	
nesbeddad	nesveddad	liste	
nesbedday	nesvedday	propagation	sbedd
nesbeggen	nesveggen	propagation	sbeggen
nesbeggin	nesveggin	propagation	sbeggen
nesbehba	nesvehva	propagation	sbehbi
nesbehbay	nesvehvay	propagation	sbehbi
nesbehbi	nesvehvi	propagation	sbehbi
nesbek	nesvek	liste	
nesbelɛeṭ	nesvelɛeṭ	propagation	sbelɛeṭ
nesbelɛiṭ	nesvelɛiṭ	propagation	sbelɛeṭ
nesbender	nesvender	propagation	sbender
nesbendir	nesvendir	propagation	sbender
nesber	nesver	liste	
nesberber	nesverver	propagation	sberber
nesberbir	nesvervir	propagation	sberber
nesbexxeṛ	nesvexxeṛ	liste	
nesbexxiṛ	nesvexxiṛ	liste	
nesbeɛ	nesveɛ	propagation	sbeɛ
nesbeɛbeɛ	nesveɛveɛ	propagation	sbeɛbeɛ
nesbeɛbuɛ	nesveɛvuɛ	liste	
nesbeɣ	nesveɣ	liste	
nesbeṛ	nesveṛ	liste	
nesbibb	nesvivv	propagation	sbibb
nesbik	nesvik	propagation	sbek
nesbin	nesvin	propagation	sbin
nesbiɛ	nesviɛ	propagation	sbeɛ
nesbiɣ	nesviɣ	propagation	sbeɣ
nesbucbec	nesvucvec	liste	
nesburr	nesvurr	propagation	sburr
nesburruy	nesvurruy	propagation	sburr
nesbuḥra	nesvuḥra	propagation	sbuḥru
nesbuḥray	nesvuḥray	liste	
nesbuḥru	nesvuḥru	liste	
nesbuḥruy	nesvuḥruy	propagation	sbuḥru
nesdebdeb	nesdevdev	propagation	sdebdeb
nesdebdub	nesdevduv	propagation	sdebdeb
nesderbez	nesdervez	propagation	sderbez
nesderbiz	nesderviz	liste	
nesdub	nesduv	propagation	sdub
nesdubuy	nesduvuy	propagation	sdub
neskaddeb	neskaddev	propagation	skiddeb
neskiddeb	neskiddev	propagation	skiddeb
neskiddib	neskiddiv	propagation	skiddeb
nesleb	neslev	liste	
neslib	nesliv	propagation	sleb
nesmuhbel	nesmuhvel	propagation	smuhbel
nesmuhbul	nesmuhvul	liste	
nesmusleb	nesmuslev	propagation	smusleb
nesmuslub	nesmusluv	propagation	smusleb
nesmuɣben	nesmuɣven	propagation	smuɣben
nesmuɣbun	nesmuɣvun	propagation	smuɣben
nesneqlab	nesneqlav	propagation	sneqlab
nesneqlabay	nesneqlavay	propagation	sneqlab
nesnubget	nesnuvget	propagation	snubget
nesnubgut	nesnuvgut	propagation	snubget
nesqazzeb	nesqazzev	propagation	sqizzeb
nesqerbebb	nesqervevv	propagation	sqerbebb
nesqerbib	nesqerviv	propagation	sqerbebb
nesqizzeb	nesqizzev	propagation	sqizzeb
nesqizzib	nesqizziv	propagation	sqizzeb
nessebdad	nessevdad	propagation	ssebded
nessebded	nessevded	liste	
nessebgan	nessevgan	liste	
nesseblaɛ	nessevlaɛ	liste	
nessebleɛ	nessevleɛ	liste	
nessebluleɣ	nessevluleɣ	propagation	ssebluleɣ
nessebluluɣ	nessevluluɣ	propagation	ssebluleɣ
nessebra	nessevra	propagation	ssebru
nessebrareḥ	nessevrareḥ	propagation	ssebrireḥ
nessebray	nessevray	propagation	ssebri
nessebri	nessevri	propagation	ssebri
nessebrireḥ	nessevrireḥ	propagation	ssebrireḥ
nessebririḥ	nessevririḥ	propagation	ssebrireḥ
nessebru	nessevru	propagation	ssebru
nessebruy	nessevruy	propagation	ssebru
nessebruzzeɛ	nessevruzzeɛ	propagation	ssebruzzeɛ
nessebruzzuɛ	nessevruzzuɛ	propagation	ssebruzzeɛ
nessebzag	nessevzag	propagation	ssebzeg
nessebzeg	nessevzeg	propagation	ssebzeg
nessebɛad	nessevɛad	liste	
nessebɛed	nessevɛed	liste	
nessebɣes	nessevɣes	liste	
nessebṛaṛaḥ	nessevṛaṛaḥ	liste	
nessebṛaṛḥ	nessevṛaṛḥ	liste	
nessebṭal	nessevṭal	propagation	ssebṭel
nessebṭel	nessevṭel	propagation	ssebṭel
nessegrareb	nessegrarev	propagation	ssegrireb
nessegrireb	nessegrirev	propagation	ssegrireb
nessegririb	nessegririv	propagation	ssegrireb
nessehbal	nessehval	propagation	ssehbel
nessehbel	nessehvel	propagation	ssehbel
nessembaɛad	nessemvaɛad	propagation	ssembaɛed
nessembaɛed	nessemvaɛed	propagation	ssembaɛed
nessemqabal	nessemqaval	propagation	ssemqabal
nessemqabalay	nessemqavalay	propagation	ssemqabal
nesseqrab	nesseqrav	propagation	sseqreb
nesseqreb	nesseqrev	propagation	sseqreb
nesseqṛeb	nesseqṛev	liste	
nesserbaḥ	nesservaḥ	propagation	sserbeḥ
nesserbeḥ	nesserveḥ	propagation	sserbeḥ
nesserhab	nesserhav	propagation	sserheb
nesserheb	nesserhev	propagation	sserheb
nesserkab	nesserkav	propagation	sserkeb
nesserkeb	nesserkev	propagation	sserkeb
nesserḍab	nesserḍav	propagation	sserḍeb
nesserḍeb	nesserḍev	propagation	sserḍeb
nessexrab	nessexrav	propagation	ssexreb
nessexreb	nessexrev	propagation	ssexreb
nesseɣlab	nesseɣlav	propagation	sseɣleb
nesseɣleb	nesseɣlev	propagation	sseɣleb
nesseɣṣeb	nesseɣṣev	liste	
nesseḥbiber	nesseḥviver	liste	
nesseḥbibir	nesseḥvivir	liste	
nesseḥsab	nesseḥsav	propagation	sseḥseb
nesseḥseb	nesseḥsev	propagation	sseḥseb
nessleb	nesslev	propagation	ssleb
nesslubuy	nessluvuy	propagation	ssleb
nesterḥib	nesterḥiv	liste	
neswarab	neswarav	propagation	swireb
neswareb	neswarev	propagation	swireb
neswireb	neswirev	propagation	swireb
nesxerbubec	nesxervuvec	liste	
nesxerbubuc	nesxervuvuc	propagation	sxerbubec
nesɛetteb	nesɛettev	propagation	sɛetteb
nesɛettib	nesɛettiv	propagation	sɛetteb
nesṭebṭeb	nesṭevṭev	liste	
nesṭebṭub	nesṭevṭuv	propagation	sṭebṭeb
netbeɛ	netveɛ	liste	
netbiɛ	netviɛ	propagation	tbeɛ
netceɣɣeb	netceɣɣev	liste	
nettabaɛ	nettavaɛ	liste	
nettbab	nettvav	propagation	bab
nettban	nettvan	liste	
nettbarak	nettvarak	propagation	barek
nettbat	nettvat	propagation	bat
nettbaɛad	nettvaɛad	propagation	baɛed
nettbaḍan	nettvaḍan	propagation	baḍen
nettbeccic	nettveccic	propagation	becc
nettbeddil	nettveddil	liste	
nettbeggin	nettveggin	propagation	beggen
nettbehbi	nettvehvi	propagation	bbehbi
nettbekkim	nettvekkim	propagation	bekkem
nettbekkir	nettvekkir	liste	
nettbelliɛ	nettvelliɛ	propagation	belleɛ
nettbeqqi	nettveqqi	propagation	beqqi
nettberbir	nettvervir	propagation	bberber
nettberri	nettverri	propagation	berri
nettberriz	nettverriz	propagation	berrez
nettberriḥ	nettverriḥ	propagation	berreḥ
nettbexxir	nettvexxir	propagation	bexxer
nettbeɛziq	nettveɛziq	propagation	bbeɛzeq
nettbeɛɛid	nettveɛɛid	propagation	beɛɛed
nettbeḥḥit	nettveḥḥit	propagation	beḥḥet
nettbudduy	nettvudduy	propagation	budd
nettbur	nettvur	propagation	bur
nettbuxxu	nettvuxxu	propagation	buxx
nettbuḥruy	nettvuḥruy	propagation	bbuḥru
nettbuṭi	nettvuṭi	liste	
nettcab	nettcav	propagation	cab
nettcabi	nettcavi	propagation	cabi
nettcebbik	nettcevvik	propagation	cbek
nettcebbiḥ	nettcevviḥ	propagation	cebbeḥ
nettceggib	nettceggiv	propagation	ceggeb
nettcekkib	nettcekkiv	propagation	cekkeb
nettcelbiḍ	nettcelviḍ	propagation	ccelbeḍ
nettceyyib	nettceyyiv	propagation	ceyyeb
nettcib	nettciv	propagation	cib
nettdebdib	nettdevdiv	propagation	ddebdeb
nettdub	nettduv	propagation	dub
nettebdal	nettevdal	propagation	bdel
nettebdar	nettevdar	propagation	bder
nettebder	nettevder	propagation	ttebder
nettebhi	nettevhi	propagation	bhi
netteblaɛ	nettevlaɛ	propagation	bleɛ
nettebrak	nettevrak	propagation	brek
nettebraq	nettevraq	propagation	breq
nettebray	nettevray	propagation	bri
nettebraz	nettevraz	propagation	brez
nettebririḥ	nettevririḥ	propagation	brireḥ
nettebruqul	nettevruqul	propagation	bruqel
nettebruzzuɛ	nettevruzzuɛ	propagation	bruzzeɛ
nettebɛad	nettevɛad	propagation	bɛed
nettebɛat	nettevɛat	propagation	bɛet
nettebɛuẓẓul	nettevɛuẓẓul	propagation	bɛuẓẓel
nettebḥat	nettevḥat	propagation	bḥet
nettebṭal	nettevṭal	propagation	bṭel
nettecbaḥ	nettecvaḥ	propagation	cbeḥ
nettedbaɣ	nettedvaɣ	propagation	dbeɣ
nettedhab	nettedhav	propagation	dheb
nettednab	nettednav	propagation	dneb
nettegririb	nettegririv	propagation	grireb
nettehbaj	nettehvaj	propagation	hbej
nettejbad	nettejvad	propagation	jbed
nettekbal	nettekval	propagation	kbel
nettekbar	nettekvar	propagation	kber
netteksab	netteksav	propagation	kseb
nettelbubuɣ	nettelvuvuɣ	propagation	lbubeɣ
nettelɛab	nettelɛav	propagation	lɛeb
nettembaddal	nettemvaddal	propagation	mbaddal
nettemberraz	nettemverraz	propagation	mberraz
nettemcabi	nettemcavi	liste	
nettemjellab	nettemjellav	propagation	mjellab
nettemnasab	nettemnasav	propagation	mnasab
nettemqabal	nettemqaval	propagation	mqabal
nettemqarab	nettemqarav	propagation	mqarab
nettemseblaɛ	nettemsevlaɛ	propagation	mseblaɛ
nettemseblu	nettemsevlu	propagation	mseblu
nettemsebru	nettemsevru	propagation	msebru
nettemsebɣu	nettemsevɣu	propagation	msebɣu
nettemsebḍay	nettemsevḍay	propagation	msebḍu
nettemsetbaɛ	nettemsetvaɛ	propagation	msetbaɛ
nettemyebru	nettemyevru	propagation	myebru
nettemyecbak	nettemyecvak	propagation	myecbak
nettemyektab	nettemyektav	propagation	myektab
nettemyenbac	nettemyenvac	propagation	myenbac
nettemḥabab	nettemḥavav	liste	
nettemḥarab	nettemḥarav	liste	
nettemḥasab	nettemḥasav	liste	
nettenbar	nettenvar	propagation	nber
nettenqab	nettenqav	propagation	nqeb
nettenɛettab	nettenɛettav	propagation	nɛettab
netteqlab	netteqlav	propagation	qleb
netteqrab	netteqrav	propagation	qreb
netterbaḥ	nettervaḥ	propagation	rbeḥ
netterḍab	netterḍav	propagation	rḍeb
nettexbac	nettexvac	propagation	xbec
nettexbibiḍ	nettexviviḍ	propagation	xbibeḍ
nettexḍab	nettexḍav	propagation	xḍeb
nettezɣab	nettezɣav	propagation	zɣeb
netteɛǧab	netteɛǧav	propagation	ɛǧeb
netteɣlab	netteɣlav	propagation	ɣleb
netteḍlab	netteḍlav	propagation	ḍleb
netteḥbas	netteḥvas	propagation	ḥbes
netteḥsab	netteḥsav	propagation	ḥseb
netteṣbar	netteṣvar	propagation	ṣber
netthabi	netthavi	propagation	habi
nettibnin	nettivnin	propagation	ibnin
nettibrik	nettivrik	propagation	ibrik
nettibɛid	nettivɛid	propagation	ibɛid
nettiqrib	nettiqriv	propagation	iqrib
nettjabay	nettjavay	liste	
nettjanab	nettjanav	propagation	janeb
nettjawab	nettjawav	propagation	jaweb
nettjebbid	nettjevvid	propagation	jebbed
nettjerrib	nettjerriv	propagation	jerreb
nettlaqab	nettlaqav	liste	
nettmecberriq	nettmecverriq	propagation	mmecberreq
nettmuɣbun	nettmuɣvun	propagation	mmuɣben
nettnabi	nettnavi	propagation	nabi
nettnasab	nettnasav	propagation	naseb
nettnejbad	nettnejvad	propagation	nnejbad
nettneqlab	nettneqlav	propagation	nneqlab
nettneḥsab	nettneḥsav	liste	
nettqabal	nettqaval	liste	
nettqabaḥ	nettqavaḥ	propagation	qabeḥ
nettqabel	nettqavel	liste	
nettqebbil	nettqevvil	propagation	qebbel
nettqebqib	nettqevqiv	propagation	qqebqeb
nettqellib	nettqelliv	liste	
nettqerrib	nettqerriv	liste	
nettqezzib	nettqezziv	propagation	qezzeb
nettrab	nettrav	propagation	rab
nettrekkib	nettrekkiv	propagation	rekkeb
nettsab	nettsav	propagation	sab
nettsib	nettsiv	propagation	sib
nettub	nettuv	propagation	tub
nettubarak	nettuvarak	propagation	ttubarek
nettubarek	nettuvarek	propagation	ttubarek
nettubeddal	nettuveddal	propagation	ttubeddel
nettubeddel	nettuveddel	propagation	ttubeddel
nettuneḥsab	nettuneḥsav	propagation	ttuneḥseb
nettuneḥseb	nettuneḥsev	propagation	ttuneḥseb
nettusbaɣ	nettusvaɣ	propagation	ttusbeɣ
nettusbeɣ	nettusveɣ	propagation	ttusbeɣ
nettuɛaqab	nettuɛaqav	propagation	ttuɛaqeb
nettuɛaqeb	nettuɛaqev	propagation	ttuɛaqeb
nettuḥasab	nettuḥasav	propagation	ttuḥaseb
nettuḥaseb	nettuḥasev	propagation	ttuḥaseb
nettwabdar	nettwavdar	propagation	ttwabder
nettwabder	nettwavder	propagation	ttwabder
nettwabeddel	nettwaveddel	propagation	ttwibeddel
nettwabḍa	nettwavḍa	propagation	ttwabḍu
nettwabḍay	nettwavḍay	propagation	ttwabḍu
nettwabḍu	nettwavḍu	propagation	ttwabḍu
nettwabṭal	nettwavṭal	propagation	ttwabṭel
nettwabṭel	nettwavṭel	propagation	ttwibṭel
nettwajbad	nettwajvad	propagation	ttwijbed
nettwajbed	nettwajved	propagation	ttwijbed
nettwaktab	nettwaktav	propagation	ttwikteb
nettwakteb	nettwaktev	propagation	ttwikteb
nettwaqbal	nettwaqval	liste	
nettwaqbel	nettwaqvel	liste	
nettwarab	nettwarav	propagation	wareb
nettwasbaɣ	nettwasvaɣ	propagation	ttwisbeɣ
nettwasbeɣ	nettwasveɣ	propagation	ttwisbeɣ
nettwaxeyyeb	nettwaxeyyev	liste	
nettwaxḍab	nettwaxḍav	propagation	ttwixḍeb
nettwaxḍeb	nettwaxḍev	liste	
nettwaɛbed	nettwaɛved	liste	
nettwaɛettab	nettwaɛettav	liste	
nettwaɣba	nettwaɣva	propagation	ttwaɣbu
nettwaɣbay	nettwaɣvay	propagation	ttwaɣbu
nettwaɣbu	nettwaɣvu	propagation	ttwaɣbu
nettwaɣlab	nettwaɣlav	liste	
nettwaɣleb	nettwaɣlev	propagation	ttwaɣleb
nettwaḥbas	nettwaḥvas	propagation	ttwiḥbes
nettwaḥbes	nettwaḥves	propagation	ttwiḥbes
nettwaḥsab	nettwaḥsav	propagation	ttwiḥseb
nettwaḥseb	nettwaḥsev	propagation	ttwiḥseb
nettweddib	nettweddiv	propagation	weddeb
nettwibeddel	nettwiveddel	propagation	ttwibeddel
nettwibṭel	nettwivṭel	propagation	ttwibṭel
nettwibṭil	nettwivṭil	propagation	ttwibṭel
nettwijbed	nettwijved	propagation	ttwijbed
nettwikteb	nettwiktev	propagation	ttwikteb
nettwisbeɣ	nettwisveɣ	propagation	ttwisbeɣ
nettwixḍeb	nettwixḍev	propagation	ttwixḍeb
nettwiḥbes	nettwiḥves	propagation	ttwiḥbes
nettwiḥseb	nettwiḥsev	propagation	ttwiḥseb
nettxab	nettxav	propagation	xab
nettxeṭṭib	nettxeṭṭiv	liste	
nettǧellib	nettǧelliv	propagation	ǧelleb
nettɛaqab	nettɛaqav	propagation	ɛaqeb
nettɛebbid	nettɛevvid	propagation	ɛebbed
nettɛeggib	nettɛeggiv	propagation	ɛeggeb
nettɛettib	nettɛettiv	liste	
nettɛeyyib	nettɛeyyiv	propagation	ɛeyyeb
nettɛib	nettɛiv	propagation	ɛib
nettɣab	nettɣav	propagation	ɣab
nettɣib	nettɣiv	propagation	ɣib
nettεettib	nettεettiv	liste	
nettḥarab	nettḥarav	propagation	ḥareb
nettḥasab	nettḥasav	propagation	ḥaseb
nettḥebbis	nettḥevvis	propagation	ḥebbes
nettḥezzib	nettḥezziv	liste	
nettṛekkib	nettṛekkiv	liste	
nettṣaba	nettṣava	propagation	ṣab
nettṣellib	nettṣelliv	propagation	ṣelleb
nettṣewwib	nettṣewwiv	propagation	ṣewweb
nettṣubu	nettṣuvu	liste	
nettẓerrib	nettẓerriv	propagation	ẓerreb
netɛeǧǧeb	netɛeǧǧev	propagation	tɛeǧǧeb
netɛeǧǧib	netɛeǧǧiv	propagation	tɛeǧǧeb
newǧeb	newǧev	propagation	wǧeb
newǧib	newǧiv	propagation	wǧeb
nexbabeḍ	nexvaveḍ	propagation	xbibeḍ
nexbec	nexvec	propagation	xbec
nexbibeḍ	nexviveḍ	propagation	xbibeḍ
nexbic	nexvic	propagation	xbec
nexreb	nexrev	propagation	xreb
nexrib	nexriv	propagation	xreb
nexḍeb	nexḍev	liste	
nexḍib	nexḍiv	propagation	xḍeb
nezbel	nezvel	propagation	zbel
nezbil	nezvil	propagation	zbel
nezbu	nezvu	liste	
nezreb	nezrev	liste	
nezrib	nezriv	propagation	zreb
nezɣeb	nezɣev	propagation	zɣeb
nezɣib	nezɣiv	propagation	zɣeb
neɛba	neɛva	propagation	ɛbu
neɛbed	neɛved	liste	
neɛbi	neɛvi	propagation	ɛbu
neɛbid	neɛvid	propagation	ɛbed
neɛbu	neɛvu	propagation	ɛbu
neɛteb	neɛtev	liste	
neɛtib	neɛtiv	liste	
neɛǧeb	neɛǧev	propagation	ɛǧeb
neɛǧib	neɛǧiv	liste	
neɣba	neɣva	propagation	ɣbu
neɣbemt	neɣvemt	propagation	nɣeb
neɣben	neɣven	propagation	nɣeb
neɣbent	neɣvent	propagation	nɣeb
neɣbet	neɣvet	propagation	nɣeb
neɣbeɣ	neɣveɣ	propagation	nɣeb
neɣbi	neɣvi	propagation	ɣbu
neɣbu	neɣvu	propagation	ɣbu
neɣleb	neɣlev	liste	
neɣlib	neɣliv	propagation	ɣleb
neɣṣeb	neɣṣev	liste	
neɣṣib	neɣṣiv	propagation	ɣṣeb
neγbu	neγvu	liste	
neεǧeb	neεǧev	liste	
neεǧib	neεǧiv	liste	
neḍben	neḍven	liste	
neḍbent	neḍvent	liste	
neḍbeɛ	neḍveɛ	propagation	ḍbeɛ
neḍbeɣ	neḍveɣ	liste	
neḍbiɛ	neḍviɛ	propagation	ḍbeɛ
neḍleb	neḍlev	propagation	ḍleb
neḍlib	neḍliv	propagation	ḍleb
neḥber	neḥver	liste	
neḥbes	neḥves	liste	
neḥbis	neḥvis	propagation	ḥbes
neḥseb	neḥsev	liste	
neḥsib	neḥsiv	propagation	ḥseb
neḥǧeb	neḥǧev	propagation	ḥǧeb
neḥǧib	neḥǧiv	propagation	ḥǧeb
neṣber	neṣver	liste	
neṣbeḥ	neṣveḥ	propagation	ṣbeḥ
neṣbeṛ	neṣveṛ	liste	
neṣbir	neṣvir	propagation	ṣber
neṣbiḥ	neṣviḥ	propagation	ṣbeḥ
neṣleb	neṣlev	propagation	ṣleb
neṣlib	neṣliv	propagation	ṣleb
neṣweb	neṣwev	propagation	ṣweb
neṣwib	neṣwiv	propagation	ṣweb
neṣɛeb	neṣɛev	liste	
neṣɛib	neṣɛiv	propagation	ṣɛeb
neṣṣerbak	neṣṣervak	propagation	ṣṣerbek
neṣṣerbek	neṣṣervek	propagation	ṣṣerbek
neṭṭabaɛ	neṭṭavaɛ	propagation	ḍbeɛ
neṭṭalab	neṭṭalav	propagation	ḍaleb
neṭṭebṭeb	neṭṭevṭev	propagation	ṭṭebṭeb
neṭṭebṭib	neṭṭevṭiv	propagation	ṭṭebṭeb
neṭṭennib	neṭṭenniv	liste	
neṭṭeyyib	neṭṭeyyiv	propagation	ṭeyyeb
neẓber	neẓver	propagation	ẓber
neẓbir	neẓvir	propagation	ẓber
nhabi	nhavi	propagation	habi
nhebbel	nhevvel	propagation	hbel
nhebbu	nhevvu	propagation	hbu
nhuba	nhuva	propagation	habi
nibnin	nivnin	propagation	ibnin
nibrik	nivrik	propagation	ibrik
nibɛid	nivɛid	propagation	ibɛid
niqrib	niqriv	propagation	iqrib
njab	njav	propagation	jab
njaneb	njanev	propagation	janeb
njaweb	njawev	propagation	jaweb
njebbed	njevved	liste	
njebbu	njevvu	propagation	jbu
njebu	njevu	liste	
njeddeb	njeddev	propagation	jdeb
njelleb	njellev	liste	
njerreb	njerrev	liste	
njuba	njuva	propagation	jab
njuneb	njunev	propagation	janeb
njuweb	njuwev	propagation	jaweb
nketteb	nkettev	propagation	kteb
nkeɛɛeb	nkeɛɛev	propagation	kɛeb
nlaqeb	nlaqev	propagation	laqeb
nlebbeḍ	nlevveḍ	propagation	lbeḍ
nleɛɛeb	nleɛɛev	liste	
nleεbet	nleεvet	liste	
nluqeb	nluqev	liste	
nnabi	nnavi	propagation	nabi
nnaseb	nnasev	propagation	naseb
nnbi	nnvi	liste	
nnbuc	nnvuc	liste	
nnebbec	nnevvec	propagation	nbec
nnebḍan	nnevḍan	liste	
nnejbad	nnejvad	propagation	nnejbad
nnejbademt	nnejvademt	propagation	nnejbad
nnejbaden	nnejvaden	propagation	nnejbad
nnejbadent	nnejvadent	propagation	nnejbad
nnejbadet	nnejvadet	propagation	nnejbad
nnejbadeɣ	nnejvadeɣ	propagation	nnejbad
nneqlab	nneqlav	propagation	nneqlab
nneqlabemt	nneqlavemt	propagation	nneqlab
nneqlaben	nneqlaven	propagation	nneqlab
nneqlabent	nneqlavent	propagation	nneqlab
nneqlabet	nneqlavet	propagation	nneqlab
nneqlabeɣ	nneqlaveɣ	propagation	nneqlab
nneqqeb	nneqqev	propagation	nɣeb
nneḥsab	nneḥsav	propagation	nneḥsab
nneḥsabemt	nneḥsavemt	propagation	nneḥsab
nneḥsaben	nneḥsaven	propagation	nneḥsab
nneḥsabent	nneḥsavent	propagation	nneḥsab
nneḥsabet	nneḥsavet	propagation	nneḥsab
nneḥsabeɣ	nneḥsaveɣ	propagation	nneḥsab
nnuba	nnuva	liste	
nnuseb	nnusev	liste	
nnṣib	nnṣiv	liste	
nqabel	nqavel	liste	
nqabeḥ	nqaveḥ	propagation	qabeḥ
nqablet	nqavlet	liste	
nqeb	nqev	liste	
nqebbel	nqevvel	liste	
nqebber	nqevver	propagation	qber
nqebbeḍ	nqevveḍ	propagation	qbeḍ
nqebbeḥ	nqevveḥ	propagation	qbeḥ
nqelleb	nqellev	liste	
nqerreb	nqerrev	liste	
nqezzeb	nqezzev	propagation	qezzeb
nqiben	nqiven	propagation	nqeb
nqibent	nqivent	propagation	nqeb
nqibeɣ	nqiveɣ	propagation	nqeb
nqubel	nquvel	liste	
nqubeḥ	nquveḥ	propagation	qabeḥ
nrab	nrav	propagation	rab
nrebbi	nrevvi	propagation	rbi
nrebbu	nrevvu	propagation	rbu
nrekkeb	nrekkev	liste	
nsab	nsav	propagation	sib
nsebbek	nsevvek	propagation	sbek
nsebbeɛ	nsevveɛ	propagation	sbeɛ
nsebbeɣ	nsevveɣ	propagation	sbeɣ
nsebgen	nsevgen	liste	
nselleb	nsellev	propagation	sleb
nsib	nsiv	propagation	sib
ntabeɛ	ntaveɛ	propagation	tabeɛ
ntub	ntuv	propagation	tub
ntubeɛ	ntuveɛ	propagation	tabeɛ
nuba	nuva	liste	
nuban	nuvan	propagation	nabi
nubant	nuvant	propagation	nabi
nubaɣ	nuvaɣ	propagation	nabi
nubren	nuvren	liste	
nurbij	nurvij	liste	
nusben	nusven	propagation	naseb
nusbent	nusvent	propagation	naseb
nusbeɣ	nusveɣ	propagation	naseb
nwareb	nwarev	propagation	wareb
nweddeb	nweddev	propagation	weddeb
nweǧǧeb	nweǧǧev	propagation	wǧeb
nwureb	nwurev	propagation	wareb
nxab	nxav	propagation	xab
nxeber	nxever	liste	
nxerreb	nxerrev	propagation	xreb
nxeṭṭeb	nxeṭṭev	liste	
nzebbel	nzevvel	propagation	zbel
nzerreb	nzerrev	propagation	zreb
nǧelleb	nǧellev	propagation	ǧelleb
nɛab	nɛav	propagation	ɛib
nɛaqeb	nɛaqev	liste	
nɛebbed	nɛevved	liste	
nɛebbu	nɛevvu	propagation	ɛbu
nɛedbaṛ	nɛedvaṛ	liste	
nɛeggeb	nɛeggev	propagation	ɛeggeb
nɛettab	nɛettav	propagation	nɛettab
nɛettabemt	nɛettavemt	propagation	nɛettab
nɛettaben	nɛettaven	propagation	nɛettab
nɛettabent	nɛettavent	propagation	nɛettab
nɛettabet	nɛettavet	propagation	nɛettab
nɛettabeɣ	nɛettaveɣ	propagation	nɛettab
nɛetteb	nɛettev	liste	
nɛeyyeb	nɛeyyev	propagation	ɛeyyeb
nɛib	nɛiv	propagation	ɛib
nɛuqeb	nɛuqev	liste	
nɣab	nɣav	liste	
nɣeb	nɣev	propagation	nɣeb
nɣebbu	nɣevvu	propagation	ɣbu
nɣeṣṣeb	nɣeṣṣev	liste	
nɣib	nɣiv	propagation	ɣib
nɣiben	nɣiven	propagation	nɣeb
nɣibent	nɣivent	propagation	nɣeb
nɣibeɣ	nɣiveɣ	propagation	nɣeb
nεaǧaben	nεaǧaven	liste	
nεetbareɣ	nεetvareɣ	liste	
nεettabent	nεettavent	liste	
nḍaleb	nḍalev	propagation	ḍaleb
nḍeber	nḍever	liste	
nḍuleb	nḍulev	propagation	ḍaleb
nḥareb	nḥarev	liste	
nḥaseb	nḥasev	propagation	ḥaseb
nḥebbes	nḥevves	propagation	ḥebbes
nḥebset	nḥevset	liste	
nḥesseb	nḥessev	liste	
nḥetteb	nḥettev	liste	
nḥezzeb	nḥezzev	liste	
nḥeǧǧeb	nḥeǧǧev	propagation	ḥǧeb
nḥureb	nḥurev	propagation	ḥareb
nḥuseb	nḥusev	propagation	ḥaseb
nṣab	nṣav	propagation	ṣab
nṣebbeḥ	nṣevveḥ	propagation	ṣbeḥ
nṣelleb	nṣellev	propagation	ṣelleb
nṣewweb	nṣewwev	propagation	ṣweb
nṣeɛɛeb	nṣeɛɛev	propagation	ṣɛeb
nṣib	nṣiv	liste	
nṭeyyeb	nṭeyyev	propagation	ṭeyyeb
nẓebber	nẓevver	propagation	ẓber
nẓerreb	nẓerrev	propagation	ẓerreb
obserbatory	ovservatory	liste	
olibier	olivier	liste	
qabel	qavel	liste	
qabeleɣ	qaveleɣ	liste	
qabeḥ	qaveḥ	propagation	qabeḥ
qablemt	qavlemt	propagation	qabel
qablen	qavlen	liste	
qablent	qavlent	liste	
qablet	qavlet	liste	
qableɣ	qavleɣ	liste	
qabḥemt	qavḥemt	propagation	qabeḥ
qabḥen	qavḥen	propagation	qabeḥ
qabḥent	qavḥent	propagation	qabeḥ
qabḥet	qavḥet	propagation	qabeḥ
qabḥeɣ	qavḥeɣ	propagation	qabeḥ
qbala	qvala	liste	
qbel	qvel	liste	
qber	qver	propagation	qber
qbeḍ	qveḍ	propagation	qbeḍ
qbeḥ	qveḥ	propagation	qbeḥ
qbeṛ	qveṛ	liste	
qbil	qvil	liste	
qbilen	qvilen	liste	
qbilent	qvilent	liste	
qbileɣ	qvileɣ	liste	
qbiren	qviren	propagation	qber
qbirent	qvirent	propagation	qber
qbireɣ	qvireɣ	propagation	qber
qbiḍen	qviḍen	propagation	qbeḍ
qbiḍent	qviḍent	propagation	qbeḍ
qbiḍeɣ	qviḍeɣ	propagation	qbeḍ
qbiḥen	qviḥen	propagation	qbeḥ
qbiḥent	qviḥent	propagation	qbeḥ
qbiḥeɣ	qviḥeɣ	propagation	qbeḥ
qebbel	qevvel	propagation	qebbel
qebber	qevver	propagation	qber
qebbeḍ	qevveḍ	propagation	qbeḍ
qebbeḥ	qevveḥ	propagation	qbeḥ
qebblemt	qevvlemt	propagation	qebbel
qebblen	qevvlen	propagation	qebbel
qebblent	qevvlent	propagation	qebbel
qebblet	qevvlet	propagation	qebbel
qebbleɣ	qevvleɣ	propagation	qebbel
qebbremt	qevvremt	propagation	qber
qebbren	qevvren	propagation	qber
qebbrent	qevvrent	propagation	qber
qebbret	qevvret	propagation	qber
qebbreɣ	qevvreɣ	propagation	qber
qebbḍemt	qevvḍemt	propagation	qbeḍ
qebbḍen	qevvḍen	propagation	qbeḍ
qebbḍent	qevvḍent	propagation	qbeḍ
qebbḍet	qevvḍet	propagation	qbeḍ
qebbḍeɣ	qevvḍeɣ	propagation	qbeḍ
qebbḥemt	qevvḥemt	propagation	qbeḥ
qebbḥen	qevvḥen	propagation	qbeḥ
qebbḥent	qevvḥent	propagation	qbeḥ
qebbḥet	qevvḥet	propagation	qbeḥ
qebbḥeɣ	qevvḥeɣ	propagation	qbeḥ
qebl	qevl	liste	
qeble	qevle	liste	
qeblemt	qevlemt	propagation	qbel
qeblen	qevlen	liste	
qeblent	qevlent	liste	
qeblet	qevlet	propagation	qbel
qebleɣ	qevleɣ	liste	
qebremt	qevremt	propagation	qber
qebren	qevren	liste	
qebrent	qevrent	propagation	qber
qebret	qevret	propagation	qber
qebreɣ	qevreɣ	propagation	qber
qebḍemt	qevḍemt	propagation	qbeḍ
qebḍen	qevḍen	liste	
qebḍent	qevḍent	propagation	qbeḍ
qebḍet	qevḍet	propagation	qbeḍ
qebḍeɣ	qevḍeɣ	liste	
qebḥemt	qevḥemt	propagation	qbeḥ
qebḥen	qevḥen	liste	
qebḥent	qevḥent	propagation	qbeḥ
qebḥet	qevḥet	propagation	qbeḥ
qebḥeɣ	qevḥeɣ	propagation	qbeḥ
qelbemt	qelvemt	liste	
qelben	qelven	liste	
qelbent	qelvent	liste	
qelbet	qelvet	liste	
qelbeɣ	qelveɣ	liste	
qellbemt	qellvemt	liste	
qellben	qellven	liste	
qellbent	qellvent	propagation	qelleb
qellbet	qellvet	liste	
qellbeɣ	qellveɣ	liste	
qelleb	qellev	liste	
qerb	qerv	liste	
qerbemt	qervemt	propagation	qreb
qerben	qerven	liste	
qerbent	qervent	liste	
qerbet	qervet	propagation	iqrib
qerbeɣ	qerveɣ	liste	
qerbeḍ	qerveḍ	propagation	iqrib
qerbit	qervit	propagation	iqrib
qerrbemt	qerrvemt	propagation	qerreb
qerrben	qerrven	liste	
qerrbent	qerrvent	liste	
qerrbet	qerrvet	liste	
qerrbeɣ	qerrveɣ	liste	
qerreb	qerrev	liste	
qezbeleɣ	qezveleɣ	liste	
qezzbemt	qezzvemt	propagation	qezzeb
qezzben	qezzven	propagation	qezzeb
qezzbent	qezzvent	propagation	qezzeb
qezzbet	qezzvet	propagation	qezzeb
qezzbeɣ	qezzveɣ	propagation	qezzeb
qezzeb	qezzev	propagation	qezzeb
qeṛben	qeṛven	liste	
qeṛbent	qeṛvent	liste	
qeṛṛbemt	qeṛṛvemt	liste	
qeṛṛben	qeṛṛven	liste	
qeṛṛbent	qeṛṛvent	liste	
qeṛṛbet	qeṛṛvet	liste	
qeṛṛbeɣ	qeṛṛveɣ	liste	
qeṛṛeb	qeṛṛev	liste	
qleb	qlev	liste	
qliben	qliven	propagation	qleb
qlibent	qlivent	propagation	qleb
qlibeɣ	qliveɣ	propagation	qleb
qqbeqbemt	qqveqvemt	propagation	qqebqeb
qqbeqben	qqveqven	propagation	qqebqeb
qqbeqbent	qqveqvent	propagation	qqebqeb
qqbeqbet	qqveqvet	propagation	qqebqeb
qqbeqbeɣ	qqveqveɣ	propagation	qqebqeb
qqebqeb	qqevqev	propagation	qqebqeb
qreb	qrev	propagation	iqrib
qrib	qriv	liste	
qriben	qriven	propagation	qreb
qribent	qrivent	propagation	qreb
qribeɣ	qriveɣ	propagation	qreb
qublen	quvlen	liste	
qublent	quvlent	liste	
qubleɣ	quvleɣ	liste	
qubḥen	quvḥen	propagation	qabeḥ
qubḥent	quvḥent	propagation	qabeḥ
qubḥeɣ	quvḥeɣ	propagation	qabeḥ
quẓebleɣ	quẓevleɣ	liste	
qṛeb	qṛev	liste	
qṛib	qṛiv	liste	
rab	rav	propagation	rab
rabah	ravah	liste	
rabaḥ	ravaḥ	liste	
rabemt	ravemt	propagation	rab
raben	raven	liste	
rabent	ravent	liste	
rabet	ravet	propagation	rab
rabeɣ	raveɣ	propagation	rab
rabeḥ	raveḥ	liste	
rabès	ravès	liste	
rabḥi	ravḥi	liste	
razban	razvan	liste	
rban	rvan	propagation	rbu
rbant	rvant	liste	
rbaɣ	rvaɣ	propagation	rbi
rbaḥ	rvaḥ	liste	
rbeɛ	rveɛ	liste	
rbeɛṭac	rveɛṭac	liste	
rbeḥ	rveḥ	liste	
rbi	rvi	propagation	rbi
rbimt	rvimt	propagation	rbi
rbin	rvin	propagation	rbu
rbint	rvint	propagation	rbu
rbit	rvit	propagation	rbi
rbiɣ	rviɣ	liste	
rbiḥen	rviḥen	liste	
rbiḥent	rviḥent	propagation	rbeḥ
rbiḥeɣ	rviḥeɣ	liste	
rbu	rvu	liste	
rbumt	rvumt	propagation	rbu
rbun	rvun	propagation	rbu
rbunt	rvunt	propagation	rbu
rbut	rvut	propagation	rbu
rbuɣ	rvuɣ	propagation	rbu
rbḥeɣ	rvḥeɣ	liste	
rebbi	revvi	propagation	rbi
rebbimt	revvimt	propagation	rbi
rebbin	revvin	propagation	rbi
rebbint	revvint	propagation	rbi
rebbit	revvit	propagation	rbi
rebbiɣ	revviɣ	propagation	rbi
rebbu	revvu	propagation	rbu
rebbumt	revvumt	propagation	rbu
rebbun	revvun	propagation	rbu
rebbunt	revvunt	propagation	rbu
rebbut	revvut	propagation	rbu
rebbuɣ	revvuɣ	propagation	rbu
rebrab	revrav	liste	
rebu	revu	liste	
rebɛa	revɛa	liste	
rebεa	revεa	liste	
rebεemya	revεemya	liste	
rebεin	revεin	liste	
rebεun	revεun	liste	
rebḥemt	revḥemt	propagation	rbeḥ
rebḥen	revḥen	liste	
rebḥent	revḥent	liste	
rebḥet	revḥet	propagation	rbeḥ
rebḥeɣ	revḥeɣ	liste	
reggbeɣ	reggveɣ	liste	
rekbemt	rekvemt	liste	
rekben	rekven	liste	
rekbent	rekvent	liste	
rekbet	rekvet	liste	
rekbeɣ	rekveɣ	liste	
rekkbemt	rekkvemt	propagation	rkeb
rekkben	rekkven	liste	
rekkbent	rekkvent	propagation	rkeb
rekkbet	rekkvet	propagation	rkeb
rekkbeɣ	rekkveɣ	liste	
rekkeb	rekkev	propagation	rkeb
reḍbemt	reḍvemt	propagation	rḍeb
reḍben	reḍven	propagation	rḍeb
reḍbent	reḍvent	liste	
reḍbet	reḍvet	propagation	rḍeb
reḍbeɣ	reḍveɣ	propagation	rḍeb
rkeb	rkev	liste	
rkiben	rkiven	propagation	rkeb
rkibent	rkivent	propagation	rkeb
rkibeɣ	rkiveɣ	liste	
rrabay	rravay	liste	
rrabaḥa	rravaḥa	liste	
rrabul	rravul	liste	
rrba	rrva	liste	
rrbaḥ	rrvaḥ	liste	
rrbaḥa	rrvaḥa	liste	
rrbeɛ	rrveɛ	liste	
rrbeḥ	rrveḥ	liste	
rrebg	rrevg	liste	
rrebrab	rrevrav	liste	
rrebɛa	rrevɛa	liste	
rrebεa	rrevεa	liste	
rrebḥ	rrevḥ	liste	
rrehba	rrehva	liste	
rrekba	rrekva	liste	
rrekbat	rrekvat	liste	
rreḥba	rreḥva	liste	
rḍeb	rḍev	liste	
rḍiben	rḍiven	propagation	rḍeb
rḍibent	rḍivent	propagation	rḍeb
rḍibeɣ	rḍiveɣ	propagation	rḍeb
sab	sav	propagation	sab
sabaε	savaε	liste	
sabemt	savemt	propagation	sab
saben	saven	propagation	sib
sabent	savent	propagation	sib
sabet	savet	propagation	sab
sabeɣ	saveɣ	propagation	sib
salbador	salvador	liste	
sbabbay	svavvay	propagation	sbibb
sbabbayemt	svavvayemt	propagation	sbibb
sbabbayen	svavvayen	propagation	sbibb
sbabbayent	svavvayent	propagation	sbibb
sbabbayet	svavvayet	propagation	sbibb
sbabbayeɣ	svavvayeɣ	liste	
sbabben	svavven	propagation	sbibb
sbabbent	svavvent	propagation	sbibb
sbabbeɣ	svavveɣ	propagation	sbibb
sban	svan	liste	
sbanay	svanay	propagation	sbin
sbanayemt	svanayemt	propagation	sbin
sbanayen	svanayen	propagation	sbin
sbanayent	svanayent	propagation	sbin
sbanayet	svanayet	propagation	sbin
sbanayeɣ	svanayeɣ	propagation	sbin
sbanemt	svanemt	propagation	sban
sbanen	svanen	propagation	sbin
sbanent	svanent	propagation	sbin
sbanet	svanet	propagation	sban
sbaneɣ	svaneɣ	propagation	sbin
sbaɛɛay	svaɛɛay	propagation	sbeɛbeɛ
sbaɛɛayemt	svaɛɛayemt	propagation	sbeɛbeɛ
sbaɛɛayen	svaɛɛayen	propagation	sbeɛbeɛ
sbaɛɛayent	svaɛɛayent	propagation	sbeɛbeɛ
sbaɛɛayet	svaɛɛayet	propagation	sbeɛbeɛ
sbaɛɛayeɣ	svaɛɛayeɣ	propagation	sbeɛbeɛ
sbaɛṭac	svaɛṭac	liste	
sbaḥ	svaḥ	liste	
sbecbucen	svecvucen	liste	
sbedd	svedd	liste	
sbedday	svedday	propagation	sbedd
sbeddayemt	sveddayemt	propagation	sbedd
sbeddayen	sveddayen	propagation	sbedd
sbeddayent	sveddayent	propagation	sbedd
sbeddayet	sveddayet	propagation	sbedd
sbeddayeɣ	sveddayeɣ	liste	
sbeddemt	sveddemt	liste	
sbedden	svedden	liste	
sbeddent	sveddent	liste	
sbeddet	sveddet	liste	
sbeddeɣ	sveddeɣ	liste	
sbedεen	svedεen	liste	
sbeggen	sveggen	liste	
sbeggent	sveggent	liste	
sbeggin	sveggin	propagation	sbeggen
sbegginemt	svegginemt	propagation	sbeggen
sbegginen	svegginen	propagation	sbeggen
sbegginent	svegginent	propagation	sbeggen
sbegginet	svegginet	propagation	sbeggen
sbeggineɣ	sveggineɣ	propagation	sbeggen
sbeggnem	sveggnem	liste	
sbeggnemt	sveggnemt	liste	
sbeggnen	sveggnen	liste	
sbeggnent	sveggnent	propagation	sbeggen
sbeggnet	sveggnet	propagation	sbeggen
sbeggneɣ	sveggneɣ	liste	
sbeggneḍ	sveggneḍ	liste	
sbehban	svehvan	propagation	sbehbi
sbehbant	svehvant	propagation	sbehbi
sbehbay	svehvay	liste	
sbehbayemt	svehvayemt	liste	
sbehbayen	svehvayen	propagation	sbehbi
sbehbayent	svehvayent	propagation	sbehbi
sbehbayet	svehvayet	liste	
sbehbayeɣ	svehvayeɣ	propagation	sbehbi
sbehbaɣ	svehvaɣ	propagation	sbehbi
sbehbi	svehvi	propagation	sbehbi
sbehbimt	svehvimt	propagation	sbehbi
sbehbin	svehvin	propagation	sbehbi
sbehbint	svehvint	propagation	sbehbi
sbehbit	svehvit	propagation	sbehbi
sbehbiɣ	svehviɣ	propagation	sbehbi
sbek	svek	propagation	sbek
sbelɛen	svelɛen	liste	
sbelɛent	svelɛent	liste	
sbelɛeɣ	svelɛeɣ	liste	
sbelɛeṭ	svelɛeṭ	propagation	sbelɛeṭ
sbelɛiṭ	svelɛiṭ	liste	
sbelɛiṭemt	svelɛiṭemt	propagation	sbelɛeṭ
sbelɛiṭen	svelɛiṭen	propagation	sbelɛeṭ
sbelɛiṭent	svelɛiṭent	propagation	sbelɛeṭ
sbelɛiṭet	svelɛiṭet	propagation	sbelɛeṭ
sbelɛiṭeɣ	svelɛiṭeɣ	propagation	sbelɛeṭ
sbelɛṭemt	svelɛṭemt	propagation	sbelɛeṭ
sbelɛṭen	svelɛṭen	propagation	sbelɛeṭ
sbelɛṭent	svelɛṭent	propagation	sbelɛeṭ
sbelɛṭet	svelɛṭet	propagation	sbelɛeṭ
sbelɛṭeɣ	svelɛṭeɣ	propagation	sbelɛeṭ
sbender	svender	propagation	sbender
sbendir	svendir	propagation	sbender
sbendiremt	svendiremt	propagation	sbender
sbendiren	svendiren	propagation	sbender
sbendirent	svendirent	propagation	sbender
sbendiret	svendiret	propagation	sbender
sbendireɣ	svendireɣ	propagation	sbender
sbendremt	svendremt	propagation	sbender
sbendren	svendren	propagation	sbender
sbendrent	svendrent	propagation	sbender
sbendret	svendret	propagation	sbender
sbendreɣ	svendreɣ	propagation	sbender
sber	sver	liste	
sberber	sverver	liste	
sberbir	svervir	propagation	sberber
sberbiremt	sverviremt	propagation	sberber
sberbiren	sverviren	propagation	sberber
sberbirent	svervirent	propagation	sberber
sberbiret	sverviret	propagation	sberber
sberbireɣ	svervireɣ	propagation	sberber
sberbremt	svervremt	propagation	sberber
sberbren	svervren	propagation	sberber
sberbrent	svervrent	propagation	sberber
sberbret	svervret	propagation	sberber
sberbreɣ	svervreɣ	propagation	sberber
sberrayeɣ	sverrayeɣ	liste	
sberrin	sverrin	liste	
sbexxeṛ	svexxeṛ	liste	
sbexxiṛ	svexxiṛ	liste	
sbexxiṛemt	svexxiṛemt	liste	
sbexxiṛen	svexxiṛen	liste	
sbexxiṛent	svexxiṛent	liste	
sbexxiṛet	svexxiṛet	liste	
sbexxiṛeɣ	svexxiṛeɣ	liste	
sbexxṛemt	svexxṛemt	liste	
sbexxṛen	svexxṛen	liste	
sbexxṛent	svexxṛent	liste	
sbexxṛet	svexxṛet	liste	
sbexxṛeɣ	svexxṛeɣ	liste	
sbezgen	svezgen	liste	
sbeɛ	sveɛ	liste	
sbeɛbeɛ	sveɛveɛ	propagation	sbeɛbeɛ
sbeɛbuɛen	sveɛvuɛen	liste	
sbeɛbuɛent	sveɛvuɛent	liste	
sbeɛbuɛeɣ	sveɛvuɛeɣ	liste	
sbeɛbɛemt	sveɛvɛemt	propagation	sbeɛbeɛ
sbeɛbɛen	sveɛvɛen	propagation	sbeɛbeɛ
sbeɛbɛent	sveɛvɛent	propagation	sbeɛbeɛ
sbeɛbɛet	sveɛvɛet	propagation	sbeɛbeɛ
sbeɛbɛeɣ	sveɛvɛeɣ	propagation	sbeɛbeɛ
sbeɛdemt	sveɛdemt	liste	
sbeɛden	sveɛden	liste	
sbeɛdent	sveɛdent	liste	
sbeɛdet	sveɛdet	liste	
sbeɛdeɣ	sveɛdeɣ	liste	
sbeɛtac	sveɛtac	liste	
sbeɛyam	sveɛyam	liste	
sbeɛṭac	sveɛṭac	liste	
sbeɣ	sveɣ	propagation	sbeɣ
sbeɣsen	sveɣsen	liste	
sbeɣset	sveɣset	liste	
sbeḥ	sveḥ	liste	
sbeṛ	sveṛ	liste	
sbibb	svivv	propagation	sbibb
sbibbemt	svivvemt	propagation	sbibb
sbibben	svivven	propagation	sbibb
sbibbent	svivvent	propagation	sbibb
sbibbet	svivvet	propagation	sbibb
sbibbeɣ	svivveɣ	propagation	sbibb
sbiken	sviken	propagation	sbek
sbikent	svikent	propagation	sbek
sbikeɣ	svikeɣ	propagation	sbek
sbin	svin	liste	
sbinemt	svinemt	propagation	sbin
sbinen	svinen	propagation	sbin
sbinent	svinent	propagation	sbin
sbinet	svinet	propagation	sbin
sbineɣ	svineɣ	propagation	sbin
sbiɛen	sviɛen	propagation	sbeɛ
sbiɛent	sviɛent	propagation	sbeɛ
sbiɛeɣ	sviɛeɣ	propagation	sbeɛ
sbiɣen	sviɣen	propagation	sbeɣ
sbiɣent	sviɣent	propagation	sbeɣ
sbiɣeɣ	sviɣeɣ	propagation	sbeɣ
sbiṭar	sviṭar	liste	
sbiṭaṛ	sviṭaṛ	liste	
sbiṭaṛat	sviṭaṛat	liste	
sburr	svurr	liste	
sburremt	svurremt	propagation	sburr
sburren	svurren	liste	
sburrent	svurrent	propagation	sburr
sburret	svurret	liste	
sburreɣ	svurreɣ	liste	
sburruy	svurruy	liste	
sburruyemt	svurruyemt	propagation	sburr
sburruyen	svurruyen	propagation	sburr
sburruyent	svurruyent	propagation	sburr
sburruyet	svurruyet	propagation	sburr
sburruyeɣ	svurruyeɣ	propagation	sburr
sbuḥran	svuḥran	liste	
sbuḥrant	svuḥrant	liste	
sbuḥraɣ	svuḥraɣ	liste	
sbuḥru	svuḥru	liste	
sbuḥrumt	svuḥrumt	liste	
sbuḥrun	svuḥrun	propagation	sbuḥru
sbuḥrunt	svuḥrunt	propagation	sbuḥru
sbuḥrut	svuḥrut	liste	
sbuḥruy	svuḥruy	liste	
sbuḥruyemt	svuḥruyemt	liste	
sbuḥruyen	svuḥruyen	liste	
sbuḥruyent	svuḥruyent	liste	
sbuḥruyet	svuḥruyet	liste	
sbuḥruyeɣ	svuḥruyeɣ	liste	
sbuḥruɣ	svuḥruɣ	propagation	sbuḥru
sbuṛṛufeɣ	svuṛṛufeɣ	liste	
sdebdbemt	sdevdvemt	propagation	sdebdeb
sdebdben	sdevdven	propagation	sdebdeb
sdebdbent	sdevdvent	propagation	sdebdeb
sdebdbet	sdevdvet	propagation	sdebdeb
sdebdbeɣ	sdevdveɣ	propagation	sdebdeb
sdebdeb	sdevdev	propagation	sdebdeb
sdebdub	sdevduv	propagation	sdebdeb
sdebdubemt	sdevduvemt	propagation	sdebdeb
sdebduben	sdevduven	propagation	sdebdeb
sdebdubent	sdevduvent	propagation	sdebdeb
sdebdubet	sdevduvet	propagation	sdebdeb
sdebdubeɣ	sdevduveɣ	propagation	sdebdeb
sderbez	sdervez	propagation	sderbez
sderbiz	sderviz	propagation	sderbez
sderbizemt	sdervizemt	propagation	sderbez
sderbizen	sdervizen	liste	
sderbizent	sdervizent	liste	
sderbizet	sdervizet	propagation	sderbez
sderbizeɣ	sdervizeɣ	liste	
sderbzemt	sdervzemt	propagation	sderbez
sderbzen	sdervzen	propagation	sderbez
sderbzent	sdervzent	propagation	sderbez
sderbzet	sdervzet	propagation	sderbez
sderbzeɣ	sdervzeɣ	propagation	sderbez
sdub	sduv	propagation	sdub
sdubemt	sduvemt	propagation	sdub
sduben	sduven	propagation	sdub
sdubent	sduvent	propagation	sdub
sdubet	sduvet	propagation	sdub
sdubeɣ	sduveɣ	propagation	sdub
sdubuy	sduvuy	propagation	sdub
sdubuyemt	sduvuyemt	propagation	sdub
sdubuyen	sduvuyen	propagation	sdub
sdubuyent	sduvuyent	propagation	sdub
sdubuyet	sduvuyet	propagation	sdub
sdubuyeɣ	sduvuyeɣ	propagation	sdub
sebbek	sevvek	propagation	sbek
sebbeɛ	sevveɛ	propagation	sbeɛ
sebbeɣ	sevveɣ	propagation	sbeɣ
sebbkemt	sevvkemt	propagation	sbek
sebbken	sevvken	propagation	sbek
sebbkent	sevvkent	propagation	sbek
sebbket	sevvket	propagation	sbek
sebbkeɣ	sevvkeɣ	propagation	sbek
sebbɛemt	sevvɛemt	propagation	sbeɛ
sebbɛen	sevvɛen	propagation	sbeɛ
sebbɛent	sevvɛent	propagation	sbeɛ
sebbɛet	sevvɛet	propagation	sbeɛ
sebbɛeɣ	sevvɛeɣ	propagation	sbeɛ
sebbɣemt	sevvɣemt	propagation	sbeɣ
sebbɣen	sevvɣen	propagation	sbeɣ
sebbɣent	sevvɣent	propagation	sbeɣ
sebbɣet	sevvɣet	propagation	sbeɣ
sebbɣeɣ	sevvɣeɣ	propagation	sbeɣ
sebded	sevded	liste	
seber	sever	liste	
sebkemt	sevkemt	propagation	sbek
sebken	sevken	propagation	sbek
sebkent	sevkent	propagation	sbek
sebket	sevket	propagation	sbek
sebkeɣ	sevkeɣ	propagation	sbek
sebleḍ	sevleḍ	liste	
sebleḥ	sevleḥ	liste	
sebreɣ	sevreɣ	liste	
sebt	sevt	liste	
sebter	sevter	liste	
sebɛa	sevɛa	liste	
sebɛed	sevɛed	liste	
sebɛemt	sevɛemt	propagation	sbeɛ
sebɛen	sevɛen	propagation	sbeɛ
sebɛent	sevɛent	propagation	sbeɛ
sebɛet	sevɛet	propagation	sbeɛ
sebɛeɣ	sevɛeɣ	propagation	sbeɛ
sebɛin	sevɛin	liste	
sebɣareɣ	sevɣareɣ	liste	
sebɣasen	sevɣasen	liste	
sebɣemt	sevɣemt	propagation	sbeɣ
sebɣen	sevɣen	liste	
sebɣent	sevɣent	liste	
sebɣet	sevɣet	propagation	sbeɣ
sebɣeɣ	sevɣeɣ	liste	
sebεa	sevεa	liste	
selbec	selvec	liste	
selbemt	selvemt	propagation	sleb
selben	selven	liste	
selbent	selvent	liste	
selbet	selvet	propagation	sleb
selbeɣ	selveɣ	liste	
sellbemt	sellvemt	propagation	sleb
sellben	sellven	propagation	sleb
sellbent	sellvent	propagation	sleb
sellbet	sellvet	propagation	sleb
sellbeɣ	sellveɣ	propagation	sleb
selleb	sellev	propagation	sleb
semqabal	semqaval	liste	
serbis	servis	liste	
setṛeḥben	setṛeḥven	liste	
seɛtab	seɛtav	liste	
seḥbes	seḥves	liste	
seḥbibreɣ	seḥvivreɣ	liste	
seḥsaben	seḥsaven	liste	
seḥseb	seḥsev	liste	
seṭbeṭbeɣ	seṭveṭveɣ	liste	
sib	siv	propagation	sib
sibemt	sivemt	propagation	sib
siben	siven	propagation	sib
sibent	sivent	propagation	sib
sibet	sivet	propagation	sib
sibeɣ	siveɣ	propagation	sib
skaddben	skaddven	liste	
skaddbent	skaddvent	liste	
skaddbeɣ	skaddveɣ	liste	
skandinabya	skandinavya	liste	
skecber	skecver	liste	
skenjbir	skenjvir	liste	
skiddbemt	skiddvemt	propagation	skiddeb
skiddben	skiddven	propagation	skiddeb
skiddbent	skiddvent	propagation	skiddeb
skiddbet	skiddvet	propagation	skiddeb
skiddbeɣ	skiddveɣ	liste	
skiddeb	skiddev	propagation	skiddeb
skiddib	skiddiv	liste	
skiddibemt	skiddivemt	liste	
skiddiben	skiddiven	liste	
skiddibent	skiddivent	liste	
skiddibet	skiddivet	liste	
skiddibeɣ	skiddiveɣ	liste	
skidiben	skidiven	liste	
skidibent	skidivent	liste	
sleb	slev	liste	
sliben	sliven	propagation	sleb
slibent	slivent	propagation	sleb
slibeɣ	sliveɣ	propagation	sleb
smuhbel	smuhvel	propagation	smuhbel
smuhbul	smuhvul	liste	
smuhbulemt	smuhvulemt	liste	
smuhbulen	smuhvulen	liste	
smuhbulent	smuhvulent	liste	
smuhbulet	smuhvulet	liste	
smuhbuleɣ	smuhvuleɣ	liste	
smuheblemt	smuhevlemt	propagation	smuhbel
smuheblen	smuhevlen	propagation	smuhbel
smuheblent	smuhevlent	propagation	smuhbel
smuheblet	smuhevlet	propagation	smuhbel
smuhebleɣ	smuhevleɣ	liste	
smuselbemt	smuselvemt	propagation	smusleb
smuselben	smuselven	propagation	smusleb
smuselbent	smuselvent	propagation	smusleb
smuselbet	smuselvet	propagation	smusleb
smuselbeɣ	smuselveɣ	propagation	smusleb
smusleb	smuslev	propagation	smusleb
smuslub	smusluv	liste	
smuslubemt	smusluvemt	liste	
smusluben	smusluven	propagation	smusleb
smuslubent	smusluvent	propagation	smusleb
smuslubet	smusluvet	liste	
smuslubeɣ	smusluveɣ	propagation	smusleb
smuɣben	smuɣven	liste	
smuɣbun	smuɣvun	liste	
smuɣbunemt	smuɣvunemt	liste	
smuɣbunen	smuɣvunen	propagation	smuɣben
smuɣbunent	smuɣvunent	propagation	smuɣben
smuɣbunet	smuɣvunet	liste	
smuɣbuneɣ	smuɣvuneɣ	propagation	smuɣben
smuɣebnemt	smuɣevnemt	propagation	smuɣben
smuɣebnen	smuɣevnen	propagation	smuɣben
smuɣebnent	smuɣevnent	propagation	smuɣben
smuɣebnet	smuɣevnet	propagation	smuɣben
smuɣebneɣ	smuɣevneɣ	propagation	smuɣben
snejbadayeɣ	snejvadayeɣ	liste	
sneqben	sneqven	liste	
sneqlab	sneqlav	propagation	sneqlab
sneqlabay	sneqlavay	propagation	sneqlab
sneqlabayemt	sneqlavayemt	propagation	sneqlab
sneqlabayen	sneqlavayen	propagation	sneqlab
sneqlabayent	sneqlavayent	propagation	sneqlab
sneqlabayet	sneqlavayet	propagation	sneqlab
sneqlabayeɣ	sneqlavayeɣ	propagation	sneqlab
sneqlabemt	sneqlavemt	propagation	sneqlab
sneqlaben	sneqlaven	propagation	sneqlab
sneqlabent	sneqlavent	propagation	sneqlab
sneqlabet	sneqlavet	propagation	sneqlab
sneqlabeɣ	sneqlaveɣ	propagation	sneqlab
snubegtemt	snuvegtemt	propagation	snubget
snubegten	snuvegten	propagation	snubget
snubegtent	snuvegtent	propagation	snubget
snubegtet	snuvegtet	propagation	snubget
snubegteɣ	snuvegteɣ	propagation	snubget
snubget	snuvget	propagation	snubget
snubgut	snuvgut	propagation	snubget
snubgutemt	snuvgutemt	propagation	snubget
snubguten	snuvguten	propagation	snubget
snubgutent	snuvgutent	propagation	snubget
snubgutet	snuvgutet	propagation	snubget
snubguteɣ	snuvguteɣ	propagation	snubget
sqazzben	sqazzven	propagation	sqizzeb
sqazzbent	sqazzvent	propagation	sqizzeb
sqazzbeɣ	sqazzveɣ	propagation	sqizzeb
sqerbebb	sqervevv	propagation	sqerbebb
sqerbebbemt	sqervevvemt	propagation	sqerbebb
sqerbebben	sqervevven	propagation	sqerbebb
sqerbebbent	sqervevvent	propagation	sqerbebb
sqerbebbet	sqervevvet	propagation	sqerbebb
sqerbebbeɣ	sqervevveɣ	propagation	sqerbebb
sqerbib	sqerviv	liste	
sqerbibemt	sqervivemt	propagation	sqerbebb
sqerbiben	sqerviven	propagation	sqerbebb
sqerbibent	sqervivent	propagation	sqerbebb
sqerbibet	sqervivet	propagation	sqerbebb
sqerbibeɣ	sqerviveɣ	propagation	sqerbebb
sqeṛben	sqeṛven	liste	
sqeṛbent	sqeṛvent	liste	
sqeṛbiben	sqeṛviven	liste	
sqeṛbibent	sqeṛvivent	liste	
sqeṛbibeɣ	sqeṛviveɣ	liste	
sqizzbemt	sqizzvemt	propagation	sqizzeb
sqizzben	sqizzven	propagation	sqizzeb
sqizzbent	sqizzvent	propagation	sqizzeb
sqizzbet	sqizzvet	propagation	sqizzeb
sqizzbeɣ	sqizzveɣ	liste	
sqizzeb	sqizzev	propagation	sqizzeb
sqizzib	sqizziv	liste	
sqizzibemt	sqizzivemt	propagation	sqizzeb
sqizziben	sqizziven	liste	
sqizzibent	sqizzivent	propagation	sqizzeb
sqizzibet	sqizzivet	propagation	sqizzeb
sqizzibeɣ	sqizziveɣ	liste	
srabes	sraves	liste	
srebruben	srevruven	liste	
srekben	srekven	liste	
ssayeb	ssayev	liste	
ssbaɣ	ssvaɣ	liste	
ssbeddemt	ssveddemt	propagation	ssebded
ssbedden	ssvedden	propagation	ssebded
ssbeddent	ssveddent	propagation	ssebded
ssbeddet	ssveddet	propagation	ssebded
ssbeddeɣ	ssveddeɣ	propagation	ssebded
ssbelɛemt	ssvelɛemt	propagation	ssebleɛ
ssbelɛen	ssvelɛen	propagation	ssebleɛ
ssbelɛent	ssvelɛent	propagation	ssebleɛ
ssbelɛet	ssvelɛet	propagation	ssebleɛ
ssbelɛeɣ	ssvelɛeɣ	propagation	ssebleɛ
ssber	ssver	liste	
ssbezgemt	ssvezgemt	propagation	ssebzeg
ssbezgen	ssvezgen	propagation	ssebzeg
ssbezgent	ssvezgent	propagation	ssebzeg
ssbezget	ssvezget	propagation	ssebzeg
ssbezgeɣ	ssvezgeɣ	liste	
ssbeɛ	ssveɛ	liste	
ssbeɛdemt	ssveɛdemt	propagation	ssebɛed
ssbeɛden	ssveɛden	propagation	ssebɛed
ssbeɛdent	ssveɛdent	propagation	ssebɛed
ssbeɛdet	ssveɛdet	propagation	ssebɛed
ssbeɛdeɣ	ssveɛdeɣ	liste	
ssbeεdeɣ	ssveεdeɣ	liste	
ssbeḥ	ssveḥ	liste	
ssbeṛ	ssveṛ	liste	
ssbeṭlemt	ssveṭlemt	propagation	ssebṭel
ssbeṭlen	ssveṭlen	propagation	ssebṭel
ssbeṭlent	ssveṭlent	propagation	ssebṭel
ssbeṭlet	ssveṭlet	propagation	ssebṭel
ssbeṭleɣ	ssveṭleɣ	propagation	ssebṭel
ssbiɣa	ssviɣa	liste	
ssbiṭar	ssviṭar	liste	
ssbiṭarat	ssviṭarat	liste	
ssbiṭaṛ	ssviṭaṛ	liste	
ssbuɛ	ssvuɛ	liste	
ssebdad	ssevdad	propagation	ssebded
ssebdademt	ssevdademt	propagation	ssebded
ssebdaden	ssevdaden	propagation	ssebded
ssebdadent	ssevdadent	propagation	ssebded
ssebdadet	ssevdadet	propagation	ssebded
ssebdadeɣ	ssevdadeɣ	liste	
ssebded	ssevded	liste	
sseblaɛ	ssevlaɛ	propagation	ssebleɛ
sseblaɛemt	ssevlaɛemt	propagation	ssebleɛ
sseblaɛen	ssevlaɛen	liste	
sseblaɛent	ssevlaɛent	liste	
sseblaɛet	ssevlaɛet	propagation	ssebleɛ
sseblaɛeɣ	ssevlaɛeɣ	liste	
ssebleɛ	ssevleɛ	liste	
ssebluleɣ	ssevluleɣ	propagation	ssebluleɣ
ssebluluɣ	ssevluluɣ	propagation	ssebluleɣ
ssebluluɣemt	ssevluluɣemt	propagation	ssebluleɣ
ssebluluɣen	ssevluluɣen	propagation	ssebluleɣ
ssebluluɣent	ssevluluɣent	propagation	ssebluleɣ
ssebluluɣet	ssevluluɣet	propagation	ssebluleɣ
ssebluluɣeɣ	ssevluluɣeɣ	propagation	ssebluleɣ
sseblulɣemt	ssevlulɣemt	propagation	ssebluleɣ
sseblulɣen	ssevlulɣen	propagation	ssebluleɣ
sseblulɣent	ssevlulɣent	propagation	ssebluleɣ
sseblulɣet	ssevlulɣet	propagation	ssebluleɣ
sseblulɣeɣ	ssevlulɣeɣ	propagation	ssebluleɣ
ssebran	ssevran	propagation	ssebru
ssebrant	ssevrant	propagation	ssebru
ssebrarḥen	ssevrarḥen	propagation	ssebrireḥ
ssebrarḥent	ssevrarḥent	propagation	ssebrireḥ
ssebrarḥeɣ	ssevrarḥeɣ	propagation	ssebrireḥ
ssebray	ssevray	propagation	ssebri
ssebrayemt	ssevrayemt	propagation	ssebri
ssebrayen	ssevrayen	propagation	ssebri
ssebrayent	ssevrayent	propagation	ssebri
ssebrayet	ssevrayet	propagation	ssebri
ssebrayeɣ	ssevrayeɣ	liste	
ssebraɣ	ssevraɣ	propagation	ssebru
ssebri	ssevri	propagation	ssebri
ssebrimt	ssevrimt	propagation	ssebri
ssebrin	ssevrin	propagation	ssebri
ssebrint	ssevrint	propagation	ssebri
ssebrireḥ	ssevrireḥ	liste	
ssebririḥ	ssevririḥ	propagation	ssebrireḥ
ssebririḥemt	ssevririḥemt	propagation	ssebrireḥ
ssebririḥen	ssevririḥen	propagation	ssebrireḥ
ssebririḥent	ssevririḥent	propagation	ssebrireḥ
ssebririḥet	ssevririḥet	propagation	ssebrireḥ
ssebririḥeɣ	ssevririḥeɣ	propagation	ssebrireḥ
ssebrirḥemt	ssevrirḥemt	propagation	ssebrireḥ
ssebrirḥen	ssevrirḥen	propagation	ssebrireḥ
ssebrirḥent	ssevrirḥent	propagation	ssebrireḥ
ssebrirḥet	ssevrirḥet	propagation	ssebrireḥ
ssebrirḥeɣ	ssevrirḥeɣ	propagation	ssebrireḥ
ssebrit	ssevrit	propagation	ssebri
ssebriɣ	ssevriɣ	propagation	ssebri
ssebru	ssevru	propagation	ssebru
ssebrumt	ssevrumt	propagation	ssebru
ssebrun	ssevrun	propagation	ssebru
ssebrunt	ssevrunt	propagation	ssebru
ssebrut	ssevrut	propagation	ssebru
ssebruy	ssevruy	propagation	ssebru
ssebruyemt	ssevruyemt	propagation	ssebru
ssebruyen	ssevruyen	propagation	ssebru
ssebruyent	ssevruyent	propagation	ssebru
ssebruyet	ssevruyet	propagation	ssebru
ssebruyeɣ	ssevruyeɣ	propagation	ssebru
ssebruzzeɛ	ssevruzzeɛ	liste	
ssebruzzuɛ	ssevruzzuɛ	propagation	ssebruzzeɛ
ssebruzzuɛemt	ssevruzzuɛemt	propagation	ssebruzzeɛ
ssebruzzuɛen	ssevruzzuɛen	propagation	ssebruzzeɛ
ssebruzzuɛent	ssevruzzuɛent	propagation	ssebruzzeɛ
ssebruzzuɛet	ssevruzzuɛet	propagation	ssebruzzeɛ
ssebruzzuɛeɣ	ssevruzzuɛeɣ	propagation	ssebruzzeɛ
ssebruzzɛemt	ssevruzzɛemt	propagation	ssebruzzeɛ
ssebruzzɛen	ssevruzzɛen	propagation	ssebruzzeɛ
ssebruzzɛent	ssevruzzɛent	propagation	ssebruzzeɛ
ssebruzzɛet	ssevruzzɛet	propagation	ssebruzzeɛ
ssebruzzɛeɣ	ssevruzzɛeɣ	propagation	ssebruzzeɛ
ssebruɣ	ssevruɣ	propagation	ssebru
ssebt	ssevt	liste	
ssebzag	ssevzag	propagation	ssebzeg
ssebzagemt	ssevzagemt	propagation	ssebzeg
ssebzagen	ssevzagen	propagation	ssebzeg
ssebzagent	ssevzagent	propagation	ssebzeg
ssebzaget	ssevzaget	propagation	ssebzeg
ssebzageɣ	ssevzageɣ	liste	
ssebzeg	ssevzeg	propagation	ssebzeg
ssebɛa	ssevɛa	liste	
ssebɛad	ssevɛad	liste	
ssebɛademt	ssevɛademt	propagation	ssebɛed
ssebɛaden	ssevɛaden	propagation	ssebɛed
ssebɛadent	ssevɛadent	propagation	ssebɛed
ssebɛadet	ssevɛadet	propagation	ssebɛed
ssebɛadeɣ	ssevɛadeɣ	liste	
ssebɛed	ssevɛed	liste	
ssebɣasen	ssevɣasen	liste	
ssebɣaseɣ	ssevɣaseɣ	liste	
ssebεa	ssevεa	liste	
ssebḥan	ssevḥan	liste	
ssebṛaṛaḥen	ssevṛaṛaḥen	liste	
ssebṛaṛaḥent	ssevṛaṛaḥent	liste	
ssebṛaṛaḥeɣ	ssevṛaṛaḥeɣ	liste	
ssebṛaṛḥen	ssevṛaṛḥen	liste	
ssebṛaṛḥent	ssevṛaṛḥent	liste	
ssebṛaṛḥeɣ	ssevṛaṛḥeɣ	liste	
ssebṭal	ssevṭal	propagation	ssebṭel
ssebṭalemt	ssevṭalemt	propagation	ssebṭel
ssebṭalen	ssevṭalen	propagation	ssebṭel
ssebṭalent	ssevṭalent	propagation	ssebṭel
ssebṭalet	ssevṭalet	propagation	ssebṭel
ssebṭaleɣ	ssevṭaleɣ	propagation	ssebṭel
ssebṭel	ssevṭel	propagation	ssebṭel
ssegrarben	ssegrarven	propagation	ssegrireb
ssegrarbent	ssegrarvent	propagation	ssegrireb
ssegrarbeɣ	ssegrarveɣ	propagation	ssegrireb
ssegrirbemt	ssegrirvemt	propagation	ssegrireb
ssegrirben	ssegrirven	propagation	ssegrireb
ssegrirbent	ssegrirvent	propagation	ssegrireb
ssegrirbet	ssegrirvet	propagation	ssegrireb
ssegrirbeɣ	ssegrirveɣ	propagation	ssegrireb
ssegrireb	ssegrirev	liste	
ssegririb	ssegririv	propagation	ssegrireb
ssegriribemt	ssegririvemt	propagation	ssegrireb
ssegririben	ssegririven	propagation	ssegrireb
ssegriribent	ssegririvent	propagation	ssegrireb
ssegriribet	ssegririvet	propagation	ssegrireb
ssegriribeɣ	ssegririveɣ	propagation	ssegrireb
ssehbal	ssehval	propagation	ssehbel
ssehbalemt	ssehvalemt	propagation	ssehbel
ssehbalen	ssehvalen	liste	
ssehbalent	ssehvalent	liste	
ssehbalet	ssehvalet	propagation	ssehbel
ssehbaleɣ	ssehvaleɣ	propagation	ssehbel
ssehbel	ssehvel	propagation	ssehbel
sselbemt	sselvemt	propagation	ssleb
sselben	sselven	liste	
sselbent	sselvent	propagation	ssleb
sselbet	sselvet	propagation	ssleb
sselbeɣ	sselveɣ	propagation	ssleb
ssembabbayeɣ	ssemvavvayeɣ	liste	
ssembaɛad	ssemvaɛad	propagation	ssembaɛed
ssembaɛademt	ssemvaɛademt	propagation	ssembaɛed
ssembaɛaden	ssemvaɛaden	propagation	ssembaɛed
ssembaɛadent	ssemvaɛadent	propagation	ssembaɛed
ssembaɛadet	ssemvaɛadet	propagation	ssembaɛed
ssembaɛadeɣ	ssemvaɛadeɣ	liste	
ssembaɛdemt	ssemvaɛdemt	propagation	ssembaɛed
ssembaɛden	ssemvaɛden	propagation	ssembaɛed
ssembaɛdent	ssemvaɛdent	propagation	ssembaɛed
ssembaɛdet	ssemvaɛdet	propagation	ssembaɛed
ssembaɛdeɣ	ssemvaɛdeɣ	propagation	ssembaɛed
ssembaɛed	ssemvaɛed	propagation	ssembaɛed
ssemqabal	ssemqaval	propagation	ssemqabal
ssemqabalay	ssemqavalay	propagation	ssemqabal
ssemqabalayemt	ssemqavalayemt	propagation	ssemqabal
ssemqabalayen	ssemqavalayen	propagation	ssemqabal
ssemqabalayent	ssemqavalayent	propagation	ssemqabal
ssemqabalayet	ssemqavalayet	propagation	ssemqabal
ssemqabalayeɣ	ssemqavalayeɣ	propagation	ssemqabal
ssemqabalemt	ssemqavalemt	propagation	ssemqabal
ssemqabalen	ssemqavalen	liste	
ssemqabalent	ssemqavalent	propagation	ssemqabal
ssemqabalet	ssemqavalet	propagation	ssemqabal
ssemqabaleɣ	ssemqavaleɣ	propagation	ssemqabal
ssemqrabeɣ	ssemqraveɣ	liste	
sseqrab	sseqrav	propagation	sseqreb
sseqrabemt	sseqravemt	propagation	sseqreb
sseqraben	sseqraven	propagation	sseqreb
sseqrabent	sseqravent	propagation	sseqreb
sseqrabet	sseqravet	propagation	sseqreb
sseqrabeɣ	sseqraveɣ	liste	
sseqreb	sseqrev	propagation	sseqreb
sserbaḥ	sservaḥ	propagation	sserbeḥ
sserbaḥemt	sservaḥemt	propagation	sserbeḥ
sserbaḥen	sservaḥen	propagation	sserbeḥ
sserbaḥent	sservaḥent	propagation	sserbeḥ
sserbaḥet	sservaḥet	propagation	sserbeḥ
sserbaḥeɣ	sservaḥeɣ	propagation	sserbeḥ
sserbeḥ	sserveḥ	propagation	sserbeḥ
sserbis	sservis	liste	
sserhab	sserhav	propagation	sserheb
sserhabemt	sserhavemt	propagation	sserheb
sserhaben	sserhaven	liste	
sserhabent	sserhavent	propagation	sserheb
sserhabet	sserhavet	propagation	sserheb
sserhabeɣ	sserhaveɣ	propagation	sserheb
sserheb	sserhev	propagation	sserheb
sserkab	sserkav	propagation	sserkeb
sserkabemt	sserkavemt	propagation	sserkeb
sserkaben	sserkaven	propagation	sserkeb
sserkabent	sserkavent	propagation	sserkeb
sserkabet	sserkavet	propagation	sserkeb
sserkabeɣ	sserkaveɣ	propagation	sserkeb
sserkeb	sserkev	propagation	sserkeb
sserḍab	sserḍav	propagation	sserḍeb
sserḍabemt	sserḍavemt	propagation	sserḍeb
sserḍaben	sserḍaven	propagation	sserḍeb
sserḍabent	sserḍavent	propagation	sserḍeb
sserḍabet	sserḍavet	propagation	sserḍeb
sserḍabeɣ	sserḍaveɣ	propagation	sserḍeb
sserḍeb	sserḍev	propagation	sserḍeb
ssexbabḍent	ssexvavḍent	liste	
ssexbabḍeɣ	ssexvavḍeɣ	liste	
ssexrab	ssexrav	propagation	ssexreb
ssexrabemt	ssexravemt	propagation	ssexreb
ssexraben	ssexraven	propagation	ssexreb
ssexrabent	ssexravent	propagation	ssexreb
ssexrabet	ssexravet	propagation	ssexreb
ssexrabeɣ	ssexraveɣ	propagation	ssexreb
ssexreb	ssexrev	liste	
sseɛṛabeɣ	sseɛṛaveɣ	liste	
sseɣlab	sseɣlav	propagation	sseɣleb
sseɣlabemt	sseɣlavemt	propagation	sseɣleb
sseɣlaben	sseɣlaven	propagation	sseɣleb
sseɣlabent	sseɣlavent	propagation	sseɣleb
sseɣlabet	sseɣlavet	propagation	sseɣleb
sseɣlabeɣ	sseɣlaveɣ	propagation	sseɣleb
sseɣleb	sseɣlev	propagation	sseɣleb
sseḥbibren	sseḥvivren	liste	
sseḥbibrent	sseḥvivrent	liste	
sseḥsab	sseḥsav	propagation	sseḥseb
sseḥsabemt	sseḥsavemt	propagation	sseḥseb
sseḥsaben	sseḥsaven	propagation	sseḥseb
sseḥsabent	sseḥsavent	propagation	sseḥseb
sseḥsabet	sseḥsavet	liste	
sseḥsabeɣ	sseḥsaveɣ	propagation	sseḥseb
sseḥseb	sseḥsev	propagation	sseḥseb
ssheblemt	sshevlemt	propagation	ssehbel
ssheblen	sshevlen	propagation	ssehbel
ssheblent	sshevlent	propagation	ssehbel
ssheblet	sshevlet	propagation	ssehbel
sshebleɣ	sshevleɣ	propagation	ssehbel
ssibrikeɣ	ssivrikeɣ	liste	
ssleb	sslev	propagation	ssleb
sslubuy	ssluvuy	propagation	ssleb
sslubuyemt	ssluvuyemt	propagation	ssleb
sslubuyen	ssluvuyen	liste	
sslubuyent	ssluvuyent	propagation	ssleb
sslubuyet	ssluvuyet	propagation	ssleb
sslubuyeɣ	ssluvuyeɣ	propagation	ssleb
ssqerbemt	ssqervemt	propagation	sseqreb
ssqerben	ssqerven	propagation	sseqreb
ssqerbent	ssqervent	propagation	sseqreb
ssqerbet	ssqervet	propagation	sseqreb
ssqerbeɣ	ssqerveɣ	propagation	sseqreb
ssrabes	ssraves	liste	
ssrebḥemt	ssrevḥemt	propagation	sserbeḥ
ssrebḥen	ssrevḥen	propagation	sserbeḥ
ssrebḥent	ssrevḥent	propagation	sserbeḥ
ssrebḥet	ssrevḥet	propagation	sserbeḥ
ssrebḥeɣ	ssrevḥeɣ	propagation	sserbeḥ
ssrehbemt	ssrehvemt	propagation	sserheb
ssrehben	ssrehven	propagation	sserheb
ssrehbent	ssrehvent	propagation	sserheb
ssrehbet	ssrehvet	propagation	sserheb
ssrehbeɣ	ssrehveɣ	propagation	sserheb
ssrekbemt	ssrekvemt	propagation	sserkeb
ssrekben	ssrekven	propagation	sserkeb
ssrekbent	ssrekvent	propagation	sserkeb
ssrekbet	ssrekvet	propagation	sserkeb
ssrekbeɣ	ssrekveɣ	propagation	sserkeb
ssreḍbemt	ssreḍvemt	propagation	sserḍeb
ssreḍben	ssreḍven	propagation	sserḍeb
ssreḍbent	ssreḍvent	propagation	sserḍeb
ssreḍbet	ssreḍvet	propagation	sserḍeb
ssreḍbeɣ	ssreḍveɣ	propagation	sserḍeb
ssxab	ssxav	liste	
ssxerbemt	ssxervemt	propagation	ssexreb
ssxerben	ssxerven	propagation	ssexreb
ssxerbent	ssxervent	propagation	ssexreb
ssxerbet	ssxervet	propagation	ssexreb
ssxerbeɣ	ssxerveɣ	propagation	ssexreb
ssɣelbemt	ssɣelvemt	propagation	sseɣleb
ssɣelben	ssɣelven	propagation	sseɣleb
ssɣelbent	ssɣelvent	propagation	sseɣleb
ssɣelbet	ssɣelvet	propagation	sseɣleb
ssɣelbeɣ	ssɣelveɣ	propagation	sseɣleb
ssḥesbemt	ssḥesvemt	propagation	sseḥseb
ssḥesben	ssḥesven	propagation	sseḥseb
ssḥesbent	ssḥesvent	propagation	sseḥseb
ssḥesbet	ssḥesvet	propagation	sseḥseb
ssḥesbeɣ	ssḥesveɣ	propagation	sseḥseb
steben	steven	liste	
steebe	steeve	liste	
swarab	swarav	propagation	swireb
swarabemt	swaravemt	propagation	swireb
swaraben	swaraven	propagation	swireb
swarabent	swaravent	propagation	swireb
swarabet	swaravet	propagation	swireb
swarabeɣ	swaraveɣ	propagation	swireb
swarben	swarven	propagation	swireb
swarbent	swarvent	propagation	swireb
swarbeɣ	swarveɣ	propagation	swireb
swirbemt	swirvemt	propagation	swireb
swirben	swirven	propagation	swireb
swirbent	swirvent	propagation	swireb
swirbet	swirvet	propagation	swireb
swirbeɣ	swirveɣ	propagation	swireb
swireb	swirev	liste	
sxerbeɣ	sxerveɣ	liste	
sxerbubbuc	sxervuvvuc	liste	
sxerbubcemt	sxervuvcemt	propagation	sxerbubec
sxerbubcen	sxervuvcen	propagation	sxerbubec
sxerbubcent	sxervuvcent	propagation	sxerbubec
sxerbubcet	sxervuvcet	propagation	sxerbubec
sxerbubceɣ	sxervuvceɣ	propagation	sxerbubec
sxerbubec	sxervuvec	liste	
sxerbubuc	sxervuvuc	propagation	sxerbubec
sxerbubucemt	sxervuvucemt	propagation	sxerbubec
sxerbubucen	sxervuvucen	propagation	sxerbubec
sxerbubucent	sxervuvucent	propagation	sxerbubec
sxerbubucet	sxervuvucet	propagation	sxerbubec
sxerbubuceɣ	sxervuvuceɣ	propagation	sxerbubec
sxeṛbeɣ	sxeṛveɣ	liste	
sɛettbemt	sɛettvemt	propagation	sɛetteb
sɛettben	sɛettven	propagation	sɛetteb
sɛettbent	sɛettvent	liste	
sɛettbet	sɛettvet	propagation	sɛetteb
sɛettbeɣ	sɛettveɣ	propagation	sɛetteb
sɛetteb	sɛettev	propagation	sɛetteb
sɛettib	sɛettiv	propagation	sɛetteb
sɛettibemt	sɛettivemt	propagation	sɛetteb
sɛettiben	sɛettiven	propagation	sɛetteb
sɛettibent	sɛettivent	propagation	sɛetteb
sɛettibet	sɛettivet	propagation	sɛetteb
sɛettibeɣ	sɛettiveɣ	propagation	sɛetteb
sɣerbileɣ	sɣervileɣ	liste	
sḥebsen	sḥevsen	liste	
sḥebseɣ	sḥevseɣ	liste	
sḥellab	sḥellav	liste	
sṭebteb	sṭevtev	liste	
sṭebṭbemt	sṭevṭvemt	liste	
sṭebṭben	sṭevṭven	propagation	sṭebṭeb
sṭebṭbent	sṭevṭvent	propagation	sṭebṭeb
sṭebṭbet	sṭevṭvet	liste	
sṭebṭbeɣ	sṭevṭveɣ	propagation	sṭebṭeb
sṭebṭeb	sṭevṭev	liste	
sṭebṭebet	sṭevṭevet	liste	
sṭebṭibent	sṭevṭivent	liste	
sṭebṭub	sṭevṭuv	liste	
sṭebṭubemt	sṭevṭuvemt	liste	
sṭebṭuben	sṭevṭuven	propagation	sṭebṭeb
sṭebṭubent	sṭevṭuvent	propagation	sṭebṭeb
sṭebṭubet	sṭevṭuvet	liste	
sṭebṭubeɣ	sṭevṭuveɣ	liste	
tababarwazt	tavavarwazt	liste	
tabacmaqt	tavacmaqt	liste	
tabadut	tavadut	liste	
tabagust	tavagust	liste	
tabalizt	tavalizt	liste	
tabaqit	tavaqit	liste	
tabaqiyin	tavaqiyin	liste	
tabarda	tavarda	liste	
tabareɣt	tavareɣt	liste	
tabaxuṛt	tavaxuṛt	liste	
tabazint	tavazint	liste	
tabaɛeɣ	tavaɛeɣ	liste	
tabaɣurt	tavaɣurt	liste	
tabaḍnit	tavaḍnit	liste	
tabaṭaṭatt	tavaṭaṭatt	liste	
tabbḥirt	tavvḥirt	liste	
tabcirt	tavcirt	liste	
tabdart	tavdart	liste	
tabdelt	tavdelt	liste	
tabellart	tavellart	liste	
tabelluḍt	tavelluḍt	liste	
tabelqasemt	tavelqasemt	liste	
taberda	taverda	liste	
tabergazt	tavergazt	liste	
taberkan	taverkan	liste	
taberkant	taverkant	liste	
taberkukest	taverkukest	liste	
tabernint	tavernint	liste	
tabernust	tavernust	liste	
taberqact	taverqact	liste	
taberquct	taverquct	liste	
taberranit	taverranit	liste	
taberriḍt	taverriḍt	liste	
tabessast	tavessast	liste	
tabestuḥt	tavestuḥt	liste	
tabesṭuḥt	tavesṭuḥt	liste	
tabetṛunt	tavetṛunt	liste	
tabexsist	tavexsist	liste	
tabeɛ	taveɛ	propagation	tabeɛ
tabeɛɛuct	taveɛɛuct	liste	
tabeṛmilt	taveṛmilt	liste	
tabeṛquqt	taveṛquqt	liste	
tabeṛṛanit	taveṛṛanit	liste	
tabeṛṛiḍt	taveṛṛiḍt	liste	
tabgaytit	tavgaytit	liste	
tabidunt	tavidunt	liste	
tabidyut	tavidyut	liste	
tabilutt	tavilutt	liste	
tabitamint	tavitamint	liste	
tabiṭamint	taviṭamint	liste	
tablalt	tavlalt	liste	
tablaḍt	tavlaḍt	liste	
tabluzt	tavluzt	liste	
tabninant	tavninant	liste	
tabniqt	tavniqt	liste	
tabrat	tavrat	liste	
tabratitalsa	tavratitalsa	liste	
tabriḍt	tavriḍt	liste	
tabsist	tavsist	liste	
tabu	tavu	liste	
tabuciḍant	tavuciḍant	liste	
tabuda	tavuda	liste	
tabugaṭut	tavugaṭut	liste	
tabujadt	tavujadt	liste	
tabulgarit	tavulgarit	liste	
tabulgaṛit	tavulgaṛit	liste	
tabuqalt	tavuqalt	liste	
tabururut	tavururut	liste	
tabuzeggaɣt	tavuzeggaɣt	liste	
tabuzegrayezt	tavuzegrayezt	liste	
tabuḍḍlamt	tavuḍḍlamt	liste	
tabzert	tavzert	liste	
tabɛemt	tavɛemt	propagation	tabeɛ
tabɛen	tavɛen	propagation	tabeɛ
tabɛent	tavɛent	propagation	tabeɛ
tabɛet	tavɛet	propagation	tabeɛ
tabɛeɣ	tavɛeɣ	propagation	tabeɛ
tabɣa	tavɣa	liste	
tabɣamt	tavɣamt	liste	
tabɣast	tavɣast	liste	
tabɣest	tavɣest	liste	
tabṛat	tavṛat	liste	
tabṛatt	tavṛatt	liste	
tabṛujt	tavṛujt	liste	
tacbaylit	tacvaylit	liste	
tacbaḥt	tacvaḥt	liste	
tacbirt	tacvirt	liste	
tacebḥant	tacevḥant	liste	
tacelhabt	tacelhavt	liste	
tadabut	tadavut	liste	
tadeblant	tadevlant	liste	
tadehbit	tadehvit	liste	
tajbirt	tajvirt	liste	
tajellabt	tajellavt	liste	
tajilbant	tajilvant	liste	
tajlibt	tajlivt	liste	
takabarit	takavarit	liste	
takbabt	takvavt	liste	
takeddabt	takeddavt	liste	
takrabat	takravat	liste	
takrabaḍt	takravaḍt	liste	
taktabt	taktavt	liste	
taktubt	taktuvt	liste	
takɛebt	takɛevt	liste	
takṛabaḍt	takṛavaḍt	liste	
talaba	talava	liste	
talubnanit	taluvnanit	liste	
tamber	tamver	liste	
tamburt	tamvurt	liste	
tamednubt	tamednuvt	liste	
tamehbult	tamehvult	liste	
tamejbadt	tamejvadt	liste	
tamerbuḥt	tamervuḥt	liste	
tamerkubt	tamerkuvt	liste	
tamesbanit	tamesvanit	liste	
tamesbaɣurt	tamesvaɣurt	liste	
tamesbeɣrut	tamesveɣrut	liste	
tameslubt	tamesluvt	liste	
tameɣbunt	tameɣvunt	liste	
tameḥbust	tameḥvust	liste	
tamɣbunt	tamɣvunt	liste	
tamẓabit	tamẓavit	liste	
tamẓerbeḍḍut	tamẓerveḍḍut	liste	
tanablalt	tanavlalt	liste	
tanbeddit	tanveddit	liste	
taneblalt	tanevlalt	liste	
tanebḍaḍt	tanevḍaḍt	liste	
taneccabt	taneccavt	liste	
tanerdabt	tanerdavt	liste	
tanesbaɣurt	tanesvaɣurt	liste	
tanubit	tanuvit	liste	
taqabact	taqavact	liste	
taqabubt	taqavuvt	liste	
taqbayli	taqvayli	liste	
taqbaylit	taqvaylit	liste	
taqbaylitnni	taqvaylitnni	liste	
taqbilt	taqvilt	liste	
taqbuc	taqvuc	liste	
taqbuct	taqvuct	liste	
taqburt	taqvurt	liste	
taqbuṛt	taqvuṛt	liste	
taqerbust	taqervust	liste	
taqezzabt	taqezzavt	liste	
taqeḥbit	taqeḥvit	liste	
taqeṛṛabt	taqeṛṛavt	liste	
taqrabt	taqravt	liste	
tarbaɛt	tarvaɛt	liste	
tarbaεt	tarvaεt	liste	
tarbeɛt	tarveɛt	liste	
tarbibt	tarvivt	liste	
tarebrabt	tarevravt	liste	
tarkabt	tarkavt	liste	
tarttṛebgaterna	tarttṛevgaterna	liste	
tasbeddit	tasveddit	liste	
tasbuḥrut	tasvuḥrut	liste	
tasebḥit	tasevḥit	liste	
tasegbart	tasegvart	liste	
taselbuɛt	taselvuɛt	liste	
taslabit	taslavit	liste	
taslubakt	tasluvakt	liste	
taslubinit	tasluvinit	liste	
tasubyatit	tasuvyatit	liste	
tasubyitit	tasuvyitit	liste	
taxabit	taxavit	liste	
taxazabit	taxazavit	liste	
taxbizt	taxvizt	liste	
taxḍibt	taxḍivt	liste	
tazabut	tazavut	liste	
taziba	taziva	liste	
tazziba	tazziva	liste	
taɛebrit	taɛevrit	liste	
taɛerqubt	taɛerquvt	liste	
taɛeṛbubt	taɛeṛvuvt	liste	
taɛeṣṣabt	taɛeṣṣavt	liste	
taɛibant	taɛivant	liste	
taɛrabin	taɛravin	liste	
taɛrabt	taɛravt	liste	
taɛzibt	taɛzivt	liste	
taɛṛabin	taɛṛavin	liste	
taɛṛabt	taɛṛavt	liste	
taɣbalut	taɣvalut	liste	
taɣribt	taɣrivt	liste	
taɣurbizt	taɣurvizt	liste	
taεeṣbant	taεeṣvant	liste	
taεrabt	taεravt	liste	
taḍebsit	taḍevsit	liste	
taḥbes	taḥves	liste	
taḥbibt	taḥvivt	liste	
taḥbubt	taḥvuvt	liste	
taḥbult	taḥvult	liste	
taḥbulut	taḥvulut	liste	
taḥebraract	taḥevraract	liste	
taḥellabt	taḥellavt	liste	
taḥessabt	taḥessavt	liste	
taṛbut	taṛvut	liste	
taṣebḥit	taṣevḥit	liste	
taṣubyitant	taṣuvyitant	liste	
taṣubyitit	taṣuvyitit	liste	
taṭbibt	taṭvivt	liste	
taẓerbit	taẓervit	liste	
tbab	tvav	propagation	bab
tbabem	tvavem	propagation	bab
tbabemt	tvavemt	propagation	bab
tbabeḍ	tvaveḍ	propagation	bab
tbalizin	tvalizin	liste	
tbalizt	tvalizt	liste	
tbampirt	tvampirt	liste	
tban	tvan	liste	
tbanant	tvanant	liste	
tbandit	tvandit	liste	
tbaned	tvaned	liste	
tbanem	tvanem	liste	
tbanemt	tvanemt	liste	
tbaneḍ	tvaneḍ	liste	
tbanka	tvanka	liste	
tbankiwin	tvankiwin	liste	
tbankiṭ	tvankiṭ	liste	
tbanta	tvanta	liste	
tbantiwin	tvantiwin	liste	
tbaqit	tvaqit	liste	
tbarat	tvarat	liste	
tbarda	tvarda	liste	
tbarek	tvarek	propagation	barek
tbarkem	tvarkem	liste	
tbarkemt	tvarkemt	propagation	barek
tbarkeḍ	tvarkeḍ	propagation	barek
tbat	tvat	propagation	bat
tbatem	tvatem	propagation	bat
tbatemt	tvatemt	propagation	bat
tbateḍ	tvateḍ	propagation	bat
tbaɛdem	tvaɛdem	propagation	baɛed
tbaɛdemt	tvaɛdemt	propagation	baɛed
tbaɛdeḍ	tvaɛdeḍ	liste	
tbaɛed	tvaɛed	propagation	baɛed
tbaɣurt	tvaɣurt	liste	
tbaḍen	tvaḍen	propagation	baḍen
tbaḍnem	tvaḍnem	propagation	baḍen
tbaḍnemt	tvaḍnemt	propagation	baḍen
tbaḍneḍ	tvaḍneḍ	propagation	baḍen
tbaḍnit	tvaḍnit	liste	
tbebḥirin	tvevḥirin	liste	
tbecc	tvecc	liste	
tbeccem	tveccem	liste	
tbeccemt	tveccemt	liste	
tbecceḍ	tvecceḍ	liste	
tbed	tved	liste	
tbedd	tvedd	liste	
tbedddem	tvedddem	propagation	bded
tbedddemt	tvedddemt	propagation	bded
tbedddeḍ	tvedddeḍ	propagation	bded
tbedded	tvedded	liste	
tbeddel	tveddel	liste	
tbeddeleḍ	tveddeleḍ	liste	
tbeddem	tveddem	liste	
tbeddemt	tveddemt	liste	
tbeddeḍ	tveddeḍ	liste	
tbeddi	tveddi	liste	
tbeddled	tveddled	liste	
tbeddlem	tveddlem	liste	
tbeddlemt	tveddlemt	liste	
tbeddleɣ	tveddleɣ	liste	
tbeddleḍ	tveddleḍ	liste	
tbeddu	tveddu	liste	
tbeddud	tveddud	liste	
tbeddum	tveddum	liste	
tbeddumt	tveddumt	liste	
tbedduḍ	tvedduḍ	liste	
tbedlem	tvedlem	propagation	bdel
tbedlemt	tvedlemt	propagation	bdel
tbedleḍ	tvedleḍ	propagation	bdel
tbedrem	tvedrem	liste	
tbedremt	tvedremt	liste	
tbedreḍ	tvedreḍ	liste	
tbeggen	tveggen	liste	
tbegges	tvegges	liste	
tbeggnem	tveggnem	propagation	beggen
tbeggnemt	tveggnemt	propagation	beggen
tbeggneḍ	tveggneḍ	liste	
tbeggsem	tveggsem	propagation	bges
tbeggsemt	tveggsemt	propagation	bges
tbeggseḍ	tveggseḍ	propagation	bges
tbegsem	tvegsem	propagation	bges
tbegsemt	tvegsemt	propagation	bges
tbegseḍ	tvegseḍ	liste	
tbekkem	tvekkem	propagation	bekkem
tbekker	tvekker	propagation	bekker
tbekkmem	tvekkmem	propagation	bekkem
tbekkmemt	tvekkmemt	propagation	bekkem
tbekkmeḍ	tvekkmeḍ	propagation	bekkem
tbekkrem	tvekkrem	propagation	bekker
tbekkremt	tvekkremt	propagation	bekker
tbekkreḍ	tvekkreḍ	propagation	bekker
tbelleɛ	tvelleɛ	liste	
tbellu	tvellu	propagation	blu
tbellum	tvellum	propagation	blu
tbellumt	tvellumt	propagation	blu
tbelluḍ	tvelluḍ	propagation	blu
tbellɛem	tvellɛem	propagation	belleɛ
tbellɛemt	tvellɛemt	propagation	belleɛ
tbellɛeḍ	tvellɛeḍ	propagation	belleɛ
tbelɛem	tvelɛem	propagation	bleɛ
tbelɛemt	tvelɛemt	propagation	bleɛ
tbelɛeḍ	tvelɛeḍ	propagation	bleɛ
tbennu	tvennu	liste	
tbennum	tvennum	liste	
tbennumt	tvennumt	liste	
tbennuḍ	tvennuḍ	liste	
tbeqqa	tveqqa	liste	
tbeqqam	tveqqam	liste	
tbeqqamt	tveqqamt	liste	
tbeqqaḍ	tveqqaḍ	liste	
tbeqqeḍ	tveqqeḍ	propagation	bɣeḍ
tbeqqi	tveqqi	liste	
tbeqqim	tveqqim	propagation	beqqi
tbeqqimt	tveqqimt	propagation	beqqi
tbeqqiḍ	tveqqiḍ	liste	
tbeqqu	tveqqu	liste	
tbeqqum	tveqqum	propagation	bɣu
tbeqqumt	tveqqumt	propagation	bɣu
tbeqquḍ	tveqquḍ	liste	
tbeqqḍem	tveqqḍem	propagation	bɣeḍ
tbeqqḍemt	tveqqḍemt	propagation	bɣeḍ
tbeqqḍeḍ	tveqqḍeḍ	propagation	bɣeḍ
tbercem	tvercem	propagation	brec
tbercemt	tvercemt	propagation	brec
tberceḍ	tverceḍ	propagation	brec
tberkant	tverkant	liste	
tberkem	tverkem	liste	
tberkemt	tverkemt	propagation	brek
tberkeḍ	tverkeḍ	propagation	brek
tberkukest	tverkukest	liste	
tbermem	tvermem	propagation	brem
tbermemt	tvermemt	propagation	brem
tbermeḍ	tvermeḍ	propagation	brem
tberna	tverna	liste	
tbernem	tvernem	propagation	bren
tbernemt	tvernemt	propagation	bren
tberneḍ	tverneḍ	propagation	bren
tbernint	tvernint	liste	
tberqem	tverqem	propagation	breq
tberqemt	tverqemt	propagation	breq
tberqeḍ	tverqeḍ	propagation	breq
tberquqin	tverquqin	liste	
tberra	tverra	propagation	berri
tberram	tverram	propagation	berri
tberramt	tverramt	propagation	berri
tberraḍ	tverraḍ	propagation	berri
tberrcem	tverrcem	propagation	brec
tberrcemt	tverrcemt	propagation	brec
tberrceḍ	tverrceḍ	propagation	brec
tberrec	tverrec	propagation	brec
tberrem	tverrem	propagation	brem
tberren	tverren	liste	
tberrez	tverrez	liste	
tberreḍ	tverreḍ	propagation	breḍ
tberreḥ	tverreḥ	liste	
tberri	tverri	propagation	berri
tberrim	tverrim	propagation	berri
tberrimt	tverrimt	propagation	berri
tberriḍ	tverriḍ	propagation	berri
tberriḍt	tverriḍt	liste	
tberrmem	tverrmem	propagation	brem
tberrmemt	tverrmemt	propagation	brem
tberrmeḍ	tverrmeḍ	propagation	brem
tberrnem	tverrnem	propagation	bren
tberrnemt	tverrnemt	propagation	bren
tberrneḍ	tverrneḍ	propagation	bren
tberru	tverru	liste	
tberrud	tverrud	liste	
tberrum	tverrum	liste	
tberrumt	tverrumt	liste	
tberruḍ	tverruḍ	liste	
tberrzem	tverrzem	propagation	berrez
tberrzemt	tverrzemt	propagation	berrez
tberrzeḍ	tverrzeḍ	propagation	berrez
tberrḍem	tverrḍem	propagation	breḍ
tberrḍemt	tverrḍemt	propagation	breḍ
tberrḍeḍ	tverrḍeḍ	propagation	breḍ
tberrḥem	tverrḥem	propagation	berreḥ
tberrḥemt	tverrḥemt	propagation	berreḥ
tberrḥeḍ	tverrḥeḍ	propagation	berreḥ
tberzem	tverzem	liste	
tberzemt	tverzemt	liste	
tberzeḍ	tverzeḍ	liste	
tberḍem	tverḍem	propagation	breḍ
tberḍemt	tverḍemt	propagation	breḍ
tberḍeḍ	tverḍeḍ	propagation	breḍ
tbessasin	tvessasin	liste	
tbessast	tvessast	liste	
tbestuḥin	tvestuḥin	liste	
tbettit	tvettit	liste	
tbexsisin	tvexsisin	liste	
tbexsist	tvexsist	liste	
tbexxel	tvexxel	liste	
tbexxer	tvexxer	propagation	bexxer
tbexxeṣ	tvexxeṣ	propagation	bxeṣ
tbexxrem	tvexxrem	propagation	bexxer
tbexxremt	tvexxremt	propagation	bexxer
tbexxreḍ	tvexxreḍ	propagation	bexxer
tbexxṣem	tvexxṣem	propagation	bxeṣ
tbexxṣemt	tvexxṣemt	propagation	bxeṣ
tbexxṣeḍ	tvexxṣeḍ	propagation	bxeṣ
tbexṣem	tvexṣem	propagation	bxeṣ
tbexṣemt	tvexṣemt	liste	
tbexṣeḍ	tvexṣeḍ	propagation	bxeṣ
tbexṣsem	tvexṣsem	liste	
tbezgem	tvezgem	liste	
tbezgemt	tvezgemt	liste	
tbezgeḍ	tvezgeḍ	liste	
tbeɛ	tveɛ	liste	
tbeɛded	tveɛded	liste	
tbeɛdem	tveɛdem	liste	
tbeɛdemt	tveɛdemt	liste	
tbeɛdeḍ	tveɛdeḍ	liste	
tbeɛtem	tveɛtem	propagation	bɛet
tbeɛtemt	tveɛtemt	propagation	bɛet
tbeɛteḍ	tveɛteḍ	propagation	bɛet
tbeɛɛayin	tveɛɛayin	liste	
tbeɛɛdem	tveɛɛdem	liste	
tbeɛɛdemt	tveɛɛdemt	liste	
tbeɛɛdeḍ	tveɛɛdeḍ	liste	
tbeɛɛed	tveɛɛed	propagation	beɛɛed
tbeɣḍem	tveɣḍem	liste	
tbeɣḍemt	tveɣḍemt	liste	
tbeɣḍeḍ	tveɣḍeḍ	liste	
tbeε	tveε	liste	
tbeεdeḍ	tveεdeḍ	liste	
tbeḥtem	tveḥtem	propagation	bḥet
tbeḥtemt	tveḥtemt	propagation	bḥet
tbeḥteḍ	tveḥteḍ	propagation	bḥet
tbeḥḥet	tveḥḥet	propagation	beḥḥet
tbeḥḥtem	tveḥḥtem	liste	
tbeḥḥtemt	tveḥḥtemt	liste	
tbeḥḥteḍ	tveḥḥteḍ	propagation	beḥḥet
tbeṛṛanit	tveṛṛanit	liste	
tbeṛṛec	tveṛṛec	liste	
tbeṣlin	tveṣlin	liste	
tbeṭled	tveṭled	liste	
tbeṭlem	tveṭlem	liste	
tbeṭlemt	tveṭlemt	liste	
tbeṭleḍ	tveṭleḍ	liste	
tbeṭṭel	tveṭṭel	liste	
tbeṭṭlem	tveṭṭlem	liste	
tbeṭṭlemt	tveṭṭlemt	liste	
tbeṭṭleḍ	tveṭṭleḍ	liste	
tbeṭṭu	tveṭṭu	propagation	bḍu
tbeṭṭum	tveṭṭum	propagation	bḍu
tbeṭṭumt	tveṭṭumt	propagation	bḍu
tbeṭṭuḍ	tveṭṭuḍ	liste	
tbidas	tvidas	liste	
tbidest	tvidest	liste	
tbidyutin	tvidyutin	liste	
tbin	tvin	liste	
tbineḍ	tvineḍ	liste	
tbiqest	tviqest	liste	
tbitaminin	tvitaminin	liste	
tbitiamint	tvitiamint	liste	
tbiɛen	tviɛen	propagation	tbeɛ
tbiɛent	tviɛent	propagation	tbeɛ
tbiɛeɣ	tviɛeɣ	propagation	tbeɛ
tbiṭaminin	tviṭaminin	liste	
tbiṭamint	tviṭamint	liste	
tbucehhaqt	tvucehhaqt	liste	
tbuciḍant	tvuciḍant	liste	
tbucḥiḍt	tvucḥiḍt	liste	
tbudd	tvudd	liste	
tbuddem	tvuddem	liste	
tbuddemt	tvuddemt	liste	
tbuddeḍ	tvuddeḍ	liste	
tbuqalt	tvuqalt	liste	
tbur	tvur	liste	
tburek	tvurek	propagation	barek
tburem	tvurem	propagation	bur
tburemt	tvuremt	propagation	bur
tbureḍ	tvureḍ	propagation	bur
tburkem	tvurkem	propagation	barek
tburkemt	tvurkemt	propagation	barek
tburkeḍ	tvurkeḍ	propagation	barek
tbuxasin	tvuxasin	liste	
tbuxx	tvuxx	propagation	buxx
tbuxxem	tvuxxem	propagation	buxx
tbuxxemt	tvuxxemt	propagation	buxx
tbuxxeḍ	tvuxxeḍ	propagation	buxx
tbuzeggaɣt	tvuzeggaɣt	liste	
tbuzegrayezt	tvuzegrayezt	liste	
tbuɛdem	tvuɛdem	propagation	baɛed
tbuɛdemt	tvuɛdemt	propagation	baɛed
tbuɛdeḍ	tvuɛdeḍ	propagation	baɛed
tbuɛed	tvuɛed	propagation	baɛed
tbuɣarin	tvuɣarin	liste	
tbuḍen	tvuḍen	propagation	baḍen
tbuḍnem	tvuḍnem	propagation	baḍen
tbuḍnemt	tvuḍnemt	propagation	baḍen
tbuḍneḍ	tvuḍneḍ	propagation	baḍen
tbuṭiḍ	tvuṭiḍ	liste	
tcab	tcav	liste	
tcabem	tcavem	propagation	cab
tcabemt	tcavemt	propagation	cab
tcabeḍ	tcaveḍ	propagation	cab
tcabi	tcavi	propagation	cabi
tcabim	tcavim	propagation	cabi
tcabimt	tcavimt	propagation	cabi
tcabiḍ	tcaviḍ	propagation	cabi
tcebbeḥ	tcevveḥ	propagation	cebbeḥ
tcebbu	tcevvu	propagation	cbu
tcebbubt	tcevvuvt	liste	
tcebbum	tcevvum	propagation	cbu
tcebbumt	tcevvumt	propagation	cbu
tcebbuḍ	tcevvuḍ	propagation	cbu
tcebbḥem	tcevvḥem	propagation	cebbeḥ
tcebbḥemt	tcevvḥemt	propagation	cebbeḥ
tcebbḥeḍ	tcevvḥeḍ	propagation	cebbeḥ
tcebkem	tcevkem	propagation	cbek
tcebkemt	tcevkemt	propagation	cbek
tcebkeḍ	tcevkeḍ	propagation	cbek
tcebḥanin	tcevḥanin	liste	
tcebḥed	tcevḥed	liste	
tcebḥem	tcevḥem	liste	
tcebḥemt	tcevḥemt	liste	
tcebḥeḍ	tcevḥeḍ	liste	
tceggbem	tceggvem	propagation	ceggeb
tceggbemt	tceggvemt	propagation	ceggeb
tceggbeḍ	tceggveḍ	propagation	ceggeb
tceggeb	tceggev	liste	
tcekkbem	tcekkvem	liste	
tcekkbemt	tcekkvemt	liste	
tcekkbeḍ	tcekkveḍ	propagation	cekkeb
tcekkeb	tcekkev	liste	
tcerbubt	tcervuvt	liste	
tceyybem	tceyyvem	propagation	ceyyeb
tceyybemt	tceyyvemt	propagation	ceyyeb
tceyybeḍ	tceyyveḍ	propagation	ceyyeb
tceyyeb	tceyyev	propagation	ceyyeb
tceɣb	tceɣv	liste	
tceɣbem	tceɣvem	propagation	cɣeb
tceɣbemt	tceɣvemt	propagation	cɣeb
tceɣbeḍ	tceɣveḍ	propagation	cɣeb
tceɣɣbed	tceɣɣved	liste	
tceɣɣbem	tceɣɣvem	propagation	cɣeb
tceɣɣbemt	tceɣɣvemt	propagation	cɣeb
tceɣɣben	tceɣɣven	liste	
tceɣɣbeɣ	tceɣɣveɣ	liste	
tceɣɣbeḍ	tceɣɣveḍ	propagation	cɣeb
tceɣɣeb	tceɣɣev	liste	
tcib	tciv	propagation	cib
tcibem	tcivem	propagation	cib
tcibemt	tcivemt	propagation	cib
tcibeḍ	tciveḍ	propagation	cib
tcuba	tcuva	liste	
tcubam	tcuvam	liste	
tcubamt	tcuvamt	liste	
tcubaḍ	tcuvaḍ	liste	
tdabut	tdavut	liste	
tdebdert	tdevdert	liste	
tdeblin	tdevlin	liste	
tdebliwin	tdevliwin	liste	
tdebɣem	tdevɣem	propagation	dbeɣ
tdebɣemt	tdevɣemt	propagation	dbeɣ
tdebɣeḍ	tdevɣeḍ	propagation	dbeɣ
tdehbem	tdehvem	propagation	dheb
tdehbemt	tdehvemt	propagation	dheb
tdehbeḍ	tdehveḍ	propagation	dheb
tdenbem	tdenvem	propagation	dneb
tdenbemt	tdenvemt	propagation	dneb
tdenbeḍ	tdenveḍ	propagation	dneb
tdub	tduv	liste	
tdubem	tduvem	propagation	dub
tdubemt	tduvemt	propagation	dub
tdubeḍ	tduveḍ	liste	
tebbehba	tevvehva	liste	
tebbehbam	tevvehvam	liste	
tebbehbamt	tevvehvamt	liste	
tebbehbaḍ	tevvehvaḍ	liste	
tebbehbi	tevvehvi	propagation	bbehbi
tebbehbim	tevvehvim	propagation	bbehbi
tebbehbimt	tevvehvimt	propagation	bbehbi
tebbehbiḍ	tevvehviḍ	propagation	bbehbi
tebberber	tevverver	propagation	bberber
tebbeɛzeq	tevveɛzeq	propagation	bbeɛzeq
tebbrebrem	tevvrevrem	propagation	bberber
tebbrebremt	tevvrevremt	propagation	bberber
tebbrebreḍ	tevvrevreḍ	propagation	bberber
tebbuḥra	tevvuḥra	propagation	bbuḥru
tebbuḥram	tevvuḥram	propagation	bbuḥru
tebbuḥramt	tevvuḥramt	propagation	bbuḥru
tebbuḥraḍ	tevvuḥraḍ	propagation	bbuḥru
tebbuḥru	tevvuḥru	propagation	bbuḥru
tebbuḥrum	tevvuḥrum	propagation	bbuḥru
tebbuḥrumt	tevvuḥrumt	propagation	bbuḥru
tebbuḥruḍ	tevvuḥruḍ	propagation	bbuḥru
tebbuṭi	tevvuṭi	liste	
tebbɛezqem	tevvɛezqem	propagation	bbeɛzeq
tebbɛezqemt	tevvɛezqemt	propagation	bbeɛzeq
tebbɛezqeḍ	tevvɛezqeḍ	propagation	bbeɛzeq
tebda	tevda	liste	
tebdal	tevdal	liste	
tebdam	tevdam	liste	
tebdamt	tevdamt	liste	
tebdart	tevdart	liste	
tebded	tevded	liste	
tebdel	tevdel	propagation	bdel
tebder	tevder	liste	
tebdi	tevdi	liste	
tebdid	tevdid	liste	
tebdidem	tevdidem	propagation	bded
tebdidemt	tevdidemt	propagation	bded
tebdideḍ	tevdideḍ	propagation	bded
tebdil	tevdil	propagation	bdel
tebdilem	tevdilem	propagation	bdel
tebdilemt	tevdilemt	propagation	bdel
tebdileḍ	tevdileḍ	propagation	bdel
tebdim	tevdim	propagation	bdu
tebdimt	tevdimt	propagation	bdu
tebdir	tevdir	liste	
tebdirem	tevdirem	liste	
tebdiremt	tevdiremt	liste	
tebdireḍ	tevdireḍ	propagation	bder
tebdiḍ	tevdiḍ	liste	
tebdu	tevdu	liste	
tebdud	tevdud	liste	
tebdum	tevdum	liste	
tebdumt	tevdumt	liste	
tebduɣt	tevduɣt	liste	
tebduḍ	tevduḍ	liste	
tebeddeḍ	teveddeḍ	liste	
tebeddleḍ	teveddleḍ	liste	
tebeɣiḍ	teveɣiḍ	liste	
tebges	tevges	liste	
tebgis	tevgis	propagation	bges
tebgisem	tevgisem	propagation	bges
tebgisemt	tevgisemt	propagation	bges
tebgiseḍ	tevgiseḍ	propagation	bges
tebha	tevha	propagation	bhi
tebham	tevham	propagation	bhi
tebhamt	tevhamt	propagation	bhi
tebhaḍ	tevhaḍ	propagation	bhi
tebhi	tevhi	propagation	bhi
tebhim	tevhim	propagation	bhi
tebhimt	tevhimt	propagation	bhi
tebhiḍ	tevhiḍ	propagation	bhi
tebla	tevla	liste	
teblam	tevlam	propagation	blu
teblamt	tevlamt	propagation	blu
teblawt	tevlawt	liste	
teblel	tevlel	liste	
tebleɛ	tevleɛ	liste	
tebli	tevli	propagation	blu
teblil	tevlil	liste	
teblim	tevlim	propagation	blu
teblimt	tevlimt	propagation	blu
teblist	tevlist	liste	
tebliɛ	tevliɛ	propagation	bleɛ
tebliɛem	tevliɛem	propagation	bleɛ
tebliɛemt	tevliɛemt	propagation	bleɛ
tebliɛeḍ	tevliɛeḍ	liste	
tebliḍ	tevliḍ	propagation	blu
teblu	tevlu	propagation	blu
teblum	tevlum	propagation	blu
teblumt	tevlumt	propagation	blu
tebluzin	tevluzin	liste	
tebluzt	tevluzt	liste	
tebluḍ	tevluḍ	propagation	blu
tebna	tevna	liste	
tebnam	tevnam	liste	
tebnamt	tevnamt	liste	
tebni	tevni	liste	
tebnid	tevnid	liste	
tebnim	tevnim	propagation	bnu
tebnimt	tevnimt	propagation	bnu
tebniqt	tevniqt	liste	
tebniḍ	tevniḍ	liste	
tebnu	tevnu	liste	
tebnum	tevnum	propagation	bnu
tebnumt	tevnumt	propagation	bnu
tebnuḍ	tevnuḍ	liste	
tebotiḍ	tevotiḍ	liste	
tebra	tevra	liste	
tebragiṭ	tevragiṭ	liste	
tebram	tevram	liste	
tebramt	tevramt	liste	
tebrareḥ	tevrareḥ	liste	
tebrarḥem	tevrarḥem	propagation	brireḥ
tebrarḥemt	tevrarḥemt	propagation	brireḥ
tebrarḥeḍ	tevrarḥeḍ	propagation	brireḥ
tebrat	tevrat	liste	
tebratin	tevratin	liste	
tebraḥt	tevraḥt	liste	
tebrec	tevrec	propagation	brec
tebrek	tevrek	liste	
tebrem	tevrem	propagation	brem
tebren	tevren	liste	
tebreq	tevreq	liste	
tebrez	tevrez	liste	
tebreḍ	tevreḍ	propagation	breḍ
tebri	tevri	liste	
tebric	tevric	propagation	brec
tebricem	tevricem	propagation	brec
tebricemt	tevricemt	propagation	brec
tebriceḍ	tevriceḍ	propagation	brec
tebridin	tevridin	liste	
tebrik	tevrik	propagation	brek
tebrikem	tevrikem	propagation	brek
tebrikemt	tevrikemt	propagation	brek
tebrikeḍ	tevrikeḍ	propagation	brek
tebrim	tevrim	liste	
tebrimem	tevrimem	propagation	brem
tebrimemt	tevrimemt	propagation	brem
tebrimeḍ	tevrimeḍ	propagation	brem
tebrimt	tevrimt	liste	
tebrin	tevrin	propagation	bren
tebrinem	tevrinem	propagation	bren
tebrinemt	tevrinemt	propagation	bren
tebrineḍ	tevrineḍ	propagation	bren
tebriq	tevriq	liste	
tebriqem	tevriqem	propagation	breq
tebriqemt	tevriqemt	propagation	breq
tebriqeḍ	tevriqeḍ	propagation	breq
tebriqt	tevriqt	liste	
tebrireḥ	tevrireḥ	propagation	brireḥ
tebrirḥem	tevrirḥem	propagation	brireḥ
tebrirḥemt	tevrirḥemt	propagation	brireḥ
tebrirḥeḍ	tevrirḥeḍ	propagation	brireḥ
tebriz	tevriz	liste	
tebrizem	tevrizem	propagation	brez
tebrizemt	tevrizemt	propagation	brez
tebrizeḍ	tevrizeḍ	propagation	brez
tebriḍ	tevriḍ	liste	
tebriḍem	tevriḍem	propagation	breḍ
tebriḍemt	tevriḍemt	propagation	breḍ
tebriḍeḍ	tevriḍeḍ	propagation	breḍ
tebriḍt	tevriḍt	liste	
tebru	tevru	liste	
tebrud	tevrud	liste	
tebrum	tevrum	liste	
tebrumt	tevrumt	liste	
tebruqel	tevruqel	propagation	bruqel
tebruqlem	tevruqlem	propagation	bruqel
tebruqlemt	tevruqlemt	propagation	bruqel
tebruqleḍ	tevruqleḍ	propagation	bruqel
tebruzzeɛ	tevruzzeɛ	propagation	bruzzeɛ
tebruzzɛem	tevruzzɛem	propagation	bruzzeɛ
tebruzzɛemt	tevruzzɛemt	propagation	bruzzeɛ
tebruzzɛeḍ	tevruzzɛeḍ	propagation	bruzzeɛ
tebruḍ	tevruḍ	liste	
tebuṭam	tevuṭam	liste	
tebuṭamt	tevuṭamt	liste	
tebuṭaḍ	tevuṭaḍ	liste	
tebuṭim	tevuṭim	liste	
tebuṭiḍ	tevuṭiḍ	liste	
tebxes	tevxes	liste	
tebxeṣ	tevxeṣ	liste	
tebxiṣ	tevxiṣ	propagation	bxeṣ
tebxiṣem	tevxiṣem	propagation	bxeṣ
tebxiṣemt	tevxiṣemt	propagation	bxeṣ
tebxiṣeḍ	tevxiṣeḍ	propagation	bxeṣ
tebzeg	tevzeg	liste	
tebzig	tevzig	propagation	bzeg
tebzigem	tevzigem	propagation	bzeg
tebzigemt	tevzigemt	propagation	bzeg
tebzigeḍ	tevzigeḍ	propagation	bzeg
tebɛ	tevɛ	liste	
tebɛed	tevɛed	liste	
tebɛem	tevɛem	liste	
tebɛemt	tevɛemt	liste	
tebɛen	tevɛen	liste	
tebɛent	tevɛent	liste	
tebɛet	tevɛet	liste	
tebɛeɣ	tevɛeɣ	liste	
tebɛid	tevɛid	liste	
tebɛidem	tevɛidem	propagation	bɛed
tebɛidemt	tevɛidemt	propagation	bɛed
tebɛideḍ	tevɛideḍ	propagation	bɛed
tebɛit	tevɛit	propagation	bɛet
tebɛitem	tevɛitem	propagation	bɛet
tebɛitemt	tevɛitemt	propagation	bɛet
tebɛiteḍ	tevɛiteḍ	propagation	bɛet
tebɛuẓẓel	tevɛuẓẓel	propagation	bɛuẓẓel
tebɛuẓẓlem	tevɛuẓẓlem	propagation	bɛuẓẓel
tebɛuẓẓlemt	tevɛuẓẓlemt	propagation	bɛuẓẓel
tebɛuẓẓleḍ	tevɛuẓẓleḍ	propagation	bɛuẓẓel
tebɣa	tevɣa	liste	
tebɣam	tevɣam	liste	
tebɣamt	tevɣamt	liste	
tebɣes	tevɣes	liste	
tebɣest	tevɣest	liste	
tebɣeḍ	tevɣeḍ	propagation	bɣeḍ
tebɣi	tevɣi	liste	
tebɣid	tevɣid	liste	
tebɣim	tevɣim	liste	
tebɣimt	tevɣimt	liste	
tebɣirt	tevɣirt	liste	
tebɣiḍ	tevɣiḍ	liste	
tebɣiḍem	tevɣiḍem	propagation	bɣeḍ
tebɣiḍemt	tevɣiḍemt	propagation	bɣeḍ
tebɣiḍeḍ	tevɣiḍeḍ	propagation	bɣeḍ
tebɣu	tevɣu	liste	
tebɣud	tevɣud	liste	
tebɣum	tevɣum	liste	
tebɣumt	tevɣumt	liste	
tebɣuḍ	tevɣuḍ	liste	
tebγiḍ	tevγiḍ	liste	
tebḍa	tevḍa	liste	
tebḍam	tevḍam	liste	
tebḍamt	tevḍamt	liste	
tebḍi	tevḍi	liste	
tebḍim	tevḍim	propagation	bḍu
tebḍimt	tevḍimt	propagation	bḍu
tebḍiḍ	tevḍiḍ	liste	
tebḍu	tevḍu	propagation	bḍu
tebḍum	tevḍum	liste	
tebḍumt	tevḍumt	liste	
tebḍuḍ	tevḍuḍ	liste	
tebḥatt	tevḥatt	liste	
tebḥen	tevḥen	liste	
tebḥet	tevḥet	liste	
tebḥirin	tevḥirin	liste	
tebḥirt	tevḥirt	liste	
tebḥit	tevḥit	propagation	bḥet
tebḥitem	tevḥitem	propagation	bḥet
tebḥitemt	tevḥitemt	propagation	bḥet
tebḥiteḍ	tevḥiteḍ	propagation	bḥet
tebṛat	tevṛat	liste	
tebṛatin	tevṛatin	liste	
tebṛaṛeḥ	tevṛaṛeḥ	liste	
tebṛec	tevṛec	liste	
tebṣelt	tevṣelt	liste	
tebṭel	tevṭel	liste	
tebṭil	tevṭil	propagation	bṭel
tebṭilem	tevṭilem	propagation	bṭel
tebṭilemt	tevṭilemt	propagation	bṭel
tebṭileḍ	tevṭileḍ	propagation	bṭel
tecba	tecva	liste	
tecbam	tecvam	liste	
tecbamt	tecvamt	liste	
tecbaḥ	tecvaḥ	liste	
tecbek	tecvek	propagation	cbek
tecbeḥ	tecveḥ	liste	
tecbi	tecvi	liste	
tecbik	tecvik	propagation	cbek
tecbikem	tecvikem	propagation	cbek
tecbikemt	tecvikemt	propagation	cbek
tecbikeḍ	tecvikeḍ	propagation	cbek
tecbim	tecvim	propagation	cbu
tecbimt	tecvimt	propagation	cbu
tecbiḍ	tecviḍ	liste	
tecbiḥ	tecviḥ	liste	
tecbiḥem	tecviḥem	propagation	cbeḥ
tecbiḥemt	tecviḥemt	liste	
tecbiḥeḍ	tecviḥeḍ	propagation	cbeḥ
tecbu	tecvu	liste	
tecbum	tecvum	liste	
tecbumt	tecvumt	liste	
tecbuḍ	tecvuḍ	liste	
teccab	teccav	propagation	ccib
teccabay	teccavay	propagation	ccib
teccabayem	teccavayem	propagation	ccib
teccabayemt	teccavayemt	propagation	ccib
teccabayeḍ	teccavayeḍ	propagation	ccib
teccabem	teccavem	propagation	ccib
teccabemt	teccavemt	propagation	ccib
teccabeḍ	teccaveḍ	propagation	ccib
teccelbeḍ	teccelveḍ	propagation	ccelbeḍ
teccib	tecciv	propagation	ccib
teccibem	teccivem	propagation	ccib
teccibemt	teccivemt	propagation	ccib
teccibeḍ	tecciveḍ	propagation	ccib
tecclebḍem	tecclevḍem	propagation	ccelbeḍ
tecclebḍemt	tecclevḍemt	propagation	ccelbeḍ
tecclebḍeḍ	tecclevḍeḍ	propagation	ccelbeḍ
tecɣeb	tecɣev	liste	
tecɣib	tecɣiv	propagation	cɣeb
tecɣibem	tecɣivem	propagation	cɣeb
tecɣibemt	tecɣivemt	propagation	cɣeb
tecɣibeḍ	tecɣiveḍ	propagation	cɣeb
tecṛeb	tecṛev	liste	
tedbelt	tedvelt	liste	
tedber	tedver	liste	
tedbeɣ	tedveɣ	propagation	dbeɣ
tedbiɣ	tedviɣ	propagation	dbeɣ
tedbiɣem	tedviɣem	propagation	dbeɣ
tedbiɣemt	tedviɣemt	propagation	dbeɣ
tedbiɣeḍ	tedviɣeḍ	propagation	dbeɣ
teddbedbem	teddvedvem	propagation	ddebdeb
teddbedbemt	teddvedvemt	propagation	ddebdeb
teddbedbeḍ	teddvedveḍ	propagation	ddebdeb
teddebdeb	teddevdev	propagation	ddebdeb
tedheb	tedhev	propagation	dheb
tedhib	tedhiv	propagation	dheb
tedhibem	tedhivem	propagation	dheb
tedhibemt	tedhivemt	propagation	dheb
tedhibeḍ	tedhiveḍ	propagation	dheb
tedneb	tednev	propagation	dneb
tednib	tedniv	propagation	dneb
tednibem	tednivem	propagation	dneb
tednibemt	tednivemt	propagation	dneb
tednibeḍ	tedniveḍ	propagation	dneb
tegber	tegver	liste	
tegrageb	tegragev	liste	
tegrarbem	tegrarvem	liste	
tegrarbemt	tegrarvemt	liste	
tegrarbeḍ	tegrarveḍ	liste	
tegrareb	tegrarev	liste	
tegrarebem	tegrarevem	liste	
tegrirbem	tegrirvem	propagation	grireb
tegrirbemt	tegrirvemt	propagation	grireb
tegrirbeḍ	tegrirveḍ	propagation	grireb
tegrireb	tegrirev	propagation	grireb
tehba	tehva	propagation	hbu
tehbam	tehvam	propagation	hbu
tehbamt	tehvamt	propagation	hbu
tehbej	tehvej	propagation	hbej
tehbel	tehvel	liste	
tehbi	tehvi	propagation	hbu
tehbij	tehvij	propagation	hbej
tehbijem	tehvijem	propagation	hbej
tehbijemt	tehvijemt	propagation	hbej
tehbijeḍ	tehvijeḍ	propagation	hbej
tehbil	tehvil	propagation	hbel
tehbilem	tehvilem	propagation	hbel
tehbilemt	tehvilemt	propagation	hbel
tehbileḍ	tehvileḍ	liste	
tehbim	tehvim	propagation	hbu
tehbimt	tehvimt	propagation	hbu
tehbiḍ	tehviḍ	propagation	hbu
tehbu	tehvu	propagation	hbu
tehbum	tehvum	propagation	hbu
tehbumt	tehvumt	propagation	hbu
tehbuḍ	tehvuḍ	propagation	hbu
tejba	tejva	liste	
tejbam	tejvam	propagation	jbu
tejbamt	tejvamt	propagation	jbu
tejbed	tejved	liste	
tejbi	tejvi	propagation	jbu
tejbid	tejvid	propagation	jbed
tejbidem	tejvidem	propagation	jbed
tejbidemt	tejvidemt	propagation	jbed
tejbideḍ	tejvideḍ	propagation	jbed
tejbim	tejvim	propagation	jbu
tejbimt	tejvimt	propagation	jbu
tejbiḍ	tejviḍ	propagation	jbu
tejbu	tejvu	liste	
tejbum	tejvum	propagation	jbu
tejbumt	tejvumt	propagation	jbu
tejbuḍ	tejvuḍ	liste	
tejdeb	tejdev	propagation	jdeb
tejdib	tejdiv	propagation	jdeb
tejdibem	tejdivem	propagation	jdeb
tejdibemt	tejdivemt	propagation	jdeb
tejdibeḍ	tejdiveḍ	propagation	jdeb
tekbel	tekvel	liste	
tekber	tekver	propagation	kber
tekbert	tekvert	liste	
tekbil	tekvil	propagation	kbel
tekbilem	tekvilem	propagation	kbel
tekbilemt	tekvilemt	propagation	kbel
tekbileḍ	tekvileḍ	propagation	kbel
tekbir	tekvir	propagation	kber
tekbirem	tekvirem	propagation	kber
tekbiremt	tekviremt	propagation	kber
tekbireḍ	tekvireḍ	propagation	kber
tekkeɛbubreḍ	tekkeɛvuvreḍ	liste	
tekrabaḍin	tekravaḍin	liste	
tekrabaḍt	tekravaḍt	liste	
tekseb	teksev	liste	
teksib	teksiv	propagation	kseb
teksibem	teksivem	propagation	kseb
teksibemt	teksivemt	propagation	kseb
teksibeḍ	teksiveḍ	propagation	kseb
tektabin	tektavin	liste	
tektabt	tektavt	liste	
tektabtin	tektavtin	liste	
tekteb	tektev	liste	
tektib	tektiv	liste	
tektibem	tektivem	propagation	kteb
tektibemt	tektivemt	propagation	kteb
tektibeḍ	tektiveḍ	propagation	kteb
tektubin	tektuvin	liste	
tektubt	tektuvt	liste	
tekɛeb	tekɛev	propagation	kɛeb
tekɛebt	tekɛevt	liste	
tekɛib	tekɛiv	propagation	kɛeb
tekɛibem	tekɛivem	propagation	kɛeb
tekɛibemt	tekɛivemt	propagation	kɛeb
tekɛibeḍ	tekɛiveḍ	propagation	kɛeb
telbeḍ	telveḍ	propagation	lbeḍ
telbiḍ	telviḍ	liste	
telbiḍem	telviḍem	propagation	lbeḍ
telbiḍemt	telviḍemt	propagation	lbeḍ
telbiḍeḍ	telviḍeḍ	propagation	lbeḍ
telbubeɣ	telvuveɣ	propagation	lbubeɣ
telbubɣem	telvuvɣem	propagation	lbubeɣ
telbubɣemt	telvuvɣemt	propagation	lbubeɣ
telbubɣeḍ	telvuvɣeḍ	propagation	lbubeɣ
telheb	telhev	liste	
telɛeb	telɛev	propagation	lɛeb
telɛib	telɛiv	propagation	lɛeb
telɛibem	telɛivem	propagation	lɛeb
telɛibemt	telɛivemt	propagation	lɛeb
telɛibeḍ	telɛiveḍ	propagation	lɛeb
telεeb	telεev	liste	
tembaddal	temvaddal	liste	
tembaddalem	temvaddalem	liste	
tembaddalemt	temvaddalemt	liste	
tembaddaleḍ	temvaddaleḍ	propagation	mbaddal
temberraz	temverraz	propagation	mberraz
temberrazem	temverrazem	propagation	mberraz
temberrazemt	temverrazemt	propagation	mberraz
temberrazeḍ	temverrazeḍ	propagation	mberraz
tembɣam	temvɣam	liste	
temcabi	temcavi	propagation	mcabi
temcabim	temcavim	propagation	mcabi
temcabimt	temcavimt	propagation	mcabi
temcabin	temcavin	liste	
temcabiḍ	temcaviḍ	propagation	mcabi
temcuba	temcuva	propagation	mcabi
temcubam	temcuvam	propagation	mcabi
temcubamt	temcuvamt	propagation	mcabi
temcubaḍ	temcuvaḍ	propagation	mcabi
temesbanit	temesvanit	liste	
temjellab	temjellav	propagation	mjellab
temjellabem	temjellavem	propagation	mjellab
temjellabemt	temjellavemt	propagation	mjellab
temjellabeḍ	temjellaveḍ	propagation	mjellab
temmecberreq	temmecverreq	propagation	mmecberreq
temmecberrqem	temmecverrqem	propagation	mmecberreq
temmecberrqemt	temmecverrqemt	propagation	mmecberreq
temmecberrqeḍ	temmecverrqeḍ	propagation	mmecberreq
temmeṣbaḥem	temmeṣvaḥem	liste	
temmuɣben	temmuɣven	liste	
temmuɣebnem	temmuɣevnem	propagation	mmuɣben
temmuɣebnemt	temmuɣevnemt	propagation	mmuɣben
temmuɣebneḍ	temmuɣevneḍ	liste	
temnasab	temnasav	liste	
temnasabem	temnasavem	propagation	mnasab
temnasabemt	temnasavemt	propagation	mnasab
temnasabeḍ	temnasaveḍ	propagation	mnasab
temqabal	temqaval	propagation	mqabal
temqabalem	temqavalem	propagation	mqabal
temqabalemt	temqavalemt	propagation	mqabal
temqabaleḍ	temqavaleḍ	propagation	mqabal
temqarab	temqarav	propagation	mqarab
temqarabem	temqaravem	liste	
temqarabemt	temqaravemt	propagation	mqarab
temqarabeḍ	temqaraveḍ	propagation	mqarab
temqebrin	temqevrin	liste	
temsebla	temsevla	propagation	mseblu
temseblam	temsevlam	propagation	mseblu
temseblamt	temsevlamt	propagation	mseblu
temseblaɛ	temsevlaɛ	propagation	mseblaɛ
temseblaɛem	temsevlaɛem	propagation	mseblaɛ
temseblaɛemt	temsevlaɛemt	propagation	mseblaɛ
temseblaɛeḍ	temsevlaɛeḍ	propagation	mseblaɛ
temsebli	temsevli	propagation	mseblu
temseblim	temsevlim	propagation	mseblu
temseblimt	temsevlimt	propagation	mseblu
temsebliḍ	temsevliḍ	propagation	mseblu
temseblu	temsevlu	propagation	mseblu
temseblum	temsevlum	propagation	mseblu
temseblumt	temsevlumt	propagation	mseblu
temsebluḍ	temsevluḍ	propagation	mseblu
temsebra	temsevra	liste	
temsebram	temsevram	liste	
temsebramt	temsevramt	propagation	msebru
temsebri	temsevri	propagation	msebru
temsebrim	temsevrim	propagation	msebru
temsebrimt	temsevrimt	propagation	msebru
temsebriḍ	temsevriḍ	propagation	msebru
temsebru	temsevru	propagation	msebru
temsebrum	temsevrum	propagation	msebru
temsebrumt	temsevrumt	propagation	msebru
temsebruḍ	temsevruḍ	propagation	msebru
temsebɣa	temsevɣa	propagation	msebɣu
temsebɣam	temsevɣam	propagation	msebɣu
temsebɣamt	temsevɣamt	propagation	msebɣu
temsebɣi	temsevɣi	propagation	msebɣu
temsebɣim	temsevɣim	propagation	msebɣu
temsebɣimt	temsevɣimt	propagation	msebɣu
temsebɣiḍ	temsevɣiḍ	propagation	msebɣu
temsebɣu	temsevɣu	propagation	msebɣu
temsebɣum	temsevɣum	propagation	msebɣu
temsebɣumt	temsevɣumt	propagation	msebɣu
temsebɣuḍ	temsevɣuḍ	propagation	msebɣu
temsebḍa	temsevḍa	liste	
temsebḍam	temsevḍam	propagation	msebḍu
temsebḍamt	temsevḍamt	propagation	msebḍu
temsebḍi	temsevḍi	propagation	msebḍu
temsebḍim	temsevḍim	propagation	msebḍu
temsebḍimt	temsevḍimt	propagation	msebḍu
temsebḍiḍ	temsevḍiḍ	propagation	msebḍu
temsebḍu	temsevḍu	propagation	msebḍu
temsebḍum	temsevḍum	propagation	msebḍu
temsebḍumt	temsevḍumt	propagation	msebḍu
temsebḍuḍ	temsevḍuḍ	propagation	msebḍu
temsetbaɛ	temsetvaɛ	propagation	msetbaɛ
temsetbaɛem	temsetvaɛem	propagation	msetbaɛ
temsetbaɛemt	temsetvaɛemt	propagation	msetbaɛ
temsetbaɛeḍ	temsetvaɛeḍ	propagation	msetbaɛ
temyebra	temyevra	propagation	myebru
temyebram	temyevram	liste	
temyebramt	temyevramt	propagation	myebru
temyebri	temyevri	propagation	myebru
temyebrim	temyevrim	propagation	myebru
temyebrimt	temyevrimt	propagation	myebru
temyebriḍ	temyevriḍ	propagation	myebru
temyebru	temyevru	propagation	myebru
temyebrum	temyevrum	propagation	myebru
temyebrumt	temyevrumt	propagation	myebru
temyebruḍ	temyevruḍ	propagation	myebru
temyecbak	temyecvak	propagation	myecbak
temyecbakem	temyecvakem	propagation	myecbak
temyecbakemt	temyecvakemt	propagation	myecbak
temyecbakeḍ	temyecvakeḍ	propagation	myecbak
temyektab	temyektav	propagation	myektab
temyektabem	temyektavem	propagation	myektab
temyektabemt	temyektavemt	propagation	myektab
temyektabeḍ	temyektaveḍ	propagation	myektab
temyenbac	temyenvac	propagation	myenbac
temyenbacem	temyenvacem	propagation	myenbac
temyenbacemt	temyenvacemt	propagation	myenbac
temyenbaceḍ	temyenvaceḍ	propagation	myenbac
temzabit	temzavit	liste	
temɛaǧabem	temɛaǧavem	liste	
temεaǧabem	temεaǧavem	liste	
temḥabab	temḥavav	propagation	mḥabab
temḥababem	temḥavavem	liste	
temḥababemt	temḥavavemt	liste	
temḥababeḍ	temḥavaveḍ	liste	
temḥarab	temḥarav	liste	
temḥarabeɣ	temḥaraveɣ	liste	
temḥarabeḍ	temḥaraveḍ	liste	
temḥasab	temḥasav	propagation	mḥasab
temḥasabem	temḥasavem	propagation	mḥasab
temḥasabemt	temḥasavemt	propagation	mḥasab
temḥasabeḍ	temḥasaveḍ	propagation	mḥasab
temẓabit	temẓavit	liste	
tenbec	tenvec	propagation	nbec
tenbeddal	tenveddal	liste	
tenbeddit	tenveddit	liste	
tenber	tenver	propagation	nber
tenbic	tenvic	propagation	nbec
tenbicem	tenvicem	propagation	nbec
tenbicemt	tenvicemt	propagation	nbec
tenbiceḍ	tenviceḍ	propagation	nbec
tenbir	tenvir	propagation	nber
tenbirem	tenvirem	propagation	nber
tenbiremt	tenviremt	propagation	nber
tenbireḍ	tenvireḍ	propagation	nber
teneqqlab	teneqqlav	liste	
tennebra	tennevra	liste	
tennebram	tennevram	liste	
tennebriḍ	tennevriḍ	liste	
tennejbad	tennejvad	propagation	nnejbad
tennejbadem	tennejvadem	propagation	nnejbad
tennejbademt	tennejvademt	propagation	nnejbad
tennejbadeḍ	tennejvadeḍ	propagation	nnejbad
tenneqlab	tenneqlav	liste	
tenneqlabem	tenneqlavem	propagation	nneqlab
tenneqlabemt	tenneqlavemt	propagation	nneqlab
tenneqlabeḍ	tenneqlaveḍ	liste	
tenneɛtab	tenneɛtav	liste	
tenneɛtabeḍ	tenneɛtaveḍ	liste	
tenneḥsab	tenneḥsav	propagation	nneḥsab
tenneḥsabem	tenneḥsavem	propagation	nneḥsab
tenneḥsabemt	tenneḥsavemt	propagation	nneḥsab
tenneḥsabeḍ	tenneḥsaveḍ	propagation	nneḥsab
tenqeb	tenqev	liste	
tenqib	tenqiv	propagation	nqeb
tenqibem	tenqivem	propagation	nqeb
tenqibemt	tenqivemt	propagation	nqeb
tenqibeḍ	tenqiveḍ	propagation	nqeb
tenɛettab	tenɛettav	liste	
tenɛettabem	tenɛettavem	propagation	nɛettab
tenɛettabemt	tenɛettavemt	propagation	nɛettab
tenɛettabeḍ	tenɛettaveḍ	propagation	nɛettab
tenɣeb	tenɣev	propagation	nɣeb
tenɣib	tenɣiv	propagation	nɣeb
tenɣibem	tenɣivem	propagation	nɣeb
tenɣibemt	tenɣivemt	propagation	nɣeb
tenɣibeḍ	tenɣiveḍ	propagation	nɣeb
tenḍeb	tenḍev	liste	
tenṭeb	tenṭev	liste	
teqbaylit	teqvaylit	liste	
teqbayliyin	teqvayliyin	liste	
teqbel	teqvel	liste	
teqber	teqver	liste	
teqbeḍ	teqveḍ	propagation	qbeḍ
teqbeḥ	teqveḥ	liste	
teqbil	teqvil	liste	
teqbiled	teqviled	liste	
teqbilem	teqvilem	liste	
teqbilemt	teqvilemt	liste	
teqbileḍ	teqvileḍ	liste	
teqbir	teqvir	propagation	qber
teqbirem	teqvirem	propagation	qber
teqbiremt	teqviremt	propagation	qber
teqbireḍ	teqvireḍ	propagation	qber
teqbiḍ	teqviḍ	propagation	qbeḍ
teqbiḍem	teqviḍem	propagation	qbeḍ
teqbiḍemt	teqviḍemt	propagation	qbeḍ
teqbiḍeḍ	teqviḍeḍ	propagation	qbeḍ
teqbiḥ	teqviḥ	propagation	qbeḥ
teqbiḥem	teqviḥem	propagation	qbeḥ
teqbiḥemt	teqviḥemt	propagation	qbeḥ
teqbiḥeḍ	teqviḥeḍ	propagation	qbeḥ
teqbucin	teqvucin	liste	
teqbuct	teqvuct	liste	
teqleb	teqlev	liste	
teqlib	teqliv	propagation	qleb
teqlibem	teqlivem	propagation	qleb
teqlibemt	teqlivemt	propagation	qleb
teqlibeḍ	teqliveḍ	propagation	qleb
teqlibin	teqlivin	liste	
teqqbeqbem	teqqveqvem	propagation	qqebqeb
teqqbeqbemt	teqqveqvemt	propagation	qqebqeb
teqqbeqbeḍ	teqqveqveḍ	propagation	qqebqeb
teqqebqeb	teqqevqev	propagation	qqebqeb
teqrabt	teqravt	liste	
teqreb	teqrev	liste	
teqrib	teqriv	propagation	qreb
teqribem	teqrivem	propagation	qreb
teqribemt	teqrivemt	propagation	qreb
teqribeḍ	teqriveḍ	propagation	qreb
teqṛeb	teqṛev	liste	
terba	terva	liste	
terbam	tervam	propagation	rbu
terbamt	tervamt	liste	
terbaɛt	tervaɛt	liste	
terbaεt	tervaεt	liste	
terbaḍ	tervaḍ	propagation	rbi
terbeɛt	terveɛt	liste	
terbeḥ	terveḥ	liste	
terbi	tervi	liste	
terbim	tervim	propagation	rbu
terbimt	tervimt	propagation	rbu
terbiḍ	terviḍ	liste	
terbiḥ	terviḥ	liste	
terbiḥem	terviḥem	liste	
terbiḥemt	terviḥemt	liste	
terbiḥeḍ	terviḥeḍ	liste	
terbu	tervu	liste	
terbum	tervum	propagation	rbu
terbumt	tervumt	propagation	rbu
terbut	tervut	liste	
terbuḍ	tervuḍ	propagation	rbu
terkabin	terkavin	liste	
terkabt	terkavt	liste	
terkeb	terkev	liste	
terkib	terkiv	propagation	rkeb
terkibem	terkivem	propagation	rkeb
terkibemt	terkivemt	propagation	rkeb
terkibeḍ	terkiveḍ	propagation	rkeb
terḍeb	terḍev	propagation	rḍeb
terḍib	terḍiv	propagation	rḍeb
terḍibem	terḍivem	propagation	rḍeb
terḍibemt	terḍivemt	propagation	rḍeb
terḍibeḍ	terḍiveḍ	propagation	rḍeb
tesbabb	tesvavv	propagation	sbibb
tesbabbay	tesvavvay	propagation	sbibb
tesbabbayem	tesvavvayem	propagation	sbibb
tesbabbayemt	tesvavvayemt	propagation	sbibb
tesbabbayeḍ	tesvavvayeḍ	propagation	sbibb
tesbabbem	tesvavvem	propagation	sbibb
tesbabbemt	tesvavvemt	propagation	sbibb
tesbabbeḍ	tesvavveḍ	propagation	sbibb
tesbaduḍ	tesvaduḍ	liste	
tesban	tesvan	liste	
tesbanay	tesvanay	propagation	sbin
tesbanayem	tesvanayem	propagation	sbin
tesbanayemt	tesvanayemt	propagation	sbin
tesbanayeḍ	tesvanayeḍ	propagation	sbin
tesbanem	tesvanem	propagation	sbin
tesbanemt	tesvanemt	propagation	sbin
tesbaneḍ	tesvaneḍ	propagation	sbin
tesbaɛɛay	tesvaɛɛay	propagation	sbeɛbeɛ
tesbaɛɛayem	tesvaɛɛayem	propagation	sbeɛbeɛ
tesbaɛɛayemt	tesvaɛɛayemt	propagation	sbeɛbeɛ
tesbaɛɛayeḍ	tesvaɛɛayeḍ	propagation	sbeɛbeɛ
tesbedd	tesvedd	liste	
tesbedday	tesvedday	propagation	sbedd
tesbeddayem	tesveddayem	propagation	sbedd
tesbeddayemt	tesveddayemt	propagation	sbedd
tesbeddayeḍ	tesveddayeḍ	liste	
tesbedded	tesvedded	liste	
tesbeddem	tesveddem	liste	
tesbeddemt	tesveddemt	liste	
tesbeddeḍ	tesveddeḍ	liste	
tesbeddit	tesveddit	liste	
tesbeggen	tesveggen	liste	
tesbeggin	tesveggin	propagation	sbeggen
tesbegginem	tesvegginem	propagation	sbeggen
tesbegginemt	tesvegginemt	propagation	sbeggen
tesbeggineḍ	tesveggineḍ	propagation	sbeggen
tesbeggnem	tesveggnem	propagation	sbeggen
tesbeggnemt	tesveggnemt	propagation	sbeggen
tesbeggneḍ	tesveggneḍ	liste	
tesbehba	tesvehva	liste	
tesbehbam	tesvehvam	propagation	sbehbi
tesbehbamt	tesvehvamt	propagation	sbehbi
tesbehbay	tesvehvay	propagation	sbehbi
tesbehbayem	tesvehvayem	propagation	sbehbi
tesbehbayemt	tesvehvayemt	propagation	sbehbi
tesbehbayeḍ	tesvehvayeḍ	propagation	sbehbi
tesbehbaḍ	tesvehvaḍ	propagation	sbehbi
tesbehbi	tesvehvi	propagation	sbehbi
tesbehbim	tesvehvim	propagation	sbehbi
tesbehbimt	tesvehvimt	propagation	sbehbi
tesbehbiḍ	tesvehviḍ	propagation	sbehbi
tesbek	tesvek	liste	
tesbelɛem	tesvelɛem	liste	
tesbelɛeṭ	tesvelɛeṭ	propagation	sbelɛeṭ
tesbelɛiṭ	tesvelɛiṭ	propagation	sbelɛeṭ
tesbelɛiṭem	tesvelɛiṭem	propagation	sbelɛeṭ
tesbelɛiṭemt	tesvelɛiṭemt	propagation	sbelɛeṭ
tesbelɛiṭeḍ	tesvelɛiṭeḍ	propagation	sbelɛeṭ
tesbelɛṭem	tesvelɛṭem	propagation	sbelɛeṭ
tesbelɛṭemt	tesvelɛṭemt	propagation	sbelɛeṭ
tesbelɛṭeḍ	tesvelɛṭeḍ	propagation	sbelɛeṭ
tesbender	tesvender	propagation	sbender
tesbendir	tesvendir	propagation	sbender
tesbendirem	tesvendirem	propagation	sbender
tesbendiremt	tesvendiremt	propagation	sbender
tesbendireḍ	tesvendireḍ	propagation	sbender
tesbendrem	tesvendrem	propagation	sbender
tesbendremt	tesvendremt	propagation	sbender
tesbendreḍ	tesvendreḍ	propagation	sbender
tesber	tesver	liste	
tesberber	tesverver	liste	
tesberbir	tesvervir	propagation	sberber
tesberbirem	tesvervirem	propagation	sberber
tesberbiremt	tesverviremt	propagation	sberber
tesberbireḍ	tesvervireḍ	propagation	sberber
tesberbrem	tesvervrem	propagation	sberber
tesberbremt	tesvervremt	propagation	sberber
tesberbreḍ	tesvervreḍ	propagation	sberber
tesbexxeṛ	tesvexxeṛ	liste	
tesbexxiṛ	tesvexxiṛ	liste	
tesbexxiṛem	tesvexxiṛem	liste	
tesbexxiṛemt	tesvexxiṛemt	liste	
tesbexxiṛeḍ	tesvexxiṛeḍ	liste	
tesbexxṛem	tesvexxṛem	liste	
tesbexxṛemt	tesvexxṛemt	liste	
tesbexxṛeḍ	tesvexxṛeḍ	liste	
tesbezgem	tesvezgem	liste	
tesbezgemt	tesvezgemt	liste	
tesbezgeḍ	tesvezgeḍ	liste	
tesbeɛ	tesveɛ	propagation	sbeɛ
tesbeɛbeɛ	tesveɛveɛ	liste	
tesbeɛbuɛ	tesveɛvuɛ	liste	
tesbeɛbuɛed	tesveɛvuɛed	liste	
tesbeɛbuɛem	tesveɛvuɛem	liste	
tesbeɛbuɛemt	tesveɛvuɛemt	liste	
tesbeɛbuɛeḍ	tesveɛvuɛeḍ	liste	
tesbeɛbɛem	tesveɛvɛem	propagation	sbeɛbeɛ
tesbeɛbɛemt	tesveɛvɛemt	propagation	sbeɛbeɛ
tesbeɛbɛeḍ	tesveɛvɛeḍ	propagation	sbeɛbeɛ
tesbeɛdeḍ	tesveɛdeḍ	liste	
tesbeɣ	tesveɣ	liste	
tesbeṛbiṛeḍ	tesveṛviṛeḍ	liste	
tesbibb	tesvivv	propagation	sbibb
tesbibbem	tesvivvem	propagation	sbibb
tesbibbemt	tesvivvemt	propagation	sbibb
tesbibbeḍ	tesvivveḍ	propagation	sbibb
tesbik	tesvik	propagation	sbek
tesbikem	tesvikem	propagation	sbek
tesbikemt	tesvikemt	propagation	sbek
tesbikeḍ	tesvikeḍ	propagation	sbek
tesbikkiweḍ	tesvikkiweḍ	liste	
tesbin	tesvin	propagation	sbin
tesbinem	tesvinem	propagation	sbin
tesbinemt	tesvinemt	propagation	sbin
tesbineḍ	tesvineḍ	propagation	sbin
tesbixxiw	tesvixxiw	liste	
tesbixxix	tesvixxix	liste	
tesbiɛ	tesviɛ	propagation	sbeɛ
tesbiɛem	tesviɛem	propagation	sbeɛ
tesbiɛemt	tesviɛemt	propagation	sbeɛ
tesbiɛeḍ	tesviɛeḍ	propagation	sbeɛ
tesbiɣ	tesviɣ	liste	
tesbiɣem	tesviɣem	propagation	sbeɣ
tesbiɣemt	tesviɣemt	propagation	sbeɣ
tesbiɣeḍ	tesviɣeḍ	propagation	sbeɣ
tesbleɛ	tesvleɛ	liste	
tesbucbec	tesvucvec	liste	
tesbur	tesvur	liste	
tesburr	tesvurr	propagation	sburr
tesburrem	tesvurrem	propagation	sburr
tesburremt	tesvurremt	propagation	sburr
tesburreḍ	tesvurreḍ	liste	
tesburruy	tesvurruy	liste	
tesburruyem	tesvurruyem	propagation	sburr
tesburruyemt	tesvurruyemt	propagation	sburr
tesburruyeḍ	tesvurruyeḍ	propagation	sburr
tesbuḥra	tesvuḥra	liste	
tesbuḥram	tesvuḥram	liste	
tesbuḥramt	tesvuḥramt	liste	
tesbuḥraḍ	tesvuḥraḍ	liste	
tesbuḥru	tesvuḥru	propagation	sbuḥru
tesbuḥrum	tesvuḥrum	propagation	sbuḥru
tesbuḥrumt	tesvuḥrumt	propagation	sbuḥru
tesbuḥruy	tesvuḥruy	liste	
tesbuḥruyem	tesvuḥruyem	liste	
tesbuḥruyemt	tesvuḥruyemt	liste	
tesbuḥruyeḍ	tesvuḥruyeḍ	liste	
tesbuḥruḍ	tesvuḥruḍ	propagation	sbuḥru
tesbuṛṛef	tesvuṛṛef	liste	
tesbuṛṛufed	tesvuṛṛufed	liste	
tesbuṛṛufeḍ	tesvuṛṛufeḍ	liste	
tesdebdbem	tesdevdvem	propagation	sdebdeb
tesdebdbemt	tesdevdvemt	propagation	sdebdeb
tesdebdbeḍ	tesdevdveḍ	propagation	sdebdeb
tesdebdeb	tesdevdev	propagation	sdebdeb
tesdebdub	tesdevduv	propagation	sdebdeb
tesdebdubem	tesdevduvem	propagation	sdebdeb
tesdebdubemt	tesdevduvemt	propagation	sdebdeb
tesdebdubeḍ	tesdevduveḍ	propagation	sdebdeb
tesderbez	tesdervez	propagation	sderbez
tesderbiz	tesderviz	liste	
tesderbizem	tesdervizem	propagation	sderbez
tesderbizemt	tesdervizemt	propagation	sderbez
tesderbizeḍ	tesdervizeḍ	liste	
tesderbzem	tesdervzem	propagation	sderbez
tesderbzemt	tesdervzemt	propagation	sderbez
tesderbzeḍ	tesdervzeḍ	propagation	sderbez
tesdub	tesduv	liste	
tesdubem	tesduvem	propagation	sdub
tesdubemt	tesduvemt	propagation	sdub
tesdubeḍ	tesduveḍ	propagation	sdub
tesdubuy	tesduvuy	propagation	sdub
tesdubuyem	tesduvuyem	propagation	sdub
tesdubuyemt	tesduvuyemt	propagation	sdub
tesdubuyeḍ	tesduvuyeḍ	propagation	sdub
teskadbeḍ	teskadveḍ	liste	
teskaddbem	teskaddvem	liste	
teskaddbemt	teskaddvemt	liste	
teskaddbeḍ	teskaddveḍ	liste	
teskaddeb	teskaddev	liste	
teskaddebeḍ	teskaddeveḍ	liste	
teskeddibeḍ	teskeddiveḍ	liste	
teskiddbem	teskiddvem	propagation	skiddeb
teskiddbemt	teskiddvemt	propagation	skiddeb
teskiddbeḍ	teskiddveḍ	liste	
teskiddeb	teskiddev	liste	
teskiddib	teskiddiv	liste	
teskiddibem	teskiddivem	liste	
teskiddibemt	teskiddivemt	liste	
teskiddibeḍ	teskiddiveḍ	liste	
teskidib	teskidiv	liste	
teskidibeḍ	teskidiveḍ	liste	
tesleb	teslev	liste	
tesleqbatin	tesleqvatin	liste	
teslib	tesliv	propagation	sleb
teslibem	teslivem	propagation	sleb
teslibemt	teslivemt	propagation	sleb
teslibeḍ	tesliveḍ	propagation	sleb
tesmuhbel	tesmuhvel	propagation	smuhbel
tesmuhbul	tesmuhvul	liste	
tesmuhbulem	tesmuhvulem	liste	
tesmuhbulemt	tesmuhvulemt	liste	
tesmuhbuleḍ	tesmuhvuleḍ	liste	
tesmuheblem	tesmuhevlem	propagation	smuhbel
tesmuheblemt	tesmuhevlemt	propagation	smuhbel
tesmuhebleḍ	tesmuhevleḍ	propagation	smuhbel
tesmuselbem	tesmuselvem	propagation	smusleb
tesmuselbemt	tesmuselvemt	propagation	smusleb
tesmuselbeḍ	tesmuselveḍ	propagation	smusleb
tesmusleb	tesmuslev	propagation	smusleb
tesmuslub	tesmusluv	propagation	smusleb
tesmuslubem	tesmusluvem	propagation	smusleb
tesmuslubemt	tesmusluvemt	propagation	smusleb
tesmuslubeḍ	tesmusluveḍ	propagation	smusleb
tesmuɣben	tesmuɣven	propagation	smuɣben
tesmuɣbun	tesmuɣvun	propagation	smuɣben
tesmuɣbunem	tesmuɣvunem	propagation	smuɣben
tesmuɣbunemt	tesmuɣvunemt	propagation	smuɣben
tesmuɣbuneḍ	tesmuɣvuneḍ	propagation	smuɣben
tesmuɣebnem	tesmuɣevnem	propagation	smuɣben
tesmuɣebnemt	tesmuɣevnemt	propagation	smuɣben
tesmuɣebneḍ	tesmuɣevneḍ	propagation	smuɣben
tesnejbad	tesnejvad	liste	
tesneqlab	tesneqlav	liste	
tesneqlabay	tesneqlavay	propagation	sneqlab
tesneqlabayem	tesneqlavayem	propagation	sneqlab
tesneqlabayemt	tesneqlavayemt	propagation	sneqlab
tesneqlabayeḍ	tesneqlavayeḍ	propagation	sneqlab
tesneqlabem	tesneqlavem	propagation	sneqlab
tesneqlabemt	tesneqlavemt	propagation	sneqlab
tesneqlabeḍ	tesneqlaveḍ	propagation	sneqlab
tesnubegtem	tesnuvegtem	propagation	snubget
tesnubegtemt	tesnuvegtemt	propagation	snubget
tesnubegteḍ	tesnuvegteḍ	propagation	snubget
tesnubget	tesnuvget	propagation	snubget
tesnubgut	tesnuvgut	propagation	snubget
tesnubgutem	tesnuvgutem	propagation	snubget
tesnubgutemt	tesnuvgutemt	propagation	snubget
tesnubguteḍ	tesnuvguteḍ	propagation	snubget
tesqazzbem	tesqazzvem	propagation	sqizzeb
tesqazzbemt	tesqazzvemt	propagation	sqizzeb
tesqazzbeḍ	tesqazzveḍ	propagation	sqizzeb
tesqazzeb	tesqazzev	propagation	sqizzeb
tesqerbebb	tesqervevv	propagation	sqerbebb
tesqerbebbem	tesqervevvem	propagation	sqerbebb
tesqerbebbemt	tesqervevvemt	propagation	sqerbebb
tesqerbebbeḍ	tesqervevveḍ	propagation	sqerbebb
tesqerbeḍ	tesqerveḍ	liste	
tesqerbib	tesqerviv	propagation	sqerbebb
tesqerbibem	tesqervivem	propagation	sqerbebb
tesqerbibemt	tesqervivemt	propagation	sqerbebb
tesqerbibeḍ	tesqerviveḍ	propagation	sqerbebb
tesqeṛbem	tesqeṛvem	liste	
tesqeṛbemt	tesqeṛvemt	liste	
tesqeṛbib	tesqeṛviv	liste	
tesqeṛbibem	tesqeṛvivem	liste	
tesqeṛbibemt	tesqeṛvivemt	liste	
tesqeṛbibeḍ	tesqeṛviveḍ	liste	
tesqizzbem	tesqizzvem	propagation	sqizzeb
tesqizzbemt	tesqizzvemt	propagation	sqizzeb
tesqizzbeḍ	tesqizzveḍ	propagation	sqizzeb
tesqizzeb	tesqizzev	propagation	sqizzeb
tesqizzib	tesqizziv	propagation	sqizzeb
tesqizzibem	tesqizzivem	propagation	sqizzeb
tesqizzibemt	tesqizzivemt	propagation	sqizzeb
tesqizzibeḍ	tesqizziveḍ	liste	
tessbeddem	tessveddem	propagation	ssebded
tessbeddemt	tessveddemt	propagation	ssebded
tessbeddeḍ	tessveddeḍ	propagation	ssebded
tessbelɛem	tessvelɛem	propagation	ssebleɛ
tessbelɛemt	tessvelɛemt	propagation	ssebleɛ
tessbelɛeḍ	tessvelɛeḍ	propagation	ssebleɛ
tessbezgem	tessvezgem	propagation	ssebzeg
tessbezgemt	tessvezgemt	propagation	ssebzeg
tessbezgeḍ	tessvezgeḍ	propagation	ssebzeg
tessbeɛdem	tessveɛdem	propagation	ssebɛed
tessbeɛdemt	tessveɛdemt	propagation	ssebɛed
tessbeɛdeḍ	tessveɛdeḍ	liste	
tessbeεdeḍ	tessveεdeḍ	liste	
tessbeṭlem	tessveṭlem	propagation	ssebṭel
tessbeṭlemt	tessveṭlemt	propagation	ssebṭel
tessbeṭleḍ	tessveṭleḍ	propagation	ssebṭel
tessebdad	tessevdad	propagation	ssebded
tessebdadem	tessevdadem	liste	
tessebdademt	tessevdademt	liste	
tessebdadeḍ	tessevdadeḍ	propagation	ssebded
tessebded	tessevded	liste	
tessebgan	tessevgan	liste	
tessebgen	tessevgen	liste	
tesseblaɛ	tessevlaɛ	liste	
tesseblaɛem	tessevlaɛem	liste	
tesseblaɛemt	tessevlaɛemt	liste	
tesseblaɛeḍ	tessevlaɛeḍ	liste	
tessebleɛ	tessevleɛ	liste	
tessebluleɣ	tessevluleɣ	liste	
tessebluluɣ	tessevluluɣ	propagation	ssebluleɣ
tessebluluɣem	tessevluluɣem	propagation	ssebluleɣ
tessebluluɣemt	tessevluluɣemt	propagation	ssebluleɣ
tessebluluɣeḍ	tessevluluɣeḍ	propagation	ssebluleɣ
tesseblulɣem	tessevlulɣem	propagation	ssebluleɣ
tesseblulɣemt	tessevlulɣemt	propagation	ssebluleɣ
tesseblulɣeḍ	tessevlulɣeḍ	propagation	ssebluleɣ
tessebra	tessevra	propagation	ssebru
tessebram	tessevram	propagation	ssebru
tessebramt	tessevramt	propagation	ssebru
tessebrareḥ	tessevrareḥ	propagation	ssebrireḥ
tessebrarḥem	tessevrarḥem	propagation	ssebrireḥ
tessebrarḥemt	tessevrarḥemt	propagation	ssebrireḥ
tessebrarḥeḍ	tessevrarḥeḍ	propagation	ssebrireḥ
tessebray	tessevray	propagation	ssebri
tessebrayem	tessevrayem	propagation	ssebri
tessebrayemt	tessevrayemt	propagation	ssebri
tessebrayeḍ	tessevrayeḍ	propagation	ssebri
tessebraḍ	tessevraḍ	propagation	ssebru
tessebri	tessevri	propagation	ssebri
tessebrim	tessevrim	propagation	ssebri
tessebrimt	tessevrimt	propagation	ssebri
tessebrireḥ	tessevrireḥ	propagation	ssebrireḥ
tessebririḥ	tessevririḥ	propagation	ssebrireḥ
tessebririḥem	tessevririḥem	propagation	ssebrireḥ
tessebririḥemt	tessevririḥemt	propagation	ssebrireḥ
tessebririḥeḍ	tessevririḥeḍ	propagation	ssebrireḥ
tessebrirḥem	tessevrirḥem	propagation	ssebrireḥ
tessebrirḥemt	tessevrirḥemt	propagation	ssebrireḥ
tessebrirḥeḍ	tessevrirḥeḍ	propagation	ssebrireḥ
tessebriḍ	tessevriḍ	propagation	ssebri
tessebru	tessevru	propagation	ssebru
tessebrum	tessevrum	propagation	ssebru
tessebrumt	tessevrumt	propagation	ssebru
tessebruy	tessevruy	propagation	ssebru
tessebruyem	tessevruyem	propagation	ssebru
tessebruyemt	tessevruyemt	propagation	ssebru
tessebruyeḍ	tessevruyeḍ	propagation	ssebru
tessebruzzeɛ	tessevruzzeɛ	propagation	ssebruzzeɛ
tessebruzzuɛ	tessevruzzuɛ	propagation	ssebruzzeɛ
tessebruzzuɛem	tessevruzzuɛem	propagation	ssebruzzeɛ
tessebruzzuɛemt	tessevruzzuɛemt	propagation	ssebruzzeɛ
tessebruzzuɛeḍ	tessevruzzuɛeḍ	propagation	ssebruzzeɛ
tessebruzzɛem	tessevruzzɛem	propagation	ssebruzzeɛ
tessebruzzɛemt	tessevruzzɛemt	propagation	ssebruzzeɛ
tessebruzzɛeḍ	tessevruzzɛeḍ	liste	
tessebruḍ	tessevruḍ	propagation	ssebru
tessebzag	tessevzag	liste	
tessebzagem	tessevzagem	propagation	ssebzeg
tessebzagemt	tessevzagemt	propagation	ssebzeg
tessebzageḍ	tessevzageḍ	propagation	ssebzeg
tessebzeg	tessevzeg	liste	
tessebɛad	tessevɛad	propagation	ssebɛed
tessebɛadem	tessevɛadem	liste	
tessebɛademt	tessevɛademt	liste	
tessebɛadeḍ	tessevɛadeḍ	liste	
tessebɛed	tessevɛed	liste	
tessebɣas	tessevɣas	liste	
tessebɣaseḍ	tessevɣaseḍ	liste	
tessebṛaṛaḥ	tessevṛaṛaḥ	liste	
tessebṛaṛaḥem	tessevṛaṛaḥem	liste	
tessebṛaṛaḥemt	tessevṛaṛaḥemt	liste	
tessebṛaṛaḥeḍ	tessevṛaṛaḥeḍ	liste	
tessebṛaṛḥ	tessevṛaṛḥ	liste	
tessebṛaṛḥem	tessevṛaṛḥem	liste	
tessebṛaṛḥemt	tessevṛaṛḥemt	liste	
tessebṛaṛḥeḍ	tessevṛaṛḥeḍ	liste	
tessebṛuqlem	tessevṛuqlem	liste	
tessebṛuqlemt	tessevṛuqlemt	liste	
tessebṛuqleḍ	tessevṛuqleḍ	liste	
tessebṭal	tessevṭal	propagation	ssebṭel
tessebṭalem	tessevṭalem	propagation	ssebṭel
tessebṭalemt	tessevṭalemt	propagation	ssebṭel
tessebṭaleḍ	tessevṭaleḍ	propagation	ssebṭel
tessebṭel	tessevṭel	propagation	ssebṭel
tessegrarbem	tessegrarvem	propagation	ssegrireb
tessegrarbemt	tessegrarvemt	propagation	ssegrireb
tessegrarbeḍ	tessegrarveḍ	propagation	ssegrireb
tessegrareb	tessegrarev	propagation	ssegrireb
tessegrirbem	tessegrirvem	propagation	ssegrireb
tessegrirbemt	tessegrirvemt	propagation	ssegrireb
tessegrirbeḍ	tessegrirveḍ	liste	
tessegrireb	tessegrirev	liste	
tessegririb	tessegririv	propagation	ssegrireb
tessegriribem	tessegririvem	propagation	ssegrireb
tessegriribemt	tessegririvemt	propagation	ssegrireb
tessegriribeḍ	tessegririveḍ	propagation	ssegrireb
tessehbal	tessehval	propagation	ssehbel
tessehbalem	tessehvalem	propagation	ssehbel
tessehbalemt	tessehvalemt	propagation	ssehbel
tessehbaleḍ	tessehvaleḍ	liste	
tessehbel	tessehvel	liste	
tessejbiḍ	tessejviḍ	liste	
tesselbem	tesselvem	propagation	ssleb
tesselbemt	tesselvemt	propagation	ssleb
tesselbeḍ	tesselveḍ	propagation	ssleb
tessembabtiklalin	tessemvavtiklalin	liste	
tessembaɛad	tessemvaɛad	propagation	ssembaɛed
tessembaɛadem	tessemvaɛadem	propagation	ssembaɛed
tessembaɛademt	tessemvaɛademt	propagation	ssembaɛed
tessembaɛadeḍ	tessemvaɛadeḍ	propagation	ssembaɛed
tessembaɛdem	tessemvaɛdem	propagation	ssembaɛed
tessembaɛdemt	tessemvaɛdemt	propagation	ssembaɛed
tessembaɛdeḍ	tessemvaɛdeḍ	propagation	ssembaɛed
tessembaɛed	tessemvaɛed	propagation	ssembaɛed
tessemqabal	tessemqaval	propagation	ssemqabal
tessemqabalay	tessemqavalay	propagation	ssemqabal
tessemqabalayem	tessemqavalayem	propagation	ssemqabal
tessemqabalayemt	tessemqavalayemt	propagation	ssemqabal
tessemqabalayeḍ	tessemqavalayeḍ	propagation	ssemqabal
tessemqabalem	tessemqavalem	propagation	ssemqabal
tessemqabalemt	tessemqavalemt	propagation	ssemqabal
tessemqabaleḍ	tessemqavaleḍ	propagation	ssemqabal
tesseqbec	tesseqvec	liste	
tesseqrab	tesseqrav	propagation	sseqreb
tesseqrabem	tesseqravem	propagation	sseqreb
tesseqrabemt	tesseqravemt	propagation	sseqreb
tesseqrabeḍ	tesseqraveḍ	propagation	sseqreb
tesseqreb	tesseqrev	liste	
tesseqrebbi	tesseqrevvi	liste	
tesseqṛeb	tesseqṛev	liste	
tesserbaḥ	tesservaḥ	propagation	sserbeḥ
tesserbaḥem	tesservaḥem	propagation	sserbeḥ
tesserbaḥemt	tesservaḥemt	propagation	sserbeḥ
tesserbaḥeḍ	tesservaḥeḍ	liste	
tesserbeḥ	tesserveḥ	propagation	sserbeḥ
tesserhab	tesserhav	propagation	sserheb
tesserhabem	tesserhavem	propagation	sserheb
tesserhabemt	tesserhavemt	propagation	sserheb
tesserhabeḍ	tesserhaveḍ	liste	
tesserheb	tesserhev	propagation	sserheb
tesserkab	tesserkav	propagation	sserkeb
tesserkabem	tesserkavem	propagation	sserkeb
tesserkabemt	tesserkavemt	propagation	sserkeb
tesserkabeḍ	tesserkaveḍ	propagation	sserkeb
tesserkeb	tesserkev	propagation	sserkeb
tesserḍab	tesserḍav	propagation	sserḍeb
tesserḍabem	tesserḍavem	propagation	sserḍeb
tesserḍabemt	tesserḍavemt	propagation	sserḍeb
tesserḍabeḍ	tesserḍaveḍ	liste	
tesserḍeb	tesserḍev	propagation	sserḍeb
tessexrab	tessexrav	propagation	ssexreb
tessexrabem	tessexravem	propagation	ssexreb
tessexrabemt	tessexravemt	propagation	ssexreb
tessexrabeḍ	tessexraveḍ	propagation	ssexreb
tessexreb	tessexrev	propagation	ssexreb
tessexṛeb	tessexṛev	liste	
tesseɣlab	tesseɣlav	propagation	sseɣleb
tesseɣlabem	tesseɣlavem	propagation	sseɣleb
tesseɣlabemt	tesseɣlavemt	propagation	sseɣleb
tesseɣlabeḍ	tesseɣlaveḍ	propagation	sseɣleb
tesseɣleb	tesseɣlev	liste	
tesseḥbiber	tesseḥviver	liste	
tesseḥbibir	tesseḥvivir	liste	
tesseḥsab	tesseḥsav	propagation	sseḥseb
tesseḥsabem	tesseḥsavem	propagation	sseḥseb
tesseḥsabemt	tesseḥsavemt	propagation	sseḥseb
tesseḥsabeḍ	tesseḥsaveḍ	propagation	sseḥseb
tesseḥseb	tesseḥsev	propagation	sseḥseb
tessheblem	tesshevlem	propagation	ssehbel
tessheblemt	tesshevlemt	propagation	ssehbel
tesshebleḍ	tesshevleḍ	propagation	ssehbel
tessibrikem	tessivrikem	liste	
tessibrikeḍ	tessivrikeḍ	liste	
tesskaddeb	tesskaddev	liste	
tessleb	tesslev	propagation	ssleb
tesslubuy	tessluvuy	propagation	ssleb
tesslubuyem	tessluvuyem	propagation	ssleb
tesslubuyemt	tessluvuyemt	propagation	ssleb
tesslubuyeḍ	tessluvuyeḍ	propagation	ssleb
tessqerbem	tessqervem	propagation	sseqreb
tessqerbemt	tessqervemt	propagation	sseqreb
tessqerbeḍ	tessqerveḍ	propagation	sseqreb
tessrebḥem	tessrevḥem	liste	
tessrebḥemt	tessrevḥemt	liste	
tessrebḥeḍ	tessrevḥeḍ	liste	
tessrehbem	tessrehvem	propagation	sserheb
tessrehbemt	tessrehvemt	propagation	sserheb
tessrehbeḍ	tessrehveḍ	propagation	sserheb
tessrekbem	tessrekvem	propagation	sserkeb
tessrekbemt	tessrekvemt	propagation	sserkeb
tessrekbeḍ	tessrekveḍ	propagation	sserkeb
tessreḍbem	tessreḍvem	propagation	sserḍeb
tessreḍbemt	tessreḍvemt	propagation	sserḍeb
tessreḍbeḍ	tessreḍveḍ	propagation	sserḍeb
tessxerbem	tessxervem	propagation	ssexreb
tessxerbemt	tessxervemt	propagation	ssexreb
tessxerbeḍ	tessxerveḍ	propagation	ssexreb
tessɣelbem	tessɣelvem	propagation	sseɣleb
tessɣelbemt	tessɣelvemt	propagation	sseɣleb
tessɣelbeḍ	tessɣelveḍ	propagation	sseɣleb
tessḥesbem	tessḥesvem	propagation	sseḥseb
tessḥesbemt	tessḥesvemt	propagation	sseḥseb
tessḥesbeḍ	tessḥesveḍ	propagation	sseḥseb
testbenneḍ	testvenneḍ	liste	
testreḥbem	testreḥvem	liste	
teswarab	teswarav	propagation	swireb
teswarabem	teswaravem	propagation	swireb
teswarabemt	teswaravemt	propagation	swireb
teswarabeḍ	teswaraveḍ	propagation	swireb
teswarbem	teswarvem	propagation	swireb
teswarbemt	teswarvemt	propagation	swireb
teswarbeḍ	teswarveḍ	propagation	swireb
teswareb	teswarev	propagation	swireb
teswirbem	teswirvem	propagation	swireb
teswirbemt	teswirvemt	propagation	swireb
teswirbeḍ	teswirveḍ	propagation	swireb
teswireb	teswirev	propagation	swireb
tesxerbeḍ	tesxerveḍ	liste	
tesxerbubcem	tesxervuvcem	propagation	sxerbubec
tesxerbubcemt	tesxervuvcemt	propagation	sxerbubec
tesxerbubceḍ	tesxervuvceḍ	propagation	sxerbubec
tesxerbubec	tesxervuvec	propagation	sxerbubec
tesxerbubuc	tesxervuvuc	propagation	sxerbubec
tesxerbubucem	tesxervuvucem	propagation	sxerbubec
tesxerbubucemt	tesxervuvucemt	propagation	sxerbubec
tesxerbubuceḍ	tesxervuvuceḍ	liste	
tesxeṛbem	tesxeṛvem	liste	
tesxeṛbemt	tesxeṛvemt	liste	
tesxeṛbeḍ	tesxeṛveḍ	liste	
tesɛettbem	tesɛettvem	propagation	sɛetteb
tesɛettbemt	tesɛettvemt	propagation	sɛetteb
tesɛettbeḍ	tesɛettveḍ	propagation	sɛetteb
tesɛetteb	tesɛettev	propagation	sɛetteb
tesɛettib	tesɛettiv	propagation	sɛetteb
tesɛettibem	tesɛettivem	propagation	sɛetteb
tesɛettibemt	tesɛettivemt	propagation	sɛetteb
tesɛettibeḍ	tesɛettiveḍ	propagation	sɛetteb
tesεibineḍ	tesεivineḍ	liste	
tesṭebṭbem	tesṭevṭvem	propagation	sṭebṭeb
tesṭebṭbemt	tesṭevṭvemt	propagation	sṭebṭeb
tesṭebṭbeḍ	tesṭevṭveḍ	propagation	sṭebṭeb
tesṭebṭeb	tesṭevṭev	propagation	sṭebṭeb
tesṭebṭub	tesṭevṭuv	propagation	sṭebṭeb
tesṭebṭubem	tesṭevṭuvem	propagation	sṭebṭeb
tesṭebṭubemt	tesṭevṭuvemt	propagation	sṭebṭeb
tesṭebṭubeḍ	tesṭevṭuveḍ	propagation	sṭebṭeb
tetbeɛ	tetveɛ	liste	
tetbirt	tetvirt	liste	
tetbiɛ	tetviɛ	propagation	tbeɛ
tetbiɛem	tetviɛem	propagation	tbeɛ
tetbiɛemt	tetviɛemt	propagation	tbeɛ
tetbiɛeḍ	tetviɛeḍ	propagation	tbeɛ
tetceɣɣbeḍ	tetceɣɣveḍ	liste	
tetribt	tetrivt	liste	
tettabaɛ	tettavaɛ	propagation	tabeɛ
tettabaɛed	tettavaɛed	liste	
tettabaɛem	tettavaɛem	liste	
tettabaɛemt	tettavaɛemt	liste	
tettabaɛeḍ	tettavaɛeḍ	propagation	tabeɛ
tettabaε	tettavaε	liste	
tettabdaded	tettavdaded	liste	
tettabdadem	tettavdadem	liste	
tettabdademt	tettavdademt	liste	
tettaɛjab	tettaɛjav	liste	
tettaɛǧab	tettaɛǧav	liste	
tettbab	tettvav	propagation	bab
tettbabem	tettvavem	propagation	bab
tettbabemt	tettvavemt	propagation	bab
tettbabeḍ	tettvaveḍ	propagation	bab
tettban	tettvan	liste	
tettbaned	tettvaned	liste	
tettbanem	tettvanem	liste	
tettbanemt	tettvanemt	liste	
tettbaneḍ	tettvaneḍ	liste	
tettbarak	tettvarak	propagation	barek
tettbaraked	tettvaraked	liste	
tettbarakem	tettvarakem	propagation	barek
tettbarakemt	tettvarakemt	propagation	barek
tettbarakeḍ	tettvarakeḍ	liste	
tettbat	tettvat	propagation	bat
tettbatem	tettvatem	propagation	bat
tettbatemt	tettvatemt	propagation	bat
tettbateḍ	tettvateḍ	propagation	bat
tettbaɛad	tettvaɛad	propagation	baɛed
tettbaɛadem	tettvaɛadem	propagation	baɛed
tettbaɛademt	tettvaɛademt	propagation	baɛed
tettbaɛadeḍ	tettvaɛadeḍ	propagation	baɛed
tettbaḍan	tettvaḍan	propagation	baḍen
tettbaḍanem	tettvaḍanem	propagation	baḍen
tettbaḍanemt	tettvaḍanemt	propagation	baḍen
tettbaḍaneḍ	tettvaḍaneḍ	propagation	baḍen
tettbeccic	tettveccic	propagation	becc
tettbeccicem	tettveccicem	propagation	becc
tettbeccicemt	tettveccicemt	propagation	becc
tettbecciceḍ	tettvecciceḍ	liste	
tettbeddideḍ	tettveddideḍ	liste	
tettbeddil	tettveddil	liste	
tettbeddilem	tettveddilem	liste	
tettbeddilemt	tettveddilemt	liste	
tettbeddileḍ	tettveddileḍ	liste	
tettbedrem	tettvedrem	propagation	ttebder
tettbedremt	tettvedremt	propagation	ttebder
tettbedreḍ	tettvedreḍ	propagation	ttebder
tettbeggin	tettveggin	propagation	beggen
tettbegginem	tettvegginem	propagation	beggen
tettbegginemt	tettvegginemt	propagation	beggen
tettbeggineḍ	tettveggineḍ	propagation	beggen
tettbehbi	tettvehvi	propagation	bbehbi
tettbehbim	tettvehvim	propagation	bbehbi
tettbehbimt	tettvehvimt	propagation	bbehbi
tettbehbiḍ	tettvehviḍ	propagation	bbehbi
tettbekkim	tettvekkim	propagation	bekkem
tettbekkimem	tettvekkimem	propagation	bekkem
tettbekkimemt	tettvekkimemt	propagation	bekkem
tettbekkimeḍ	tettvekkimeḍ	propagation	bekkem
tettbekkir	tettvekkir	propagation	bekker
tettbekkirem	tettvekkirem	propagation	bekker
tettbekkiremt	tettvekkiremt	propagation	bekker
tettbekkireḍ	tettvekkireḍ	propagation	bekker
tettbekkiṛ	tettvekkiṛ	liste	
tettbelliɛ	tettvelliɛ	propagation	belleɛ
tettbelliɛem	tettvelliɛem	propagation	belleɛ
tettbelliɛemt	tettvelliɛemt	propagation	belleɛ
tettbelliɛeḍ	tettvelliɛeḍ	propagation	belleɛ
tettbeqqi	tettveqqi	propagation	beqqi
tettbeqqim	tettveqqim	propagation	beqqi
tettbeqqimt	tettveqqimt	propagation	beqqi
tettbeqqiḍ	tettveqqiḍ	propagation	beqqi
tettberbir	tettvervir	propagation	bberber
tettberbirem	tettvervirem	propagation	bberber
tettberbiremt	tettverviremt	propagation	bberber
tettberbireḍ	tettvervireḍ	propagation	bberber
tettberri	tettverri	propagation	berri
tettberrim	tettverrim	propagation	berri
tettberrimt	tettverrimt	propagation	berri
tettberriz	tettverriz	propagation	berrez
tettberrizem	tettverrizem	propagation	berrez
tettberrizemt	tettverrizemt	propagation	berrez
tettberrizeḍ	tettverrizeḍ	propagation	berrez
tettberriḍ	tettverriḍ	propagation	berri
tettberriḥ	tettverriḥ	liste	
tettberriḥem	tettverriḥem	propagation	berreḥ
tettberriḥemt	tettverriḥemt	propagation	berreḥ
tettberriḥeḍ	tettverriḥeḍ	propagation	berreḥ
tettbexxir	tettvexxir	propagation	bexxer
tettbexxirem	tettvexxirem	propagation	bexxer
tettbexxiremt	tettvexxiremt	propagation	bexxer
tettbexxireḍ	tettvexxireḍ	propagation	bexxer
tettbeɛ	tettveɛ	liste	
tettbeɛziq	tettveɛziq	liste	
tettbeɛziqem	tettveɛziqem	propagation	bbeɛzeq
tettbeɛziqemt	tettveɛziqemt	propagation	bbeɛzeq
tettbeɛziqeḍ	tettveɛziqeḍ	propagation	bbeɛzeq
tettbeɛɛid	tettveɛɛid	propagation	beɛɛed
tettbeɛɛidem	tettveɛɛidem	propagation	beɛɛed
tettbeɛɛidemt	tettveɛɛidemt	propagation	beɛɛed
tettbeɛɛideḍ	tettveɛɛideḍ	propagation	beɛɛed
tettbeḥḥit	tettveḥḥit	propagation	beḥḥet
tettbeḥḥitem	tettveḥḥitem	propagation	beḥḥet
tettbeḥḥitemt	tettveḥḥitemt	propagation	beḥḥet
tettbeḥḥiteḍ	tettveḥḥiteḍ	propagation	beḥḥet
tettbin	tettvin	liste	
tettbinem	tettvinem	liste	
tettbinemt	tettvinemt	liste	
tettbineḍ	tettvineḍ	liste	
tettbuddu	tettvuddu	liste	
tettbudduy	tettvudduy	propagation	budd
tettbudduyem	tettvudduyem	liste	
tettbudduyemt	tettvudduyemt	propagation	budd
tettbudduyeḍ	tettvudduyeḍ	propagation	budd
tettbur	tettvur	propagation	bur
tettburem	tettvurem	propagation	bur
tettburemt	tettvuremt	propagation	bur
tettbureḍ	tettvureḍ	propagation	bur
tettbuxxu	tettvuxxu	propagation	buxx
tettbuxxum	tettvuxxum	propagation	buxx
tettbuxxumt	tettvuxxumt	propagation	buxx
tettbuxxuḍ	tettvuxxuḍ	propagation	buxx
tettbuḥruy	tettvuḥruy	propagation	bbuḥru
tettbuḥruyem	tettvuḥruyem	propagation	bbuḥru
tettbuḥruyemt	tettvuḥruyemt	propagation	bbuḥru
tettbuḥruyeḍ	tettvuḥruyeḍ	propagation	bbuḥru
tettcab	tettcav	liste	
tettcabem	tettcavem	propagation	cab
tettcabemt	tettcavemt	propagation	cab
tettcabeḍ	tettcaveḍ	propagation	cab
tettcabi	tettcavi	liste	
tettcabim	tettcavim	propagation	cabi
tettcabimt	tettcavimt	propagation	cabi
tettcabiḍ	tettcaviḍ	propagation	cabi
tettcebbik	tettcevvik	propagation	cbek
tettcebbikem	tettcevvikem	propagation	cbek
tettcebbikemt	tettcevvikemt	propagation	cbek
tettcebbikeḍ	tettcevvikeḍ	propagation	cbek
tettcebbiḥ	tettcevviḥ	propagation	cebbeḥ
tettcebbiḥem	tettcevviḥem	propagation	cebbeḥ
tettcebbiḥemt	tettcevviḥemt	propagation	cebbeḥ
tettcebbiḥeḍ	tettcevviḥeḍ	propagation	cebbeḥ
tettceggib	tettceggiv	propagation	ceggeb
tettceggibem	tettceggivem	propagation	ceggeb
tettceggibemt	tettceggivemt	propagation	ceggeb
tettceggibeḍ	tettceggiveḍ	propagation	ceggeb
tettcekkib	tettcekkiv	propagation	cekkeb
tettcekkibem	tettcekkivem	propagation	cekkeb
tettcekkibemt	tettcekkivemt	propagation	cekkeb
tettcekkibeḍ	tettcekkiveḍ	propagation	cekkeb
tettcelbiḍ	tettcelviḍ	propagation	ccelbeḍ
tettcelbiḍem	tettcelviḍem	propagation	ccelbeḍ
tettcelbiḍemt	tettcelviḍemt	propagation	ccelbeḍ
tettcelbiḍeḍ	tettcelviḍeḍ	propagation	ccelbeḍ
tettceyyib	tettceyyiv	propagation	ceyyeb
tettceyyibem	tettceyyivem	propagation	ceyyeb
tettceyyibemt	tettceyyivemt	propagation	ceyyeb
tettceyyibeḍ	tettceyyiveḍ	propagation	ceyyeb
tettcib	tettciv	propagation	cib
tettcibem	tettcivem	propagation	cib
tettcibemt	tettcivemt	propagation	cib
tettcibeḍ	tettciveḍ	propagation	cib
tettdebdib	tettdevdiv	propagation	ddebdeb
tettdebdibem	tettdevdivem	propagation	ddebdeb
tettdebdibemt	tettdevdivemt	propagation	ddebdeb
tettdebdibeḍ	tettdevdiveḍ	propagation	ddebdeb
tettdub	tettduv	propagation	dub
tettdubem	tettduvem	propagation	dub
tettdubemt	tettduvemt	propagation	dub
tettdubeḍ	tettduveḍ	propagation	dub
tettdubu	tettduvu	liste	
tettebdal	tettevdal	propagation	bdel
tettebdalem	tettevdalem	propagation	bdel
tettebdalemt	tettevdalemt	propagation	bdel
tettebdaleḍ	tettevdaleḍ	propagation	bdel
tettebdar	tettevdar	propagation	bder
tettebdarem	tettevdarem	propagation	bder
tettebdaremt	tettevdaremt	propagation	bder
tettebdareḍ	tettevdareḍ	propagation	bder
tettebder	tettevder	propagation	ttebder
tettebhi	tettevhi	propagation	bhi
tettebhim	tettevhim	propagation	bhi
tettebhimt	tettevhimt	propagation	bhi
tettebhiḍ	tettevhiḍ	propagation	bhi
tetteblaɛ	tettevlaɛ	propagation	bleɛ
tetteblaɛem	tettevlaɛem	propagation	bleɛ
tetteblaɛemt	tettevlaɛemt	propagation	bleɛ
tetteblaɛeḍ	tettevlaɛeḍ	propagation	bleɛ
tettebrak	tettevrak	propagation	brek
tettebrakem	tettevrakem	propagation	brek
tettebrakemt	tettevrakemt	propagation	brek
tettebrakeḍ	tettevrakeḍ	propagation	brek
tettebraq	tettevraq	propagation	breq
tettebraqem	tettevraqem	propagation	breq
tettebraqemt	tettevraqemt	propagation	breq
tettebraqeḍ	tettevraqeḍ	propagation	breq
tettebray	tettevray	propagation	bri
tettebrayem	tettevrayem	propagation	bri
tettebrayemt	tettevrayemt	propagation	bri
tettebrayeḍ	tettevrayeḍ	propagation	bri
tettebraz	tettevraz	propagation	brez
tettebrazem	tettevrazem	propagation	brez
tettebrazemt	tettevrazemt	propagation	brez
tettebrazeḍ	tettevrazeḍ	propagation	brez
tettebririḥ	tettevririḥ	propagation	brireḥ
tettebririḥem	tettevririḥem	propagation	brireḥ
tettebririḥemt	tettevririḥemt	propagation	brireḥ
tettebririḥeḍ	tettevririḥeḍ	propagation	brireḥ
tettebruqul	tettevruqul	propagation	bruqel
tettebruqulem	tettevruqulem	propagation	bruqel
tettebruqulemt	tettevruqulemt	propagation	bruqel
tettebruquleḍ	tettevruquleḍ	propagation	bruqel
tettebruzzuɛ	tettevruzzuɛ	propagation	bruzzeɛ
tettebruzzuɛem	tettevruzzuɛem	propagation	bruzzeɛ
tettebruzzuɛemt	tettevruzzuɛemt	propagation	bruzzeɛ
tettebruzzuɛeḍ	tettevruzzuɛeḍ	propagation	bruzzeɛ
tettebɛad	tettevɛad	propagation	bɛed
tettebɛadem	tettevɛadem	propagation	bɛed
tettebɛademt	tettevɛademt	propagation	bɛed
tettebɛadeḍ	tettevɛadeḍ	propagation	bɛed
tettebɛat	tettevɛat	propagation	bɛet
tettebɛatem	tettevɛatem	propagation	bɛet
tettebɛatemt	tettevɛatemt	propagation	bɛet
tettebɛateḍ	tettevɛateḍ	propagation	bɛet
tettebɛeḍ	tettevɛeḍ	liste	
tettebɛuẓẓul	tettevɛuẓẓul	propagation	bɛuẓẓel
tettebɛuẓẓulem	tettevɛuẓẓulem	propagation	bɛuẓẓel
tettebɛuẓẓulemt	tettevɛuẓẓulemt	propagation	bɛuẓẓel
tettebɛuẓẓuleḍ	tettevɛuẓẓuleḍ	propagation	bɛuẓẓel
tettebεiḍ	tettevεiḍ	liste	
tettebḥat	tettevḥat	propagation	bḥet
tettebḥatem	tettevḥatem	propagation	bḥet
tettebḥatemt	tettevḥatemt	propagation	bḥet
tettebḥateḍ	tettevḥateḍ	propagation	bḥet
tettebṭal	tettevṭal	propagation	bṭel
tettebṭalem	tettevṭalem	propagation	bṭel
tettebṭalemt	tettevṭalemt	propagation	bṭel
tettebṭaleḍ	tettevṭaleḍ	propagation	bṭel
tettecbaḥ	tettecvaḥ	propagation	cbeḥ
tettecbaḥem	tettecvaḥem	propagation	cbeḥ
tettecbaḥemt	tettecvaḥemt	propagation	cbeḥ
tettecbaḥeḍ	tettecvaḥeḍ	propagation	cbeḥ
tettedbaɣ	tettedvaɣ	propagation	dbeɣ
tettedbaɣem	tettedvaɣem	propagation	dbeɣ
tettedbaɣemt	tettedvaɣemt	propagation	dbeɣ
tettedbaɣeḍ	tettedvaɣeḍ	propagation	dbeɣ
tettedhab	tettedhav	propagation	dheb
tettedhabem	tettedhavem	propagation	dheb
tettedhabemt	tettedhavemt	propagation	dheb
tettedhabeḍ	tettedhaveḍ	propagation	dheb
tettednab	tettednav	propagation	dneb
tettednabem	tettednavem	propagation	dneb
tettednabemt	tettednavemt	propagation	dneb
tettednabeḍ	tettednaveḍ	propagation	dneb
tettegririb	tettegririv	liste	
tettegriribem	tettegririvem	propagation	grireb
tettegriribemt	tettegririvemt	propagation	grireb
tettegriribeḍ	tettegririveḍ	propagation	grireb
tettehbaj	tettehvaj	propagation	hbej
tettehbajem	tettehvajem	propagation	hbej
tettehbajemt	tettehvajemt	propagation	hbej
tettehbajeḍ	tettehvajeḍ	propagation	hbej
tettejbad	tettejvad	propagation	jbed
tettejbadem	tettejvadem	propagation	jbed
tettejbademt	tettejvademt	propagation	jbed
tettejbadeḍ	tettejvadeḍ	propagation	jbed
tettekbal	tettekval	propagation	kbel
tettekbalem	tettekvalem	propagation	kbel
tettekbalemt	tettekvalemt	propagation	kbel
tettekbaleḍ	tettekvaleḍ	propagation	kbel
tettekbar	tettekvar	propagation	kber
tettekbarem	tettekvarem	propagation	kber
tettekbaremt	tettekvaremt	propagation	kber
tettekbareḍ	tettekvareḍ	propagation	kber
tetteksab	tetteksav	propagation	kseb
tetteksabem	tetteksavem	propagation	kseb
tetteksabemt	tetteksavemt	propagation	kseb
tetteksabeḍ	tetteksaveḍ	propagation	kseb
tettelbubuɣ	tettelvuvuɣ	propagation	lbubeɣ
tettelbubuɣem	tettelvuvuɣem	propagation	lbubeɣ
tettelbubuɣemt	tettelvuvuɣemt	propagation	lbubeɣ
tettelbubuɣeḍ	tettelvuvuɣeḍ	propagation	lbubeɣ
tettelɛab	tettelɛav	propagation	lɛeb
tettelɛabem	tettelɛavem	propagation	lɛeb
tettelɛabemt	tettelɛavemt	propagation	lɛeb
tettelɛabeḍ	tettelɛaveḍ	propagation	lɛeb
tettembaddal	tettemvaddal	propagation	mbaddal
tettembaddalem	tettemvaddalem	propagation	mbaddal
tettembaddalemt	tettemvaddalemt	propagation	mbaddal
tettembaddaleḍ	tettemvaddaleḍ	propagation	mbaddal
tettemberraz	tettemverraz	propagation	mberraz
tettemberrazem	tettemverrazem	propagation	mberraz
tettemberrazemt	tettemverrazemt	propagation	mberraz
tettemberrazeḍ	tettemverrazeḍ	propagation	mberraz
tettemcabi	tettemcavi	liste	
tettemcabid	tettemcavid	liste	
tettemcabim	tettemcavim	propagation	mcabi
tettemcabimt	tettemcavimt	propagation	mcabi
tettemcabiḍ	tettemcaviḍ	liste	
tettemjellab	tettemjellav	propagation	mjellab
tettemjellabem	tettemjellavem	propagation	mjellab
tettemjellabemt	tettemjellavemt	propagation	mjellab
tettemjellabeḍ	tettemjellaveḍ	propagation	mjellab
tettemnasab	tettemnasav	propagation	mnasab
tettemnasabem	tettemnasavem	propagation	mnasab
tettemnasabemt	tettemnasavemt	propagation	mnasab
tettemnasabeḍ	tettemnasaveḍ	propagation	mnasab
tettemqabal	tettemqaval	propagation	mqabal
tettemqabalem	tettemqavalem	propagation	mqabal
tettemqabalemt	tettemqavalemt	propagation	mqabal
tettemqabaleḍ	tettemqavaleḍ	propagation	mqabal
tettemqarab	tettemqarav	propagation	mqarab
tettemqarabem	tettemqaravem	propagation	mqarab
tettemqarabemt	tettemqaravemt	propagation	mqarab
tettemqarabeḍ	tettemqaraveḍ	propagation	mqarab
tettemseblaɛ	tettemsevlaɛ	propagation	mseblaɛ
tettemseblaɛem	tettemsevlaɛem	propagation	mseblaɛ
tettemseblaɛemt	tettemsevlaɛemt	propagation	mseblaɛ
tettemseblaɛeḍ	tettemsevlaɛeḍ	propagation	mseblaɛ
tettemseblu	tettemsevlu	propagation	mseblu
tettemseblum	tettemsevlum	propagation	mseblu
tettemseblumt	tettemsevlumt	propagation	mseblu
tettemsebluḍ	tettemsevluḍ	propagation	mseblu
tettemsebru	tettemsevru	propagation	msebru
tettemsebrum	tettemsevrum	propagation	msebru
tettemsebrumt	tettemsevrumt	propagation	msebru
tettemsebruḍ	tettemsevruḍ	propagation	msebru
tettemsebɣu	tettemsevɣu	propagation	msebɣu
tettemsebɣum	tettemsevɣum	propagation	msebɣu
tettemsebɣumt	tettemsevɣumt	propagation	msebɣu
tettemsebɣuḍ	tettemsevɣuḍ	propagation	msebɣu
tettemsebḍay	tettemsevḍay	propagation	msebḍu
tettemsebḍayem	tettemsevḍayem	propagation	msebḍu
tettemsebḍayemt	tettemsevḍayemt	propagation	msebḍu
tettemsebḍayeḍ	tettemsevḍayeḍ	propagation	msebḍu
tettemsetbaɛ	tettemsetvaɛ	propagation	msetbaɛ
tettemsetbaɛem	tettemsetvaɛem	propagation	msetbaɛ
tettemsetbaɛemt	tettemsetvaɛemt	propagation	msetbaɛ
tettemsetbaɛeḍ	tettemsetvaɛeḍ	propagation	msetbaɛ
tettemyebru	tettemyevru	propagation	myebru
tettemyebrum	tettemyevrum	propagation	myebru
tettemyebrumt	tettemyevrumt	propagation	myebru
tettemyebruḍ	tettemyevruḍ	propagation	myebru
tettemyecbak	tettemyecvak	propagation	myecbak
tettemyecbakem	tettemyecvakem	propagation	myecbak
tettemyecbakemt	tettemyecvakemt	propagation	myecbak
tettemyecbakeḍ	tettemyecvakeḍ	propagation	myecbak
tettemyektab	tettemyektav	propagation	myektab
tettemyektabem	tettemyektavem	propagation	myektab
tettemyektabemt	tettemyektavemt	propagation	myektab
tettemyektabeḍ	tettemyektaveḍ	propagation	myektab
tettemyenbac	tettemyenvac	propagation	myenbac
tettemyenbacem	tettemyenvacem	propagation	myenbac
tettemyenbacemt	tettemyenvacemt	propagation	myenbac
tettemyenbaceḍ	tettemyenvaceḍ	propagation	myenbac
tettemḥabab	tettemḥavav	liste	
tettemḥababem	tettemḥavavem	liste	
tettemḥababemt	tettemḥavavemt	liste	
tettemḥababeḍ	tettemḥavaveḍ	liste	
tettemḥabem	tettemḥavem	liste	
tettemḥabemt	tettemḥavemt	liste	
tettemḥarabem	tettemḥaravem	liste	
tettemḥarabemt	tettemḥaravemt	liste	
tettemḥasab	tettemḥasav	propagation	mḥasab
tettemḥasabem	tettemḥasavem	propagation	mḥasab
tettemḥasabemt	tettemḥasavemt	propagation	mḥasab
tettemḥasabeḍ	tettemḥasaveḍ	propagation	mḥasab
tettenbar	tettenvar	propagation	nber
tettenbarem	tettenvarem	propagation	nber
tettenbaremt	tettenvaremt	propagation	nber
tettenbareḍ	tettenvareḍ	propagation	nber
tettenbeddal	tettenveddal	liste	
tettenqab	tettenqav	propagation	nqeb
tettenqabem	tettenqavem	propagation	nqeb
tettenqabemt	tettenqavemt	propagation	nqeb
tettenqabeḍ	tettenqaveḍ	propagation	nqeb
tettenɛettab	tettenɛettav	propagation	nɛettab
tettenɛettabem	tettenɛettavem	liste	
tettenɛettabemt	tettenɛettavemt	propagation	nɛettab
tettenɛettabeḍ	tettenɛettaveḍ	propagation	nɛettab
tetteqlab	tetteqlav	propagation	qleb
tetteqlabem	tetteqlavem	propagation	qleb
tetteqlabemt	tetteqlavemt	propagation	qleb
tetteqlabeḍ	tetteqlaveḍ	propagation	qleb
tetteqrab	tetteqrav	propagation	qreb
tetteqrabem	tetteqravem	propagation	qreb
tetteqrabemt	tetteqravemt	propagation	qreb
tetteqrabeḍ	tetteqraveḍ	propagation	qreb
tetterbaḥ	tettervaḥ	propagation	rbeḥ
tetterbaḥem	tettervaḥem	propagation	rbeḥ
tetterbaḥemt	tettervaḥemt	propagation	rbeḥ
tetterbaḥeḍ	tettervaḥeḍ	propagation	rbeḥ
tetterḍab	tetterḍav	propagation	rḍeb
tetterḍabem	tetterḍavem	propagation	rḍeb
tetterḍabemt	tetterḍavemt	propagation	rḍeb
tetterḍabeḍ	tetterḍaveḍ	propagation	rḍeb
tettexbac	tettexvac	propagation	xbec
tettexbacem	tettexvacem	propagation	xbec
tettexbacemt	tettexvacemt	propagation	xbec
tettexbaceḍ	tettexvaceḍ	propagation	xbec
tettexbibiḍ	tettexviviḍ	propagation	xbibeḍ
tettexbibiḍem	tettexviviḍem	propagation	xbibeḍ
tettexbibiḍemt	tettexviviḍemt	propagation	xbibeḍ
tettexbibiḍeḍ	tettexviviḍeḍ	propagation	xbibeḍ
tettexḍab	tettexḍav	propagation	xḍeb
tettexḍabem	tettexḍavem	propagation	xḍeb
tettexḍabemt	tettexḍavemt	propagation	xḍeb
tettexḍabeḍ	tettexḍaveḍ	propagation	xḍeb
tettezɣab	tettezɣav	propagation	zɣeb
tettezɣabem	tettezɣavem	propagation	zɣeb
tettezɣabemt	tettezɣavemt	propagation	zɣeb
tettezɣabeḍ	tettezɣaveḍ	propagation	zɣeb
tetteɛǧab	tetteɛǧav	propagation	ɛǧeb
tetteɛǧabem	tetteɛǧavem	propagation	ɛǧeb
tetteɛǧabemt	tetteɛǧavemt	propagation	ɛǧeb
tetteɛǧabeḍ	tetteɛǧaveḍ	propagation	ɛǧeb
tetteɣlab	tetteɣlav	propagation	ɣleb
tetteɣlabem	tetteɣlavem	propagation	ɣleb
tetteɣlabemt	tetteɣlavemt	propagation	ɣleb
tetteɣlabeḍ	tetteɣlaveḍ	propagation	ɣleb
tetteḍlab	tetteḍlav	propagation	ḍleb
tetteḍlabem	tetteḍlavem	propagation	ḍleb
tetteḍlabemt	tetteḍlavemt	propagation	ḍleb
tetteḍlabeḍ	tetteḍlaveḍ	propagation	ḍleb
tetteḥbas	tetteḥvas	propagation	ḥbes
tetteḥbasem	tetteḥvasem	propagation	ḥbes
tetteḥbasemt	tetteḥvasemt	propagation	ḥbes
tetteḥbaseḍ	tetteḥvaseḍ	propagation	ḥbes
tetteḥsab	tetteḥsav	propagation	ḥseb
tetteḥsabem	tetteḥsavem	propagation	ḥseb
tetteḥsabemt	tetteḥsavemt	propagation	ḥseb
tetteḥsabeḍ	tetteḥsaveḍ	propagation	ḥseb
tetteṣbar	tetteṣvar	propagation	ṣber
tetteṣbarem	tetteṣvarem	propagation	ṣber
tetteṣbaremt	tetteṣvaremt	propagation	ṣber
tetteṣbareḍ	tetteṣvareḍ	propagation	ṣber
tetthabi	tetthavi	propagation	habi
tetthabim	tetthavim	propagation	habi
tetthabimt	tetthavimt	propagation	habi
tetthabiḍ	tetthaviḍ	propagation	habi
tettibnin	tettivnin	propagation	ibnin
tettibninem	tettivninem	propagation	ibnin
tettibninemt	tettivninemt	propagation	ibnin
tettibnineḍ	tettivnineḍ	propagation	ibnin
tettibrik	tettivrik	liste	
tettibrikem	tettivrikem	propagation	ibrik
tettibrikemt	tettivrikemt	propagation	ibrik
tettibrikeḍ	tettivrikeḍ	propagation	ibrik
tettibɛid	tettivɛid	propagation	ibɛid
tettibɛidem	tettivɛidem	propagation	ibɛid
tettibɛidemt	tettivɛidemt	propagation	ibɛid
tettibɛideḍ	tettivɛideḍ	propagation	ibɛid
tetticbiḥ	tetticviḥ	liste	
tettiqrib	tettiqriv	propagation	iqrib
tettiqribem	tettiqrivem	propagation	iqrib
tettiqribemt	tettiqrivemt	propagation	iqrib
tettiqribeḍ	tettiqriveḍ	propagation	iqrib
tettjabay	tettjavay	propagation	jab
tettjabayem	tettjavayem	propagation	jab
tettjabayemt	tettjavayemt	propagation	jab
tettjabayeḍ	tettjavayeḍ	propagation	jab
tettjanab	tettjanav	propagation	janeb
tettjanabem	tettjanavem	propagation	janeb
tettjanabemt	tettjanavemt	propagation	janeb
tettjanabeḍ	tettjanaveḍ	propagation	janeb
tettjawab	tettjawav	propagation	jaweb
tettjawabem	tettjawavem	propagation	jaweb
tettjawabemt	tettjawavemt	propagation	jaweb
tettjawabeḍ	tettjawaveḍ	propagation	jaweb
tettjebbid	tettjevvid	propagation	jebbed
tettjebbidem	tettjevvidem	propagation	jebbed
tettjebbidemt	tettjevvidemt	propagation	jebbed
tettjebbideḍ	tettjevvideḍ	propagation	jebbed
tettjellibemt	tettjellivemt	liste	
tettjerrib	tettjerriv	propagation	jerreb
tettjerribem	tettjerrivem	propagation	jerreb
tettjerribemt	tettjerrivemt	propagation	jerreb
tettjerribeḍ	tettjerriveḍ	propagation	jerreb
tettjeṛṛib	tettjeṛṛiv	liste	
tettjeṛṛibem	tettjeṛṛivem	liste	
tettlaqab	tettlaqav	liste	
tettlaqabed	tettlaqaved	liste	
tettlaqabem	tettlaqavem	liste	
tettlaqabemt	tettlaqavemt	liste	
tettlaqabeḍ	tettlaqaveḍ	liste	
tettlɛab	tettlɛav	liste	
tettlɛabem	tettlɛavem	liste	
tettlɛabemt	tettlɛavemt	liste	
tettlɛabeḍ	tettlɛaveḍ	liste	
tettmecberriq	tettmecverriq	liste	
tettmecberriqem	tettmecverriqem	propagation	mmecberreq
tettmecberriqemt	tettmecverriqemt	propagation	mmecberreq
tettmecberriqeḍ	tettmecverriqeḍ	propagation	mmecberreq
tettmecbeṛṛiq	tettmecveṛṛiq	liste	
tettmuɣbun	tettmuɣvun	propagation	mmuɣben
tettmuɣbunem	tettmuɣvunem	propagation	mmuɣben
tettmuɣbunemt	tettmuɣvunemt	propagation	mmuɣben
tettmuɣbuneḍ	tettmuɣvuneḍ	propagation	mmuɣben
tettnabi	tettnavi	propagation	nabi
tettnabim	tettnavim	propagation	nabi
tettnabimt	tettnavimt	propagation	nabi
tettnabiḍ	tettnaviḍ	propagation	nabi
tettnasab	tettnasav	propagation	naseb
tettnasabem	tettnasavem	propagation	naseb
tettnasabemt	tettnasavemt	propagation	naseb
tettnasabeḍ	tettnasaveḍ	propagation	naseb
tettnejbad	tettnejvad	liste	
tettnejbadem	tettnejvadem	propagation	nnejbad
tettnejbademt	tettnejvademt	propagation	nnejbad
tettnejbadeḍ	tettnejvadeḍ	propagation	nnejbad
tettneqlab	tettneqlav	liste	
tettneqlabem	tettneqlavem	propagation	nneqlab
tettneqlabemt	tettneqlavemt	propagation	nneqlab
tettneqlabeḍ	tettneqlaveḍ	propagation	nneqlab
tettneɛtab	tettneɛtav	liste	
tettneɛtabem	tettneɛtavem	liste	
tettneɛtabemt	tettneɛtavemt	liste	
tettneɛtabeḍ	tettneɛtaveḍ	liste	
tettneḥsab	tettneḥsav	propagation	nneḥsab
tettneḥsabem	tettneḥsavem	propagation	nneḥsab
tettneḥsabemt	tettneḥsavemt	propagation	nneḥsab
tettneḥsabeḍ	tettneḥsaveḍ	propagation	nneḥsab
tettqabal	tettqaval	liste	
tettqabalem	tettqavalem	propagation	qabel
tettqabalemt	tettqavalemt	propagation	qabel
tettqabaleḍ	tettqavaleḍ	propagation	qabel
tettqabaḥ	tettqavaḥ	propagation	qabeḥ
tettqabaḥem	tettqavaḥem	liste	
tettqabaḥemt	tettqavaḥemt	propagation	qabeḥ
tettqabaḥeḍ	tettqavaḥeḍ	liste	
tettqebbil	tettqevvil	propagation	qebbel
tettqebbilem	tettqevvilem	propagation	qebbel
tettqebbilemt	tettqevvilemt	propagation	qebbel
tettqebbileḍ	tettqevvileḍ	propagation	qebbel
tettqebqib	tettqevqiv	propagation	qqebqeb
tettqebqibem	tettqevqivem	propagation	qqebqeb
tettqebqibemt	tettqevqivemt	propagation	qqebqeb
tettqebqibeḍ	tettqevqiveḍ	propagation	qqebqeb
tettqellib	tettqelliv	liste	
tettqellibem	tettqellivem	liste	
tettqellibemt	tettqellivemt	liste	
tettqellibeḍ	tettqelliveḍ	liste	
tettqerrib	tettqerriv	liste	
tettqerribem	tettqerrivem	liste	
tettqerribemt	tettqerrivemt	liste	
tettqerriben	tettqerriven	liste	
tettqerribeḍ	tettqerriveḍ	liste	
tettqezzib	tettqezziv	propagation	qezzeb
tettqezzibem	tettqezzivem	propagation	qezzeb
tettqezzibemt	tettqezzivemt	propagation	qezzeb
tettqezzibeḍ	tettqezziveḍ	propagation	qezzeb
tettrab	tettrav	propagation	rab
tettrabem	tettravem	propagation	rab
tettrabemt	tettravemt	propagation	rab
tettrabeḍ	tettraveḍ	propagation	rab
tettrekkib	tettrekkiv	propagation	rekkeb
tettrekkibem	tettrekkivem	propagation	rekkeb
tettrekkibemt	tettrekkivemt	propagation	rekkeb
tettrekkibeḍ	tettrekkiveḍ	propagation	rekkeb
tettsab	tettsav	propagation	sab
tettsabem	tettsavem	propagation	sab
tettsabemt	tettsavemt	propagation	sab
tettsabeḍ	tettsaveḍ	propagation	sab
tettsib	tettsiv	propagation	sib
tettsibem	tettsivem	propagation	sib
tettsibemt	tettsivemt	propagation	sib
tettsibeḍ	tettsiveḍ	propagation	sib
tetttqellibeḍ	tetttqelliveḍ	liste	
tettub	tettuv	propagation	tub
tettubarak	tettuvarak	propagation	ttubarek
tettubarakem	tettuvarakem	propagation	ttubarek
tettubarakemt	tettuvarakemt	propagation	ttubarek
tettubarakeḍ	tettuvarakeḍ	propagation	ttubarek
tettubarek	tettuvarek	liste	
tettubarkem	tettuvarkem	propagation	ttubarek
tettubarkemt	tettuvarkemt	propagation	ttubarek
tettubarkeḍ	tettuvarkeḍ	liste	
tettubeddal	tettuveddal	liste	
tettubeddalem	tettuveddalem	propagation	ttubeddel
tettubeddalemt	tettuveddalemt	propagation	ttubeddel
tettubeddaleḍ	tettuveddaleḍ	propagation	ttubeddel
tettubeddel	tettuveddel	propagation	ttubeddel
tettubeddlem	tettuveddlem	propagation	ttubeddel
tettubeddlemt	tettuveddlemt	propagation	ttubeddel
tettubeddleḍ	tettuveddleḍ	propagation	ttubeddel
tettubem	tettuvem	propagation	tub
tettubemt	tettuvemt	propagation	tub
tettubeḍ	tettuveḍ	propagation	tub
tettuneḥsab	tettuneḥsav	propagation	ttuneḥseb
tettuneḥsabem	tettuneḥsavem	propagation	ttuneḥseb
tettuneḥsabemt	tettuneḥsavemt	propagation	ttuneḥseb
tettuneḥsabeḍ	tettuneḥsaveḍ	propagation	ttuneḥseb
tettuneḥseb	tettuneḥsev	propagation	ttuneḥseb
tettunḥesbem	tettunḥesvem	propagation	ttuneḥseb
tettunḥesbemt	tettunḥesvemt	propagation	ttuneḥseb
tettunḥesbeḍ	tettunḥesveḍ	propagation	ttuneḥseb
tettusbaɣ	tettusvaɣ	propagation	ttusbeɣ
tettusbaɣem	tettusvaɣem	propagation	ttusbeɣ
tettusbaɣemt	tettusvaɣemt	propagation	ttusbeɣ
tettusbaɣeḍ	tettusvaɣeḍ	propagation	ttusbeɣ
tettusbeɣ	tettusveɣ	propagation	ttusbeɣ
tettusebɣem	tettusevɣem	propagation	ttusbeɣ
tettusebɣemt	tettusevɣemt	propagation	ttusbeɣ
tettusebɣeḍ	tettusevɣeḍ	propagation	ttusbeɣ
tettuxeyybeḍ	tettuxeyyveḍ	liste	
tettuɛaqab	tettuɛaqav	propagation	ttuɛaqeb
tettuɛaqabem	tettuɛaqavem	propagation	ttuɛaqeb
tettuɛaqabemt	tettuɛaqavemt	propagation	ttuɛaqeb
tettuɛaqabeḍ	tettuɛaqaveḍ	propagation	ttuɛaqeb
tettuɛaqbem	tettuɛaqvem	liste	
tettuɛaqbemt	tettuɛaqvemt	propagation	ttuɛaqeb
tettuɛaqbeḍ	tettuɛaqveḍ	propagation	ttuɛaqeb
tettuɛaqeb	tettuɛaqev	propagation	ttuɛaqeb
tettuḥasab	tettuḥasav	propagation	ttuḥaseb
tettuḥasabem	tettuḥasavem	propagation	ttuḥaseb
tettuḥasabemt	tettuḥasavemt	propagation	ttuḥaseb
tettuḥasabeḍ	tettuḥasaveḍ	propagation	ttuḥaseb
tettuḥasbem	tettuḥasvem	liste	
tettuḥasbemt	tettuḥasvemt	propagation	ttuḥaseb
tettuḥasbeḍ	tettuḥasveḍ	propagation	ttuḥaseb
tettuḥaseb	tettuḥasev	propagation	ttuḥaseb
tettwabdar	tettwavdar	liste	
tettwabdarem	tettwavdarem	propagation	ttwabder
tettwabdaremt	tettwavdaremt	propagation	ttwabder
tettwabdareḍ	tettwavdareḍ	propagation	ttwabder
tettwabder	tettwavder	liste	
tettwabeddal	tettwaveddal	liste	
tettwabeddel	tettwaveddel	liste	
tettwabeddlem	tettwaveddlem	propagation	ttwibeddel
tettwabeddlemt	tettwaveddlemt	propagation	ttwibeddel
tettwabeddleḍ	tettwaveddleḍ	propagation	ttwibeddel
tettwabedrem	tettwavedrem	propagation	ttwabder
tettwabedremt	tettwavedremt	propagation	ttwabder
tettwabedreḍ	tettwavedreḍ	propagation	ttwabder
tettwabeṭlem	tettwaveṭlem	propagation	ttwibṭel
tettwabeṭlemt	tettwaveṭlemt	propagation	ttwibṭel
tettwabeṭleḍ	tettwaveṭleḍ	propagation	ttwibṭel
tettwabna	tettwavna	liste	
tettwabḍa	tettwavḍa	propagation	ttwabḍu
tettwabḍam	tettwavḍam	propagation	ttwabḍu
tettwabḍamt	tettwavḍamt	propagation	ttwabḍu
tettwabḍay	tettwavḍay	propagation	ttwabḍu
tettwabḍayem	tettwavḍayem	propagation	ttwabḍu
tettwabḍayemt	tettwavḍayemt	propagation	ttwabḍu
tettwabḍayeḍ	tettwavḍayeḍ	propagation	ttwabḍu
tettwabḍaḍ	tettwavḍaḍ	propagation	ttwabḍu
tettwabḍu	tettwavḍu	propagation	ttwabḍu
tettwabḍum	tettwavḍum	propagation	ttwabḍu
tettwabḍumt	tettwavḍumt	propagation	ttwabḍu
tettwabḍuḍ	tettwavḍuḍ	propagation	ttwabḍu
tettwabṭal	tettwavṭal	propagation	ttwabṭel
tettwabṭalem	tettwavṭalem	propagation	ttwabṭel
tettwabṭalemt	tettwavṭalemt	propagation	ttwabṭel
tettwabṭaleḍ	tettwavṭaleḍ	propagation	ttwabṭel
tettwabṭel	tettwavṭel	liste	
tettwajbad	tettwajvad	propagation	ttwijbed
tettwajbadem	tettwajvadem	propagation	ttwijbed
tettwajbademt	tettwajvademt	propagation	ttwijbed
tettwajbadeḍ	tettwajvadeḍ	propagation	ttwijbed
tettwajbed	tettwajved	propagation	ttwijbed
tettwajebdem	tettwajevdem	propagation	ttwijbed
tettwajebdemt	tettwajevdemt	propagation	ttwijbed
tettwajebdeḍ	tettwajevdeḍ	propagation	ttwijbed
tettwakbad	tettwakvad	liste	
tettwakbam	tettwakvam	liste	
tettwakbamt	tettwakvamt	liste	
tettwaketbem	tettwaketvem	propagation	ttwikteb
tettwaketbemt	tettwaketvemt	propagation	ttwikteb
tettwaketbeḍ	tettwaketveḍ	propagation	ttwikteb
tettwaktab	tettwaktav	propagation	ttwikteb
tettwaktabem	tettwaktavem	propagation	ttwikteb
tettwaktabemt	tettwaktavemt	propagation	ttwikteb
tettwaktabeḍ	tettwaktaveḍ	propagation	ttwikteb
tettwakteb	tettwaktev	propagation	ttwikteb
tettwaqbal	tettwaqval	liste	
tettwaqbalem	tettwaqvalem	propagation	ttwaqbel
tettwaqbalemt	tettwaqvalemt	propagation	ttwaqbel
tettwaqbaleḍ	tettwaqvaleḍ	propagation	ttwaqbel
tettwaqbel	tettwaqvel	liste	
tettwaqebled	tettwaqevled	liste	
tettwaqeblem	tettwaqevlem	liste	
tettwaqeblemt	tettwaqevlemt	liste	
tettwaqebleḍ	tettwaqevleḍ	liste	
tettwaqelleb	tettwaqellev	liste	
tettwarab	tettwarav	propagation	wareb
tettwarabem	tettwaravem	propagation	wareb
tettwarabemt	tettwaravemt	propagation	wareb
tettwarabeḍ	tettwaraveḍ	propagation	wareb
tettwasbaɣ	tettwasvaɣ	propagation	ttwisbeɣ
tettwasbaɣem	tettwasvaɣem	propagation	ttwisbeɣ
tettwasbaɣemt	tettwasvaɣemt	propagation	ttwisbeɣ
tettwasbaɣeḍ	tettwasvaɣeḍ	propagation	ttwisbeɣ
tettwasbedd	tettwasvedd	liste	
tettwasbeɣ	tettwasveɣ	liste	
tettwasebɣem	tettwasevɣem	propagation	ttwisbeɣ
tettwasebɣemt	tettwasevɣemt	propagation	ttwisbeɣ
tettwasebɣeḍ	tettwasevɣeḍ	propagation	ttwisbeɣ
tettwaxeyyab	tettwaxeyyav	liste	
tettwaxeyyabem	tettwaxeyyavem	liste	
tettwaxeyyabemt	tettwaxeyyavemt	liste	
tettwaxeyyabeḍ	tettwaxeyyaveḍ	liste	
tettwaxeyybem	tettwaxeyyvem	liste	
tettwaxeyybemt	tettwaxeyyvemt	liste	
tettwaxeyybeḍ	tettwaxeyyveḍ	liste	
tettwaxeyyeb	tettwaxeyyev	liste	
tettwaxeḍbem	tettwaxeḍvem	propagation	ttwixḍeb
tettwaxeḍbemt	tettwaxeḍvemt	liste	
tettwaxeḍbeḍ	tettwaxeḍveḍ	propagation	ttwixḍeb
tettwaxḍab	tettwaxḍav	propagation	ttwixḍeb
tettwaxḍabem	tettwaxḍavem	propagation	ttwixḍeb
tettwaxḍabemt	tettwaxḍavemt	propagation	ttwixḍeb
tettwaxḍabeḍ	tettwaxḍaveḍ	propagation	ttwixḍeb
tettwaxḍeb	tettwaxḍev	liste	
tettwaɛaqeb	tettwaɛaqev	liste	
tettwaɛbed	tettwaɛved	liste	
tettwaɛebded	tettwaɛevded	liste	
tettwaɛebdem	tettwaɛevdem	liste	
tettwaɛebdemt	tettwaɛevdemt	liste	
tettwaɛebdeḍ	tettwaɛevdeḍ	liste	
tettwaɛettab	tettwaɛettav	liste	
tettwaɛettabem	tettwaɛettavem	liste	
tettwaɛettabemt	tettwaɛettavemt	liste	
tettwaɛettabeḍ	tettwaɛettaveḍ	liste	
tettwaɛetteb	tettwaɛettev	liste	
tettwaɛqeb	tettwaɛqev	liste	
tettwaɣba	tettwaɣva	propagation	ttwaɣbu
tettwaɣbam	tettwaɣvam	propagation	ttwaɣbu
tettwaɣbamt	tettwaɣvamt	propagation	ttwaɣbu
tettwaɣbay	tettwaɣvay	propagation	ttwaɣbu
tettwaɣbayem	tettwaɣvayem	propagation	ttwaɣbu
tettwaɣbayemt	tettwaɣvayemt	propagation	ttwaɣbu
tettwaɣbayeḍ	tettwaɣvayeḍ	propagation	ttwaɣbu
tettwaɣbaḍ	tettwaɣvaḍ	propagation	ttwaɣbu
tettwaɣbu	tettwaɣvu	liste	
tettwaɣbum	tettwaɣvum	propagation	ttwaɣbu
tettwaɣbumt	tettwaɣvumt	propagation	ttwaɣbu
tettwaɣbuḍ	tettwaɣvuḍ	propagation	ttwaɣbu
tettwaɣelbem	tettwaɣelvem	propagation	ttwaɣleb
tettwaɣelbemt	tettwaɣelvemt	propagation	ttwaɣleb
tettwaɣelbeḍ	tettwaɣelveḍ	propagation	ttwaɣleb
tettwaɣlab	tettwaɣlav	propagation	ttwaɣleb
tettwaɣlabem	tettwaɣlavem	propagation	ttwaɣleb
tettwaɣlabemt	tettwaɣlavemt	propagation	ttwaɣleb
tettwaɣlabeḍ	tettwaɣlaveḍ	propagation	ttwaɣleb
tettwaɣleb	tettwaɣlev	propagation	ttwaɣleb
tettwaḥasbemt	tettwaḥasvemt	liste	
tettwaḥbas	tettwaḥvas	propagation	ttwiḥbes
tettwaḥbasem	tettwaḥvasem	propagation	ttwiḥbes
tettwaḥbasemt	tettwaḥvasemt	propagation	ttwiḥbes
tettwaḥbaseḍ	tettwaḥvaseḍ	propagation	ttwiḥbes
tettwaḥbes	tettwaḥves	liste	
tettwaḥebsem	tettwaḥevsem	propagation	ttwiḥbes
tettwaḥebsemt	tettwaḥevsemt	propagation	ttwiḥbes
tettwaḥebseḍ	tettwaḥevseḍ	propagation	ttwiḥbes
tettwaḥesbem	tettwaḥesvem	propagation	ttwiḥseb
tettwaḥesbemt	tettwaḥesvemt	propagation	ttwiḥseb
tettwaḥesbeḍ	tettwaḥesveḍ	propagation	ttwiḥseb
tettwaḥsab	tettwaḥsav	propagation	ttwiḥseb
tettwaḥsabem	tettwaḥsavem	propagation	ttwiḥseb
tettwaḥsabemt	tettwaḥsavemt	propagation	ttwiḥseb
tettwaḥsabeḍ	tettwaḥsaveḍ	propagation	ttwiḥseb
tettwaḥseb	tettwaḥsev	liste	
tettweddib	tettweddiv	propagation	weddeb
tettweddibem	tettweddivem	propagation	weddeb
tettweddibemt	tettweddivemt	propagation	weddeb
tettweddibeḍ	tettweddiveḍ	propagation	weddeb
tettweɛjab	tettweɛjav	liste	
tettwibeddel	tettwiveddel	propagation	ttwibeddel
tettwibeddlem	tettwiveddlem	propagation	ttwibeddel
tettwibeddlemt	tettwiveddlemt	propagation	ttwibeddel
tettwibeddleḍ	tettwiveddleḍ	propagation	ttwibeddel
tettwibeṭlem	tettwiveṭlem	propagation	ttwibṭel
tettwibeṭlemt	tettwiveṭlemt	propagation	ttwibṭel
tettwibeṭleḍ	tettwiveṭleḍ	propagation	ttwibṭel
tettwibṭel	tettwivṭel	propagation	ttwibṭel
tettwibṭil	tettwivṭil	propagation	ttwibṭel
tettwibṭilem	tettwivṭilem	propagation	ttwibṭel
tettwibṭilemt	tettwivṭilemt	propagation	ttwibṭel
tettwibṭileḍ	tettwivṭileḍ	propagation	ttwibṭel
tettwijbed	tettwijved	propagation	ttwijbed
tettwijebdem	tettwijevdem	propagation	ttwijbed
tettwijebdemt	tettwijevdemt	propagation	ttwijbed
tettwijebdeḍ	tettwijevdeḍ	propagation	ttwijbed
tettwiketbem	tettwiketvem	propagation	ttwikteb
tettwiketbemt	tettwiketvemt	propagation	ttwikteb
tettwiketbeḍ	tettwiketveḍ	propagation	ttwikteb
tettwikteb	tettwiktev	propagation	ttwikteb
tettwisbeɣ	tettwisveɣ	propagation	ttwisbeɣ
tettwisebɣem	tettwisevɣem	propagation	ttwisbeɣ
tettwisebɣemt	tettwisevɣemt	propagation	ttwisbeɣ
tettwisebɣeḍ	tettwisevɣeḍ	propagation	ttwisbeɣ
tettwixeḍbem	tettwixeḍvem	propagation	ttwixḍeb
tettwixeḍbemt	tettwixeḍvemt	propagation	ttwixḍeb
tettwixeḍbeḍ	tettwixeḍveḍ	propagation	ttwixḍeb
tettwixḍeb	tettwixḍev	propagation	ttwixḍeb
tettwiḥbes	tettwiḥves	propagation	ttwiḥbes
tettwiḥebsem	tettwiḥevsem	propagation	ttwiḥbes
tettwiḥebsemt	tettwiḥevsemt	propagation	ttwiḥbes
tettwiḥebseḍ	tettwiḥevseḍ	propagation	ttwiḥbes
tettwiḥesbem	tettwiḥesvem	propagation	ttwiḥseb
tettwiḥesbemt	tettwiḥesvemt	propagation	ttwiḥseb
tettwiḥesbeḍ	tettwiḥesveḍ	propagation	ttwiḥseb
tettwiḥseb	tettwiḥsev	propagation	ttwiḥseb
tettxab	tettxav	propagation	xab
tettxabem	tettxavem	propagation	xab
tettxabemt	tettxavemt	propagation	xab
tettxabeḍ	tettxaveḍ	propagation	xab
tettxeyyibeḍ	tettxeyyiveḍ	liste	
tettzubuted	tettzuvuted	liste	
tettzubuteḍ	tettzuvuteḍ	liste	
tettǧellib	tettǧelliv	propagation	ǧelleb
tettǧellibem	tettǧellivem	propagation	ǧelleb
tettǧellibemt	tettǧellivemt	propagation	ǧelleb
tettǧellibeḍ	tettǧelliveḍ	propagation	ǧelleb
tettɛaqab	tettɛaqav	liste	
tettɛaqabem	tettɛaqavem	propagation	ɛaqeb
tettɛaqabemt	tettɛaqavemt	propagation	ɛaqeb
tettɛaqabeḍ	tettɛaqaveḍ	liste	
tettɛebbid	tettɛevvid	propagation	ɛebbed
tettɛebbidem	tettɛevvidem	propagation	ɛebbed
tettɛebbidemt	tettɛevvidemt	propagation	ɛebbed
tettɛebbideḍ	tettɛevvideḍ	propagation	ɛebbed
tettɛeggib	tettɛeggiv	propagation	ɛeggeb
tettɛeggibem	tettɛeggivem	propagation	ɛeggeb
tettɛeggibemt	tettɛeggivemt	propagation	ɛeggeb
tettɛeggibeḍ	tettɛeggiveḍ	propagation	ɛeggeb
tettɛettib	tettɛettiv	liste	
tettɛettibed	tettɛettived	liste	
tettɛettibem	tettɛettivem	liste	
tettɛettibemt	tettɛettivemt	liste	
tettɛettibeḍ	tettɛettiveḍ	liste	
tettɛeyyib	tettɛeyyiv	propagation	ɛeyyeb
tettɛeyyibem	tettɛeyyivem	propagation	ɛeyyeb
tettɛeyyibemt	tettɛeyyivemt	propagation	ɛeyyeb
tettɛeyyibeḍ	tettɛeyyiveḍ	propagation	ɛeyyeb
tettɛeǧǧeb	tettɛeǧǧev	liste	
tettɛib	tettɛiv	propagation	ɛib
tettɛibem	tettɛivem	propagation	ɛib
tettɛibemt	tettɛivemt	propagation	ɛib
tettɛibeḍ	tettɛiveḍ	propagation	ɛib
tettɣab	tettɣav	liste	
tettɣabem	tettɣavem	propagation	ɣab
tettɣabemt	tettɣavemt	liste	
tettɣabeḍ	tettɣaveḍ	propagation	ɣab
tettɣib	tettɣiv	propagation	ɣib
tettɣibem	tettɣivem	propagation	ɣib
tettɣibemt	tettɣivemt	propagation	ɣib
tettɣibeḍ	tettɣiveḍ	propagation	ɣib
tettḥarab	tettḥarav	propagation	ḥareb
tettḥarabem	tettḥaravem	propagation	ḥareb
tettḥarabemt	tettḥaravemt	propagation	ḥareb
tettḥarabeḍ	tettḥaraveḍ	liste	
tettḥasab	tettḥasav	propagation	ḥaseb
tettḥasabem	tettḥasavem	liste	
tettḥasabemt	tettḥasavemt	propagation	ḥaseb
tettḥasabeḍ	tettḥasaveḍ	liste	
tettḥebbis	tettḥevvis	propagation	ḥebbes
tettḥebbisem	tettḥevvisem	propagation	ḥebbes
tettḥebbisemt	tettḥevvisemt	propagation	ḥebbes
tettḥebbiseḍ	tettḥevviseḍ	propagation	ḥebbes
tettḥezzib	tettḥezziv	liste	
tettḥezzibem	tettḥezzivem	propagation	ḥezzeb
tettḥezzibemt	tettḥezzivemt	propagation	ḥezzeb
tettḥezzibeḍ	tettḥezziveḍ	liste	
tettṛekkibemt	tettṛekkivemt	liste	
tettṣaba	tettṣava	propagation	ṣab
tettṣabam	tettṣavam	propagation	ṣab
tettṣabamt	tettṣavamt	propagation	ṣab
tettṣabaḍ	tettṣavaḍ	propagation	ṣab
tettṣellib	tettṣelliv	propagation	ṣelleb
tettṣellibem	tettṣellivem	propagation	ṣelleb
tettṣellibemt	tettṣellivemt	propagation	ṣelleb
tettṣellibeḍ	tettṣelliveḍ	propagation	ṣelleb
tettṣewwib	tettṣewwiv	propagation	ṣewweb
tettṣewwibem	tettṣewwivem	propagation	ṣewweb
tettṣewwibemt	tettṣewwivemt	propagation	ṣewweb
tettṣewwibeḍ	tettṣewwiveḍ	propagation	ṣewweb
tettṣubu	tettṣuvu	liste	
tettẓerrib	tettẓerriv	propagation	ẓerreb
tettẓerribem	tettẓerrivem	propagation	ẓerreb
tettẓerribemt	tettẓerrivemt	propagation	ẓerreb
tettẓerribeḍ	tettẓerriveḍ	propagation	ẓerreb
tetwaɣbaṛ	tetwaɣvaṛ	liste	
tetɛejjeb	tetɛejjev	liste	
tetɛeǧǧbem	tetɛeǧǧvem	propagation	tɛeǧǧeb
tetɛeǧǧbemt	tetɛeǧǧvemt	propagation	tɛeǧǧeb
tetɛeǧǧbeḍ	tetɛeǧǧveḍ	propagation	tɛeǧǧeb
tetɛeǧǧeb	tetɛeǧǧev	propagation	tɛeǧǧeb
tetɛeǧǧib	tetɛeǧǧiv	propagation	tɛeǧǧeb
tetɛeǧǧibem	tetɛeǧǧivem	propagation	tɛeǧǧeb
tetɛeǧǧibemt	tetɛeǧǧivemt	propagation	tɛeǧǧeb
tetɛeǧǧibeḍ	tetɛeǧǧiveḍ	propagation	tɛeǧǧeb
tewǧeb	tewǧev	liste	
tewǧib	tewǧiv	propagation	wǧeb
tewǧibem	tewǧivem	propagation	wǧeb
tewǧibemt	tewǧivemt	propagation	wǧeb
tewǧibeḍ	tewǧiveḍ	propagation	wǧeb
texbabeḍ	texvaveḍ	propagation	xbibeḍ
texbabḍem	texvavḍem	propagation	xbibeḍ
texbabḍemt	texvavḍemt	propagation	xbibeḍ
texbabḍeḍ	texvavḍeḍ	propagation	xbibeḍ
texbec	texvec	liste	
texbibeḍ	texviveḍ	propagation	xbibeḍ
texbibḍem	texvivḍem	propagation	xbibeḍ
texbibḍemt	texvivḍemt	propagation	xbibeḍ
texbibḍeḍ	texvivḍeḍ	propagation	xbibeḍ
texbic	texvic	propagation	xbec
texbicem	texvicem	propagation	xbec
texbicemt	texvicemt	propagation	xbec
texbiceḍ	texviceḍ	propagation	xbec
texbizin	texvizin	liste	
texbizt	texvizt	liste	
texnuber	texnuver	liste	
texreb	texrev	liste	
texrib	texriv	propagation	xreb
texribem	texrivem	propagation	xreb
texribemt	texrivemt	propagation	xreb
texribeḍ	texriveḍ	propagation	xreb
texḍeb	texḍev	liste	
texḍib	texḍiv	propagation	xḍeb
texḍibem	texḍivem	propagation	xḍeb
texḍibemt	texḍivemt	propagation	xḍeb
texḍibeḍ	texḍiveḍ	propagation	xḍeb
texḍibin	texḍivin	liste	
texḍibt	texḍivt	liste	
texṛeb	texṛev	liste	
tezbel	tezvel	propagation	zbel
tezbil	tezvil	propagation	zbel
tezbilem	tezvilem	propagation	zbel
tezbilemt	tezvilemt	propagation	zbel
tezbileḍ	tezvileḍ	propagation	zbel
tezbu	tezvu	liste	
tezreb	tezrev	propagation	zreb
tezrib	tezriv	propagation	zreb
tezribem	tezrivem	propagation	zreb
tezribemt	tezrivemt	propagation	zreb
tezribeḍ	tezriveḍ	propagation	zreb
tezribt	tezrivt	liste	
tezɣeb	tezɣev	liste	
tezɣib	tezɣiv	propagation	zɣeb
tezɣibem	tezɣivem	propagation	zɣeb
tezɣibemt	tezɣivemt	propagation	zɣeb
tezɣibeḍ	tezɣiveḍ	propagation	zɣeb
teččabah	teččavah	liste	
teččekkib	teččekkiv	liste	
teǧǧaba	teǧǧava	liste	
teǧǧelleb	teǧǧellev	liste	
teɛba	teɛva	liste	
teɛbam	teɛvam	propagation	ɛbu
teɛbamt	teɛvamt	propagation	ɛbu
teɛbed	teɛved	liste	
teɛbi	teɛvi	propagation	ɛbu
teɛbid	teɛvid	propagation	ɛbed
teɛbidem	teɛvidem	propagation	ɛbed
teɛbidemt	teɛvidemt	propagation	ɛbed
teɛbideḍ	teɛvideḍ	propagation	ɛbed
teɛbim	teɛvim	propagation	ɛbu
teɛbimt	teɛvimt	propagation	ɛbu
teɛbiḍ	teɛviḍ	propagation	ɛbu
teɛbu	teɛvu	propagation	ɛbu
teɛbum	teɛvum	propagation	ɛbu
teɛbumt	teɛvumt	propagation	ɛbu
teɛbuḍ	teɛvuḍ	propagation	ɛbu
teɛjeb	teɛjev	liste	
teɛjib	teɛjiv	liste	
teɛjibem	teɛjivem	liste	
teɛjibemt	teɛjivemt	liste	
teɛjibeḍ	teɛjiveḍ	liste	
teɛrabt	teɛravt	liste	
teɛteb	teɛtev	propagation	ɛteb
teɛtib	teɛtiv	propagation	ɛteb
teɛtibem	teɛtivem	propagation	ɛteb
teɛtibemt	teɛtivemt	propagation	ɛteb
teɛtibeḍ	teɛtiveḍ	propagation	ɛteb
teɛǧeb	teɛǧev	liste	
teɛǧib	teɛǧiv	liste	
teɛǧibem	teɛǧivem	propagation	ɛǧeb
teɛǧibemt	teɛǧivemt	propagation	ɛǧeb
teɛǧibeḍ	teɛǧiveḍ	liste	
teɛṛabt	teɛṛavt	liste	
teɣba	teɣva	propagation	ɣbu
teɣbalut	teɣvalut	liste	
teɣbam	teɣvam	propagation	ɣbu
teɣbamt	teɣvamt	propagation	ɣbu
teɣbi	teɣvi	propagation	ɣbu
teɣbim	teɣvim	propagation	ɣbu
teɣbimt	teɣvimt	propagation	ɣbu
teɣbiḍ	teɣviḍ	propagation	ɣbu
teɣbu	teɣvu	propagation	ɣbu
teɣbula	teɣvula	liste	
teɣbum	teɣvum	liste	
teɣbumt	teɣvumt	propagation	ɣbu
teɣbuḍ	teɣvuḍ	propagation	ɣbu
teɣleb	teɣlev	liste	
teɣlib	teɣliv	propagation	ɣleb
teɣlibem	teɣlivem	propagation	ɣleb
teɣlibemt	teɣlivemt	propagation	ɣleb
teɣlibeḍ	teɣliveḍ	propagation	ɣleb
teɣrabin	teɣravin	liste	
teɣreb	teɣrev	liste	
teɣribt	teɣrivt	liste	
teɣṣeb	teɣṣev	liste	
teɣṣib	teɣṣiv	propagation	ɣṣeb
teɣṣibem	teɣṣivem	propagation	ɣṣeb
teɣṣibemt	teɣṣivemt	propagation	ɣṣeb
teɣṣibeḍ	teɣṣiveḍ	liste	
teεǧeb	teεǧev	liste	
teεǧib	teεǧiv	liste	
teḍbeɛ	teḍveɛ	liste	
teḍbiɛ	teḍviɛ	propagation	ḍbeɛ
teḍbiɛem	teḍviɛem	propagation	ḍbeɛ
teḍbiɛemt	teḍviɛemt	propagation	ḍbeɛ
teḍbiɛeḍ	teḍviɛeḍ	propagation	ḍbeɛ
teḍleb	teḍlev	liste	
teḍlib	teḍliv	propagation	ḍleb
teḍlibem	teḍlivem	propagation	ḍleb
teḍlibemt	teḍlivemt	propagation	ḍleb
teḍlibeḍ	teḍliveḍ	propagation	ḍleb
teḥbal	teḥval	liste	
teḥbes	teḥves	liste	
teḥbis	teḥvis	liste	
teḥbised	teḥvised	liste	
teḥbisem	teḥvisem	liste	
teḥbisemt	teḥvisemt	liste	
teḥbiseḍ	teḥviseḍ	liste	
teḥbubt	teḥvuvt	liste	
teḥbulin	teḥvulin	liste	
teḥbult	teḥvult	liste	
teḥebseḍ	teḥevseḍ	liste	
teḥetteb	teḥettev	liste	
teḥseb	teḥsev	liste	
teḥsib	teḥsiv	propagation	ḥseb
teḥsibem	teḥsivem	propagation	ḥseb
teḥsibemt	teḥsivemt	propagation	ḥseb
teḥsibeḍ	teḥsiveḍ	propagation	ḥseb
teḥǧeb	teḥǧev	liste	
teḥǧib	teḥǧiv	propagation	ḥǧeb
teḥǧibem	teḥǧivem	propagation	ḥǧeb
teḥǧibemt	teḥǧivemt	propagation	ḥǧeb
teḥǧibeḍ	teḥǧiveḍ	propagation	ḥǧeb
teṛba	teṛva	liste	
teṛbut	teṛvut	liste	
teṛbuḍt	teṛvuḍt	liste	
teṣber	teṣver	liste	
teṣbeḥ	teṣveḥ	liste	
teṣbir	teṣvir	propagation	ṣber
teṣbirem	teṣvirem	propagation	ṣber
teṣbiremt	teṣviremt	propagation	ṣber
teṣbireḍ	teṣvireḍ	propagation	ṣber
teṣbiḥ	teṣviḥ	propagation	ṣbeḥ
teṣbiḥem	teṣviḥem	propagation	ṣbeḥ
teṣbiḥemt	teṣviḥemt	propagation	ṣbeḥ
teṣbiḥeḍ	teṣviḥeḍ	propagation	ṣbeḥ
teṣebḥit	teṣevḥit	liste	
teṣleb	teṣlev	liste	
teṣlib	teṣliv	propagation	ṣleb
teṣlibem	teṣlivem	propagation	ṣleb
teṣlibemt	teṣlivemt	propagation	ṣleb
teṣlibeḍ	teṣliveḍ	propagation	ṣleb
teṣweb	teṣwev	propagation	ṣweb
teṣwib	teṣwiv	propagation	ṣweb
teṣwibem	teṣwivem	propagation	ṣweb
teṣwibemt	teṣwivemt	propagation	ṣweb
teṣwibeḍ	teṣwiveḍ	propagation	ṣweb
teṣɛeb	teṣɛev	liste	
teṣɛib	teṣɛiv	propagation	ṣɛeb
teṣɛibem	teṣɛivem	propagation	ṣɛeb
teṣɛibemt	teṣɛivemt	propagation	ṣɛeb
teṣɛibeḍ	teṣɛiveḍ	propagation	ṣɛeb
teṣṣerbak	teṣṣervak	propagation	ṣṣerbek
teṣṣerbakem	teṣṣervakem	propagation	ṣṣerbek
teṣṣerbakemt	teṣṣervakemt	propagation	ṣṣerbek
teṣṣerbakeḍ	teṣṣervakeḍ	propagation	ṣṣerbek
teṣṣerbek	teṣṣervek	liste	
teṣṣrebkem	teṣṣrevkem	propagation	ṣṣerbek
teṣṣrebkemt	teṣṣrevkemt	propagation	ṣṣerbek
teṣṣrebkeḍ	teṣṣrevkeḍ	propagation	ṣṣerbek
teṭṭabaɛ	teṭṭavaɛ	propagation	ḍbeɛ
teṭṭabaɛem	teṭṭavaɛem	propagation	ḍbeɛ
teṭṭabaɛemt	teṭṭavaɛemt	propagation	ḍbeɛ
teṭṭabaɛeḍ	teṭṭavaɛeḍ	propagation	ḍbeɛ
teṭṭalab	teṭṭalav	propagation	ḍaleb
teṭṭalabem	teṭṭalavem	propagation	ḍaleb
teṭṭalabemt	teṭṭalavemt	propagation	ḍaleb
teṭṭalabeḍ	teṭṭalaveḍ	liste	
teṭṭbeṭbem	teṭṭveṭvem	propagation	ṭṭebṭeb
teṭṭbeṭbemt	teṭṭveṭvemt	propagation	ṭṭebṭeb
teṭṭbeṭbeḍ	teṭṭveṭveḍ	propagation	ṭṭebṭeb
teṭṭebṭbem	teṭṭevṭvem	liste	
teṭṭebṭbemt	teṭṭevṭvemt	liste	
teṭṭebṭbeḍ	teṭṭevṭveḍ	liste	
teṭṭebṭeb	teṭṭevṭev	propagation	ṭṭebṭeb
teṭṭebṭebem	teṭṭevṭevem	liste	
teṭṭebṭebemt	teṭṭevṭevemt	liste	
teṭṭebṭebeḍ	teṭṭevṭeveḍ	liste	
teṭṭebṭib	teṭṭevṭiv	propagation	ṭṭebṭeb
teṭṭebṭibem	teṭṭevṭivem	propagation	ṭṭebṭeb
teṭṭebṭibemt	teṭṭevṭivemt	propagation	ṭṭebṭeb
teṭṭebṭibeḍ	teṭṭevṭiveḍ	propagation	ṭṭebṭeb
teṭṭennib	teṭṭenniv	liste	
teṭṭennibem	teṭṭennivem	liste	
teṭṭennibemt	teṭṭennivemt	liste	
teṭṭeyyib	teṭṭeyyiv	propagation	ṭeyyeb
teṭṭeyyibem	teṭṭeyyivem	propagation	ṭeyyeb
teṭṭeyyibemt	teṭṭeyyivemt	propagation	ṭeyyeb
teṭṭeyyibeḍ	teṭṭeyyiveḍ	propagation	ṭeyyeb
teẓber	teẓver	propagation	ẓber
teẓbir	teẓvir	propagation	ẓber
teẓbirem	teẓvirem	propagation	ẓber
teẓbiremt	teẓviremt	propagation	ẓber
teẓbireḍ	teẓvireḍ	propagation	ẓber
thabi	thavi	propagation	habi
thabim	thavim	propagation	habi
thabimt	thavimt	propagation	habi
thabiḍ	thaviḍ	propagation	habi
thanksgibing	thanksgiving	liste	
thebbel	thevvel	propagation	hbel
thebblem	thevvlem	propagation	hbel
thebblemt	thevvlemt	propagation	hbel
thebbleḍ	thevvleḍ	propagation	hbel
thebbu	thevvu	propagation	hbu
thebbum	thevvum	propagation	hbu
thebbumt	thevvumt	propagation	hbu
thebbuḍ	thevvuḍ	propagation	hbu
thebjem	thevjem	propagation	hbej
thebjemt	thevjemt	propagation	hbej
thebjeḍ	thevjeḍ	propagation	hbej
theblem	thevlem	liste	
theblemt	thevlemt	liste	
thebleḍ	thevleḍ	liste	
theṛṛbem	theṛṛvem	liste	
thuba	thuva	propagation	habi
thubam	thuvam	propagation	habi
thubamt	thuvamt	propagation	habi
thubaḍ	thuvaḍ	propagation	habi
tibagusin	tivagusin	liste	
tibalizin	tivalizin	liste	
tibalmudin	tivalmudin	liste	
tibananin	tivananin	liste	
tibankiwin	tivankiwin	liste	
tibantiwin	tivantiwin	liste	
tibawin	tivawin	liste	
tibawt	tivawt	liste	
tibaɛrurin	tivaɛrurin	liste	
tibbehbit	tivvehvit	liste	
tibberqect	tivverqect	liste	
tibdal	tivdal	liste	
tibdar	tivdar	liste	
tibehbit	tivehvit	liste	
tibekkatin	tivekkatin	liste	
tiber	tiver	liste	
tiberkanin	tiverkanin	liste	
tibernint	tivernint	liste	
tiberqac	tiverqac	liste	
tiberqect	tiverqect	liste	
tiberraniyin	tiverraniyin	liste	
tiberrint	tiverrint	liste	
tibessasin	tivessasin	liste	
tibestuḥin	tivestuḥin	liste	
tibesṭaḥ	tivesṭaḥ	liste	
tibettit	tivettit	liste	
tibettiyin	tivettiyin	liste	
tibexsisin	tivexsisin	liste	
tibezrin	tivezrin	liste	
tibeḥyar	tiveḥyar	liste	
tibeṛdiyin	tiveṛdiyin	liste	
tibeṛmilin	tiveṛmilin	liste	
tibeṛquqin	tiveṛquqin	liste	
tibeṛṛaniyen	tiveṛṛaniyen	liste	
tibeṛṛaniyin	tiveṛṛaniyin	liste	
tibeṣlin	tiveṣlin	liste	
tibgaytiyin	tivgaytiyin	liste	
tibidas	tividas	liste	
tibidest	tividest	liste	
tibidunin	tividunin	liste	
tibitaminin	tivitaminin	liste	
tibitrinin	tivitrinin	liste	
tibiṭaminin	tiviṭaminin	liste	
tibkit	tivkit	liste	
tibladin	tivladin	liste	
tibluzin	tivluzin	liste	
tibnin	tivnin	liste	
tibninem	tivninem	propagation	ibnin
tibninemt	tivninemt	propagation	ibnin
tibnineḍ	tivnineḍ	propagation	ibnin
tibratin	tivratin	liste	
tibrik	tivrik	propagation	ibrik
tibrikem	tivrikem	propagation	ibrik
tibrikemt	tivrikemt	propagation	ibrik
tibrikeḍ	tivrikeḍ	propagation	ibrik
tibriṭaniyin	tivriṭaniyin	liste	
tibugas	tivugas	liste	
tibugaṭutin	tivugaṭutin	liste	
tibumdewwrin	tivumdewwrin	liste	
tibururutin	tivururutin	liste	
tibuɛjajin	tivuɛjajin	liste	
tibuɣar	tivuɣar	liste	
tibuɣarin	tivuɣarin	liste	
tibɛid	tivɛid	liste	
tibɛidem	tivɛidem	propagation	ibɛid
tibɛidemt	tivɛidemt	propagation	ibɛid
tibɛideḍ	tivɛideḍ	propagation	ibɛid
tibɣasin	tivɣasin	liste	
tibḥirin	tivḥirin	liste	
tibḥirt	tivḥirt	liste	
tibṛatin	tivṛatin	liste	
tibṣelt	tivṣelt	liste	
ticebḥanin	ticevḥanin	liste	
ticelhabin	ticelhavin	liste	
ticeɛbanin	ticeɛvanin	liste	
ticlibaḍ	ticlivaḍ	liste	
tiduba	tiduva	liste	
tijellabin	tijellavin	liste	
tikbabin	tikvavin	liste	
tikbert	tikvert	liste	
tikerbabin	tikervavin	liste	
tikrabaḍin	tikravaḍin	liste	
tiktabin	tiktavin	liste	
tikεebt	tikεevt	liste	
tilibisyu	tilivisyu	liste	
tilibiziyu	tiliviziyu	liste	
tilibizyu	tilivizyu	liste	
tilibizyun	tilivizyun	liste	
tilibizyuwat	tilivizyuwat	liste	
timdehhebt	timdehhevt	liste	
timehbal	timehval	liste	
timehbulin	timehvulin	liste	
timeqbert	timeqvert	liste	
timerkubin	timerkuvin	liste	
timesbaniyin	timesvaniyin	liste	
timeslab	timeslav	liste	
timeslubin	timesluvin	liste	
timestabeɛt	timestaveɛt	liste	
timeɣbunin	timeɣvunin	liste	
timeḥbas	timeḥvas	liste	
timmuhbelt	timmuhvelt	liste	
timmuɣbent	timmuɣvent	liste	
timnexḍabin	timnexḍavin	liste	
timnexḍebt	timnexḍevt	liste	
timrabḍin	timravḍin	liste	
timreḥbaniyin	timreḥvaniyin	liste	
timsebridin	timsevridin	liste	
timseɣbula	timseɣvula	liste	
timuhbelt	timuhvelt	liste	
tinebdar	tinevdar	liste	
tinebdurin	tinevdurin	liste	
tinebgawin	tinevgawin	liste	
tinebgit	tinevgit	liste	
tinebgiwin	tinevgiwin	liste	
tineblalin	tinevlalin	liste	
tineccabin	tineccavin	liste	
tineqlebt	tineqlevt	liste	
tinesbaɣurin	tinesvaɣurin	liste	
tinnubga	tinnuvga	liste	
tinnubgiwin	tinnuvgiwin	liste	
tinuba	tinuva	liste	
tinubga	tinuvga	liste	
tiqbayliyin	tiqvayliyin	liste	
tiqburin	tiqvurin	liste	
tiqbuṛin	tiqvuṛin	liste	
tiqejbabin	tiqejvavin	liste	
tiqeḥbiyin	tiqeḥviyin	liste	
tiqlibin	tiqlivin	liste	
tiqrib	tiqriv	propagation	iqrib
tiqribem	tiqrivem	propagation	iqrib
tiqribemt	tiqrivemt	propagation	iqrib
tiqribeḍ	tiqriveḍ	propagation	iqrib
tiqribin	tiqrivin	liste	
tiqubac	tiquvac	liste	
tiqurbatin	tiqurvatin	liste	
tirbuyaɛ	tirvuyaɛ	liste	
tirebrabin	tirevravin	liste	
tisbeɣt	tisveɣt	liste	
tisebrent	tisevrent	liste	
tisegbarin	tisegvarin	liste	
tiselbi	tiselvi	liste	
tiselbuɛin	tiselvuɛin	liste	
tiskiddib	tiskiddiv	liste	
tislabiyin	tislaviyin	liste	
tisselbi	tisselvi	liste	
titbirt	titvirt	liste	
titribt	titrivt	liste	
tizebgatin	tizevgatin	liste	
tizerbatin	tizervatin	liste	
tiɛesbanin	tiɛesvanin	liste	
tiɛeṛbubin	tiɛeṛvuvin	liste	
tiɛibanin	tiɛivanin	liste	
tiɛrabin	tiɛravin	liste	
tiɛṛabin	tiɛṛavin	liste	
tiɣbula	tiɣvula	liste	
tiḍebsiyin	tiḍevsiyin	liste	
tiḥbibin	tiḥvivin	liste	
tiḥbubin	tiḥvuvin	liste	
tiḥbulin	tiḥvulin	liste	
tiḥebraracin	tiḥevraracin	liste	
tiḥerbunin	tiḥervunin	liste	
tiḥessabin	tiḥessavin	liste	
tiṣebḥiyin	tiṣevḥiyin	liste	
tiṣubyitanin	tiṣuvyitanin	liste	
tiẓerbiyin	tiẓerviyin	liste	
tjab	tjav	propagation	jab
tjabem	tjavem	propagation	jab
tjabemt	tjavemt	propagation	jab
tjabeḍ	tjaveḍ	propagation	jab
tjanbem	tjanvem	propagation	janeb
tjanbemt	tjanvemt	propagation	janeb
tjanbeḍ	tjanveḍ	propagation	janeb
tjaneb	tjanev	propagation	janeb
tjawbem	tjawvem	propagation	jaweb
tjawbemt	tjawvemt	propagation	jaweb
tjawbeḍ	tjawveḍ	propagation	jaweb
tjaweb	tjawev	propagation	jaweb
tjebbdem	tjevvdem	propagation	jebbed
tjebbdemt	tjevvdemt	propagation	jebbed
tjebbdeḍ	tjevvdeḍ	propagation	jebbed
tjebbed	tjevved	liste	
tjebbu	tjevvu	propagation	jbu
tjebbum	tjevvum	propagation	jbu
tjebbumt	tjevvumt	propagation	jbu
tjebbuḍ	tjevvuḍ	propagation	jbu
tjebdem	tjevdem	liste	
tjebdemt	tjevdemt	liste	
tjebdeḍ	tjevdeḍ	liste	
tjedbem	tjedvem	propagation	jdeb
tjedbemt	tjedvemt	propagation	jdeb
tjedbeḍ	tjedveḍ	propagation	jdeb
tjeddbem	tjeddvem	propagation	jdeb
tjeddbemt	tjeddvemt	propagation	jdeb
tjeddbeḍ	tjeddveḍ	propagation	jdeb
tjeddeb	tjeddev	propagation	jdeb
tjellabin	tjellavin	liste	
tjellabt	tjellavt	liste	
tjellbem	tjellvem	propagation	jelleb
tjellbemt	tjellvemt	propagation	jelleb
tjellbeḍ	tjellveḍ	propagation	jelleb
tjelleb	tjellev	propagation	jelleb
tjerrbem	tjerrvem	propagation	jerreb
tjerrbemt	tjerrvemt	propagation	jerreb
tjerrbeḍ	tjerrveḍ	propagation	jerreb
tjerreb	tjerrev	liste	
tjeɛbubt	tjeɛvuvt	liste	
tjeṛṛbeḍ	tjeṛṛveḍ	liste	
tjeṛṛeb	tjeṛṛev	liste	
tjuba	tjuva	propagation	jab
tjubam	tjuvam	propagation	jab
tjubamt	tjuvamt	propagation	jab
tjubaḍ	tjuvaḍ	propagation	jab
tjunbem	tjunvem	propagation	janeb
tjunbemt	tjunvemt	propagation	janeb
tjunbeḍ	tjunveḍ	propagation	janeb
tjuneb	tjunev	propagation	janeb
tjuwbem	tjuwvem	propagation	jaweb
tjuwbemt	tjuwvemt	propagation	jaweb
tjuwbeḍ	tjuwveḍ	propagation	jaweb
tjuweb	tjuwev	propagation	jaweb
tkeblem	tkevlem	propagation	kbel
tkeblemt	tkevlemt	propagation	kbel
tkebleḍ	tkevleḍ	propagation	kbel
tkebrem	tkevrem	propagation	kber
tkebremt	tkevremt	propagation	kber
tkebreḍ	tkevreḍ	propagation	kber
tkeddabt	tkeddavt	liste	
tkesbem	tkesvem	liste	
tkesbemt	tkesvemt	liste	
tkesbeḍ	tkesveḍ	liste	
tketbem	tketvem	propagation	kteb
tketbemt	tketvemt	propagation	kteb
tketbeḍ	tketveḍ	liste	
tkettbem	tkettvem	propagation	kteb
tkettbemt	tkettvemt	propagation	kteb
tkettbeḍ	tkettveḍ	propagation	kteb
tketteb	tkettev	propagation	kteb
tkeɛbem	tkeɛvem	propagation	kɛeb
tkeɛbemt	tkeɛvemt	propagation	kɛeb
tkeɛbeḍ	tkeɛveḍ	propagation	kɛeb
tkeɛɛbem	tkeɛɛvem	propagation	kɛeb
tkeɛɛbemt	tkeɛɛvemt	propagation	kɛeb
tkeɛɛbeḍ	tkeɛɛveḍ	propagation	kɛeb
tkeɛɛeb	tkeɛɛev	propagation	kɛeb
tlaba	tlava	liste	
tlaqbem	tlaqvem	propagation	laqeb
tlaqbemt	tlaqvemt	propagation	laqeb
tlaqbeḍ	tlaqveḍ	propagation	laqeb
tlaqeb	tlaqev	propagation	laqeb
tlebbeḍ	tlevveḍ	propagation	lbeḍ
tlebbḍem	tlevvḍem	propagation	lbeḍ
tlebbḍemt	tlevvḍemt	propagation	lbeḍ
tlebbḍeḍ	tlevvḍeḍ	propagation	lbeḍ
tlebḍem	tlevḍem	propagation	lbeḍ
tlebḍemt	tlevḍemt	propagation	lbeḍ
tlebḍeḍ	tlevḍeḍ	propagation	lbeḍ
tleɛbem	tleɛvem	liste	
tleɛbemt	tleɛvemt	propagation	lɛeb
tleɛbeḍ	tleɛveḍ	propagation	lɛeb
tleɛɛeb	tleɛɛev	liste	
tleεbeḍ	tleεveḍ	liste	
tleεεbem	tleεεvem	liste	
tlulebt	tlulevt	liste	
tluqbed	tluqved	liste	
tluqbem	tluqvem	liste	
tluqbemt	tluqvemt	liste	
tluqbeḍ	tluqveḍ	liste	
tluqeb	tluqev	liste	
tmeqbar	tmeqvar	liste	
tmeqbert	tmeqvert	liste	
tmeqbeṛt	tmeqveṛt	liste	
tmerbuḥt	tmervuḥt	liste	
tmesbanit	tmesvanit	liste	
tmesbaniyin	tmesvaniyin	liste	
tmeḥbust	tmeḥvust	liste	
tnabi	tnavi	propagation	nabi
tnabim	tnavim	propagation	nabi
tnabimt	tnavimt	propagation	nabi
tnabiḍ	tnaviḍ	propagation	nabi
tnasbem	tnasvem	propagation	naseb
tnasbemt	tnasvemt	propagation	naseb
tnasbeḍ	tnasveḍ	propagation	naseb
tnaseb	tnasev	propagation	naseb
tnebbcem	tnevvcem	propagation	nbec
tnebbcemt	tnevvcemt	propagation	nbec
tnebbceḍ	tnevvceḍ	propagation	nbec
tnebbec	tnevvec	propagation	nbec
tnebcem	tnevcem	propagation	nbec
tnebcemt	tnevcemt	propagation	nbec
tnebceḍ	tnevceḍ	propagation	nbec
tnebdurin	tnevdurin	liste	
tnebdurt	tnevdurt	liste	
tnebgawin	tnevgawin	liste	
tnebgiwin	tnevgiwin	liste	
tnebgiwt	tnevgiwt	liste	
tnebrem	tnevrem	propagation	nber
tnebremt	tnevremt	propagation	nber
tnebreḍ	tnevreḍ	propagation	nber
tnebḍatin	tnevḍatin	liste	
tneccabt	tneccavt	liste	
tneqbem	tneqvem	propagation	nqeb
tneqbemt	tneqvemt	propagation	nqeb
tneqbeḍ	tneqveḍ	propagation	nqeb
tneqqbem	tneqqvem	propagation	nɣeb
tneqqbemt	tneqqvemt	propagation	nɣeb
tneqqbeḍ	tneqqveḍ	propagation	nɣeb
tneqqeb	tneqqev	liste	
tnerdabt	tnerdavt	liste	
tneɣbem	tneɣvem	propagation	nɣeb
tneɣbemt	tneɣvemt	propagation	nɣeb
tneɣbeḍ	tneɣveḍ	propagation	nɣeb
tneḍbem	tneḍvem	liste	
tneḍbemt	tneḍvemt	liste	
tneḍbeḍ	tneḍveḍ	liste	
tnuba	tnuva	propagation	nabi
tnubam	tnuvam	propagation	nabi
tnubamt	tnuvamt	propagation	nabi
tnubaḍ	tnuvaḍ	propagation	nabi
tnusbem	tnusvem	propagation	naseb
tnusbemt	tnusvemt	propagation	naseb
tnusbeḍ	tnusveḍ	propagation	naseb
tnuseb	tnusev	propagation	naseb
tqabact	tqavact	liste	
tqabel	tqavel	liste	
tqabeḥ	tqaveḥ	propagation	qabeḥ
tqablem	tqavlem	liste	
tqablemt	tqavlemt	liste	
tqableḍ	tqavleḍ	liste	
tqabḥem	tqavḥem	propagation	qabeḥ
tqabḥemt	tqavḥemt	propagation	qabeḥ
tqabḥeḍ	tqavḥeḍ	propagation	qabeḥ
tqebbel	tqevvel	propagation	qebbel
tqebber	tqevver	propagation	qber
tqebbeḍ	tqevveḍ	propagation	qbeḍ
tqebbeḥ	tqevveḥ	propagation	qbeḥ
tqebblem	tqevvlem	propagation	qebbel
tqebblemt	tqevvlemt	propagation	qebbel
tqebbleḍ	tqevvleḍ	propagation	qebbel
tqebbrem	tqevvrem	propagation	qber
tqebbremt	tqevvremt	propagation	qber
tqebbreḍ	tqevvreḍ	propagation	qber
tqebbḍem	tqevvḍem	propagation	qbeḍ
tqebbḍemt	tqevvḍemt	propagation	qbeḍ
tqebbḍeḍ	tqevvḍeḍ	propagation	qbeḍ
tqebbḥem	tqevvḥem	propagation	qbeḥ
tqebbḥemt	tqevvḥemt	propagation	qbeḥ
tqebbḥeḍ	tqevvḥeḍ	propagation	qbeḥ
tqebled	tqevled	liste	
tqeblem	tqevlem	liste	
tqeblemt	tqevlemt	liste	
tqebleḍ	tqevleḍ	liste	
tqebrem	tqevrem	propagation	qber
tqebremt	tqevremt	propagation	qber
tqebreḍ	tqevreḍ	propagation	qber
tqebḍem	tqevḍem	propagation	qbeḍ
tqebḍemt	tqevḍemt	propagation	qbeḍ
tqebḍeḍ	tqevḍeḍ	propagation	qbeḍ
tqebḥem	tqevḥem	liste	
tqebḥemt	tqevḥemt	liste	
tqebḥeḍ	tqevḥeḍ	liste	
tqelbem	tqelvem	liste	
tqelbemt	tqelvemt	liste	
tqelbeḍ	tqelveḍ	liste	
tqellbem	tqellvem	propagation	qelleb
tqellbemt	tqellvemt	propagation	qelleb
tqellbeḍ	tqellveḍ	liste	
tqelleb	tqellev	liste	
tqerbem	tqervem	propagation	qreb
tqerbemt	tqervemt	propagation	qreb
tqerbeḍ	tqerveḍ	propagation	qreb
tqerbust	tqervust	liste	
tqerbuzt	tqervuzt	liste	
tqerrbed	tqerrved	liste	
tqerrbem	tqerrvem	liste	
tqerrbemt	tqerrvemt	liste	
tqerrbeḍ	tqerrveḍ	liste	
tqerreb	tqerrev	liste	
tqerribent	tqerrivent	liste	
tqezzbem	tqezzvem	propagation	qezzeb
tqezzbemt	tqezzvemt	propagation	qezzeb
tqezzbeḍ	tqezzveḍ	liste	
tqezzeb	tqezzev	propagation	qezzeb
tqeḥbit	tqeḥvit	liste	
tqeḥbiyin	tqeḥviyin	liste	
tqeṛbem	tqeṛvem	liste	
tqeṛbemt	tqeṛvemt	liste	
tqeṛbeḍ	tqeṛveḍ	liste	
tqeṛṛabt	tqeṛṛavt	liste	
tqeṛṛeb	tqeṛṛev	liste	
tqubac	tquvac	liste	
tqubel	tquvel	liste	
tqubeḥ	tquveḥ	propagation	qabeḥ
tqublem	tquvlem	liste	
tqublemt	tquvlemt	propagation	qabel
tqubleḍ	tquvleḍ	liste	
tqubḥem	tquvḥem	propagation	qabeḥ
tqubḥemt	tquvḥemt	propagation	qabeḥ
tqubḥeḍ	tquvḥeḍ	propagation	qabeḥ
trab	trav	liste	
trabem	travem	propagation	rab
trabemt	travemt	propagation	rab
trabeḍ	traveḍ	propagation	rab
trebbi	trevvi	propagation	rbi
trebbim	trevvim	propagation	rbi
trebbimt	trevvimt	propagation	rbi
trebbiḍ	trevviḍ	propagation	rbi
trebbu	trevvu	propagation	rbu
trebbum	trevvum	propagation	rbu
trebbumt	trevvumt	propagation	rbu
trebbuḍ	trevvuḍ	propagation	rbu
trebga	trevga	liste	
trebgatin	trevgatin	liste	
trebḥed	trevḥed	liste	
trebḥem	trevḥem	liste	
trebḥemt	trevḥemt	liste	
trebḥeḍ	trevḥeḍ	liste	
trekbed	trekved	liste	
trekbem	trekvem	liste	
trekbemt	trekvemt	liste	
trekbeḍ	trekveḍ	liste	
trekkbem	trekkvem	liste	
trekkbemt	trekkvemt	liste	
trekkbeḍ	trekkveḍ	liste	
trekkeb	trekkev	liste	
treḍbanin	treḍvanin	liste	
treḍbem	treḍvem	propagation	rḍeb
treḍbemt	treḍvemt	propagation	rḍeb
treḍbeḍ	treḍveḍ	propagation	rḍeb
tsab	tsav	propagation	sib
tsabem	tsavem	propagation	sib
tsabemt	tsavemt	propagation	sib
tsabeḍ	tsaveḍ	propagation	sib
tsebbek	tsevvek	propagation	sbek
tsebbeɛ	tsevveɛ	propagation	sbeɛ
tsebbeɣ	tsevveɣ	propagation	sbeɣ
tsebbkem	tsevvkem	propagation	sbek
tsebbkemt	tsevvkemt	propagation	sbek
tsebbkeḍ	tsevvkeḍ	propagation	sbek
tsebbɛem	tsevvɛem	propagation	sbeɛ
tsebbɛemt	tsevvɛemt	propagation	sbeɛ
tsebbɛeḍ	tsevvɛeḍ	propagation	sbeɛ
tsebbɣem	tsevvɣem	propagation	sbeɣ
tsebbɣemt	tsevvɣemt	propagation	sbeɣ
tsebbɣeḍ	tsevvɣeḍ	propagation	sbeɣ
tsebdedd	tsevdedd	liste	
tsebkem	tsevkem	propagation	sbek
tsebkemt	tsevkemt	propagation	sbek
tsebkeḍ	tsevkeḍ	liste	
tsebɛem	tsevɛem	propagation	sbeɛ
tsebɛemt	tsevɛemt	propagation	sbeɛ
tsebɛeḍ	tsevɛeḍ	propagation	sbeɛ
tsebɣem	tsevɣem	liste	
tsebɣemt	tsevɣemt	liste	
tsebɣeḍ	tsevɣeḍ	liste	
tsebḍut	tsevḍut	liste	
tsebḥit	tsevḥit	liste	
tsegbarin	tsegvarin	liste	
tsegbart	tsegvart	liste	
tselbed	tselved	liste	
tselbem	tselvem	liste	
tselbemt	tselvemt	liste	
tselbeḍ	tselveḍ	liste	
tsellbem	tsellvem	propagation	sleb
tsellbemt	tsellvemt	propagation	sleb
tsellbeḍ	tsellveḍ	propagation	sleb
tselleb	tsellev	propagation	sleb
tsenbert	tsenvert	liste	
tsib	tsiv	propagation	sib
tsibem	tsivem	propagation	sib
tsibemt	tsivemt	propagation	sib
tsibeḍ	tsiveḍ	propagation	sib
ttabaɛ	ttavaɛ	liste	
ttabaɛemt	ttavaɛemt	propagation	tabeɛ
ttabaɛen	ttavaɛen	liste	
ttabaɛent	ttavaɛent	propagation	tabeɛ
ttabaɛet	ttavaɛet	propagation	tabeɛ
ttabaɛeɣ	ttavaɛeɣ	liste	
ttabdad	ttavdad	liste	
ttabdadeɣ	ttavdadeɣ	liste	
ttabeɛ	ttaveɛ	propagation	tabeɛ
ttabgaseɣ	ttavgaseɣ	liste	
ttabɛem	ttavɛem	propagation	tabeɛ
ttabɛemt	ttavɛemt	propagation	tabeɛ
ttabɛeḍ	ttavɛeḍ	propagation	tabeɛ
ttabẓen	ttavẓen	liste	
ttaksaben	ttaksaven	liste	
ttaqabalen	ttaqavalen	liste	
ttarbaɛt	ttarvaɛt	liste	
ttaɛjabent	ttaɛjavent	liste	
ttaɛǧaben	ttaɛǧaven	liste	
ttbab	ttvav	propagation	bab
ttbabemt	ttvavemt	propagation	bab
ttbaben	ttvaven	propagation	bab
ttbabent	ttvavent	propagation	bab
ttbabet	ttvavet	propagation	bab
ttbabeɣ	ttvaveɣ	propagation	bab
ttban	ttvan	liste	
ttbanemt	ttvanemt	propagation	ban
ttbanen	ttvanen	liste	
ttbanent	ttvanent	liste	
ttbanet	ttvanet	propagation	ban
ttbaneɣ	ttvaneɣ	liste	
ttbarak	ttvarak	propagation	barek
ttbarakemt	ttvarakemt	propagation	barek
ttbaraken	ttvaraken	liste	
ttbarakent	ttvarakent	propagation	barek
ttbaraket	ttvaraket	propagation	barek
ttbarakeɣ	ttvarakeɣ	liste	
ttbaren	ttvaren	liste	
ttbat	ttvat	propagation	bat
ttbatemt	ttvatemt	propagation	bat
ttbaten	ttvaten	propagation	bat
ttbatent	ttvatent	propagation	bat
ttbatet	ttvatet	propagation	bat
ttbateɣ	ttvateɣ	propagation	bat
ttbaɛad	ttvaɛad	propagation	baɛed
ttbaɛademt	ttvaɛademt	propagation	baɛed
ttbaɛaden	ttvaɛaden	propagation	baɛed
ttbaɛadent	ttvaɛadent	propagation	baɛed
ttbaɛadet	ttvaɛadet	propagation	baɛed
ttbaɛadeɣ	ttvaɛadeɣ	propagation	baɛed
ttbaḍan	ttvaḍan	propagation	baḍen
ttbaḍanemt	ttvaḍanemt	propagation	baḍen
ttbaḍanen	ttvaḍanen	propagation	baḍen
ttbaḍanent	ttvaḍanent	propagation	baḍen
ttbaḍanet	ttvaḍanet	propagation	baḍen
ttbaḍaneɣ	ttvaḍaneɣ	propagation	baḍen
ttbeccic	ttveccic	propagation	becc
ttbeccicemt	ttveccicemt	propagation	becc
ttbeccicen	ttveccicen	liste	
ttbeccicent	ttveccicent	liste	
ttbeccicet	ttveccicet	propagation	becc
ttbecciceɣ	ttvecciceɣ	liste	
ttbeddan	ttveddan	liste	
ttbeddi	ttveddi	liste	
ttbeddil	ttveddil	liste	
ttbeddilemt	ttveddilemt	liste	
ttbeddilen	ttveddilen	liste	
ttbeddilent	ttveddilent	liste	
ttbeddilet	ttveddilet	liste	
ttbeddileɣ	ttveddileɣ	liste	
ttbedremt	ttvedremt	propagation	ttebder
ttbedren	ttvedren	propagation	ttebder
ttbedrent	ttvedrent	propagation	ttebder
ttbedret	ttvedret	propagation	ttebder
ttbedreɣ	ttvedreɣ	propagation	ttebder
ttbeggin	ttveggin	propagation	beggen
ttbegginemt	ttvegginemt	propagation	beggen
ttbegginen	ttvegginen	propagation	beggen
ttbegginent	ttvegginent	propagation	beggen
ttbegginet	ttvegginet	propagation	beggen
ttbeggineɣ	ttveggineɣ	propagation	beggen
ttbehbi	ttvehvi	propagation	bbehbi
ttbehbimt	ttvehvimt	propagation	bbehbi
ttbehbin	ttvehvin	propagation	bbehbi
ttbehbint	ttvehvint	propagation	bbehbi
ttbehbit	ttvehvit	propagation	bbehbi
ttbehbiɣ	ttvehviɣ	propagation	bbehbi
ttbekkim	ttvekkim	propagation	bekkem
ttbekkimemt	ttvekkimemt	propagation	bekkem
ttbekkimen	ttvekkimen	propagation	bekkem
ttbekkiment	ttvekkiment	propagation	bekkem
ttbekkimet	ttvekkimet	propagation	bekkem
ttbekkimeɣ	ttvekkimeɣ	propagation	bekkem
ttbekkir	ttvekkir	propagation	bekker
ttbekkiremt	ttvekkiremt	propagation	bekker
ttbekkiren	ttvekkiren	liste	
ttbekkirent	ttvekkirent	propagation	bekker
ttbekkiret	ttvekkiret	propagation	bekker
ttbekkireɣ	ttvekkireɣ	propagation	bekker
ttbekkiṛen	ttvekkiṛen	liste	
ttbekkiṛeɣ	ttvekkiṛeɣ	liste	
ttbelliɛ	ttvelliɛ	propagation	belleɛ
ttbelliɛemt	ttvelliɛemt	propagation	belleɛ
ttbelliɛen	ttvelliɛen	propagation	belleɛ
ttbelliɛent	ttvelliɛent	propagation	belleɛ
ttbelliɛet	ttvelliɛet	propagation	belleɛ
ttbelliɛeɣ	ttvelliɛeɣ	propagation	belleɛ
ttbelɛuεucen	ttvelɛuεucen	liste	
ttbeqqi	ttveqqi	propagation	beqqi
ttbeqqimt	ttveqqimt	propagation	beqqi
ttbeqqin	ttveqqin	propagation	beqqi
ttbeqqint	ttveqqint	propagation	beqqi
ttbeqqit	ttveqqit	propagation	beqqi
ttbeqqiɣ	ttveqqiɣ	propagation	beqqi
ttberbir	ttvervir	propagation	bberber
ttberbiremt	ttverviremt	propagation	bberber
ttberbiren	ttverviren	propagation	bberber
ttberbirent	ttvervirent	propagation	bberber
ttberbiret	ttverviret	propagation	bberber
ttberbireɣ	ttvervireɣ	propagation	bberber
ttberna	ttverna	liste	
ttbernat	ttvernat	liste	
ttberreḥ	ttverreḥ	liste	
ttberri	ttverri	propagation	berri
ttberrimt	ttverrimt	propagation	berri
ttberrin	ttverrin	liste	
ttberrint	ttverrint	propagation	berri
ttberrit	ttverrit	propagation	berri
ttberriz	ttverriz	propagation	berrez
ttberrizemt	ttverrizemt	propagation	berrez
ttberrizen	ttverrizen	propagation	berrez
ttberrizent	ttverrizent	propagation	berrez
ttberrizet	ttverrizet	propagation	berrez
ttberrizeɣ	ttverrizeɣ	propagation	berrez
ttberriɣ	ttverriɣ	propagation	berri
ttberriḥ	ttverriḥ	liste	
ttberriḥemt	ttverriḥemt	propagation	berreḥ
ttberriḥen	ttverriḥen	liste	
ttberriḥent	ttverriḥent	propagation	berreḥ
ttberriḥet	ttverriḥet	liste	
ttberriḥeɣ	ttverriḥeɣ	liste	
ttbexxir	ttvexxir	propagation	bexxer
ttbexxiremt	ttvexxiremt	propagation	bexxer
ttbexxiren	ttvexxiren	propagation	bexxer
ttbexxirent	ttvexxirent	propagation	bexxer
ttbexxiret	ttvexxiret	propagation	bexxer
ttbexxireɣ	ttvexxireɣ	liste	
ttbeɛziq	ttveɛziq	propagation	bbeɛzeq
ttbeɛziqemt	ttveɛziqemt	propagation	bbeɛzeq
ttbeɛziqen	ttveɛziqen	propagation	bbeɛzeq
ttbeɛziqent	ttveɛziqent	propagation	bbeɛzeq
ttbeɛziqet	ttveɛziqet	propagation	bbeɛzeq
ttbeɛziqeɣ	ttveɛziqeɣ	propagation	bbeɛzeq
ttbeɛɛid	ttveɛɛid	propagation	beɛɛed
ttbeɛɛidemt	ttveɛɛidemt	propagation	beɛɛed
ttbeɛɛiden	ttveɛɛiden	propagation	beɛɛed
ttbeɛɛident	ttveɛɛident	propagation	beɛɛed
ttbeɛɛidet	ttveɛɛidet	propagation	beɛɛed
ttbeɛɛideɣ	ttveɛɛideɣ	propagation	beɛɛed
ttbeḥḥit	ttveḥḥit	propagation	beḥḥet
ttbeḥḥitemt	ttveḥḥitemt	propagation	beḥḥet
ttbeḥḥiten	ttveḥḥiten	propagation	beḥḥet
ttbeḥḥitent	ttveḥḥitent	propagation	beḥḥet
ttbeḥḥitet	ttveḥḥitet	propagation	beḥḥet
ttbeḥḥiteɣ	ttveḥḥiteɣ	propagation	beḥḥet
ttbinen	ttvinen	liste	
ttbinent	ttvinent	liste	
ttbinet	ttvinet	liste	
ttbineɣ	ttvineɣ	liste	
ttbuddun	ttvuddun	liste	
ttbudduy	ttvudduy	propagation	budd
ttbudduyemt	ttvudduyemt	propagation	budd
ttbudduyen	ttvudduyen	propagation	budd
ttbudduyent	ttvudduyent	propagation	budd
ttbudduyet	ttvudduyet	propagation	budd
ttbudduyeɣ	ttvudduyeɣ	propagation	budd
ttbur	ttvur	propagation	bur
ttburemt	ttvuremt	propagation	bur
ttburen	ttvuren	propagation	bur
ttburent	ttvurent	propagation	bur
ttburet	ttvuret	propagation	bur
ttbureɣ	ttvureɣ	propagation	bur
ttbut	ttvut	liste	
ttbutat	ttvutat	liste	
ttbuxxu	ttvuxxu	propagation	buxx
ttbuxxumt	ttvuxxumt	propagation	buxx
ttbuxxun	ttvuxxun	propagation	buxx
ttbuxxunt	ttvuxxunt	propagation	buxx
ttbuxxut	ttvuxxut	propagation	buxx
ttbuxxuɣ	ttvuxxuɣ	propagation	buxx
ttbuḥruy	ttvuḥruy	propagation	bbuḥru
ttbuḥruyemt	ttvuḥruyemt	propagation	bbuḥru
ttbuḥruyen	ttvuḥruyen	propagation	bbuḥru
ttbuḥruyent	ttvuḥruyent	propagation	bbuḥru
ttbuḥruyet	ttvuḥruyet	propagation	bbuḥru
ttbuḥruyeɣ	ttvuḥruyeɣ	propagation	bbuḥru
ttcab	ttcav	propagation	cab
ttcabemt	ttcavemt	propagation	cab
ttcaben	ttcaven	propagation	cab
ttcabent	ttcavent	propagation	cab
ttcabet	ttcavet	propagation	cab
ttcabeɣ	ttcaveɣ	liste	
ttcabi	ttcavi	propagation	cabi
ttcabimt	ttcavimt	propagation	cabi
ttcabin	ttcavin	propagation	cabi
ttcabint	ttcavint	propagation	cabi
ttcabit	ttcavit	propagation	cabi
ttcabiɣ	ttcaviɣ	liste	
ttcebbik	ttcevvik	propagation	cbek
ttcebbikemt	ttcevvikemt	propagation	cbek
ttcebbiken	ttcevviken	propagation	cbek
ttcebbikent	ttcevvikent	propagation	cbek
ttcebbiket	ttcevviket	propagation	cbek
ttcebbikeɣ	ttcevvikeɣ	propagation	cbek
ttcebbiḥ	ttcevviḥ	propagation	cebbeḥ
ttcebbiḥemt	ttcevviḥemt	propagation	cebbeḥ
ttcebbiḥen	ttcevviḥen	propagation	cebbeḥ
ttcebbiḥent	ttcevviḥent	propagation	cebbeḥ
ttcebbiḥet	ttcevviḥet	propagation	cebbeḥ
ttcebbiḥeɣ	ttcevviḥeɣ	propagation	cebbeḥ
ttceggib	ttceggiv	propagation	ceggeb
ttceggibemt	ttceggivemt	propagation	ceggeb
ttceggiben	ttceggiven	propagation	ceggeb
ttceggibent	ttceggivent	propagation	ceggeb
ttceggibet	ttceggivet	propagation	ceggeb
ttceggibeɣ	ttceggiveɣ	propagation	ceggeb
ttcekkib	ttcekkiv	propagation	cekkeb
ttcekkibemt	ttcekkivemt	propagation	cekkeb
ttcekkiben	ttcekkiven	propagation	cekkeb
ttcekkibent	ttcekkivent	propagation	cekkeb
ttcekkibet	ttcekkivet	propagation	cekkeb
ttcekkibeɣ	ttcekkiveɣ	propagation	cekkeb
ttcelbiḍ	ttcelviḍ	propagation	ccelbeḍ
ttcelbiḍemt	ttcelviḍemt	propagation	ccelbeḍ
ttcelbiḍen	ttcelviḍen	propagation	ccelbeḍ
ttcelbiḍent	ttcelviḍent	propagation	ccelbeḍ
ttcelbiḍet	ttcelviḍet	propagation	ccelbeḍ
ttcelbiḍeɣ	ttcelviḍeɣ	propagation	ccelbeḍ
ttceyyib	ttceyyiv	propagation	ceyyeb
ttceyyibemt	ttceyyivemt	propagation	ceyyeb
ttceyyiben	ttceyyiven	propagation	ceyyeb
ttceyyibent	ttceyyivent	propagation	ceyyeb
ttceyyibet	ttceyyivet	propagation	ceyyeb
ttceyyibeɣ	ttceyyiveɣ	propagation	ceyyeb
ttceɣɣib	ttceɣɣiv	liste	
ttcib	ttciv	propagation	cib
ttcibemt	ttcivemt	propagation	cib
ttciben	ttciven	propagation	cib
ttcibent	ttcivent	propagation	cib
ttcibet	ttcivet	propagation	cib
ttcibeɣ	ttciveɣ	propagation	cib
ttdebdib	ttdevdiv	propagation	ddebdeb
ttdebdibemt	ttdevdivemt	propagation	ddebdeb
ttdebdiben	ttdevdiven	propagation	ddebdeb
ttdebdibent	ttdevdivent	propagation	ddebdeb
ttdebdibet	ttdevdivet	propagation	ddebdeb
ttdebdibeɣ	ttdevdiveɣ	propagation	ddebdeb
ttdub	ttduv	propagation	dub
ttdubemt	ttduvemt	propagation	dub
ttduben	ttduven	propagation	dub
ttdubent	ttduvent	propagation	dub
ttdubet	ttduvet	propagation	dub
ttdubeɣ	ttduveɣ	propagation	dub
ttebcira	ttevcira	liste	
ttebdad	ttevdad	liste	
ttebdal	ttevdal	propagation	bdel
ttebdalemt	ttevdalemt	propagation	bdel
ttebdalen	ttevdalen	propagation	bdel
ttebdalent	ttevdalent	propagation	bdel
ttebdalet	ttevdalet	propagation	bdel
ttebdaleɣ	ttevdaleɣ	propagation	bdel
ttebdar	ttevdar	propagation	bder
ttebdaremt	ttevdaremt	propagation	bder
ttebdaren	ttevdaren	propagation	bder
ttebdarent	ttevdarent	propagation	bder
ttebdaret	ttevdaret	propagation	bder
ttebdareɣ	ttevdareɣ	propagation	bder
ttebder	ttevder	propagation	ttebder
ttebeddileɣ	tteveddileɣ	liste	
ttebgasen	ttevgasen	liste	
ttebhi	ttevhi	propagation	bhi
ttebhimt	ttevhimt	propagation	bhi
ttebhin	ttevhin	propagation	bhi
ttebhint	ttevhint	propagation	bhi
ttebhit	ttevhit	propagation	bhi
ttebhiɣ	ttevhiɣ	propagation	bhi
tteblaɛ	ttevlaɛ	propagation	bleɛ
tteblaɛemt	ttevlaɛemt	propagation	bleɛ
tteblaɛen	ttevlaɛen	propagation	bleɛ
tteblaɛent	ttevlaɛent	propagation	bleɛ
tteblaɛet	ttevlaɛet	propagation	bleɛ
tteblaɛeɣ	ttevlaɛeɣ	propagation	bleɛ
ttebrak	ttevrak	propagation	brek
ttebrakemt	ttevrakemt	propagation	brek
ttebraken	ttevraken	propagation	brek
ttebrakent	ttevrakent	propagation	brek
ttebraket	ttevraket	propagation	brek
ttebrakeɣ	ttevrakeɣ	propagation	brek
ttebraq	ttevraq	propagation	breq
ttebraqemt	ttevraqemt	propagation	breq
ttebraqen	ttevraqen	propagation	breq
ttebraqent	ttevraqent	propagation	breq
ttebraqet	ttevraqet	propagation	breq
ttebraqeɣ	ttevraqeɣ	propagation	breq
ttebray	ttevray	propagation	bri
ttebrayemt	ttevrayemt	propagation	bri
ttebrayen	ttevrayen	propagation	bri
ttebrayent	ttevrayent	propagation	bri
ttebrayet	ttevrayet	propagation	bri
ttebrayeɣ	ttevrayeɣ	propagation	bri
ttebraz	ttevraz	propagation	brez
ttebrazemt	ttevrazemt	propagation	brez
ttebrazen	ttevrazen	propagation	brez
ttebrazent	ttevrazent	propagation	brez
ttebrazet	ttevrazet	propagation	brez
ttebrazeɣ	ttevrazeɣ	propagation	brez
ttebririḥ	ttevririḥ	propagation	brireḥ
ttebririḥemt	ttevririḥemt	propagation	brireḥ
ttebririḥen	ttevririḥen	propagation	brireḥ
ttebririḥent	ttevririḥent	propagation	brireḥ
ttebririḥet	ttevririḥet	propagation	brireḥ
ttebririḥeɣ	ttevririḥeɣ	propagation	brireḥ
ttebriḥ	ttevriḥ	liste	
ttebruqul	ttevruqul	propagation	bruqel
ttebruqulemt	ttevruqulemt	propagation	bruqel
ttebruqulen	ttevruqulen	propagation	bruqel
ttebruqulent	ttevruqulent	propagation	bruqel
ttebruqulet	ttevruqulet	propagation	bruqel
ttebruquleɣ	ttevruquleɣ	propagation	bruqel
ttebruzzuɛ	ttevruzzuɛ	propagation	bruzzeɛ
ttebruzzuɛemt	ttevruzzuɛemt	propagation	bruzzeɛ
ttebruzzuɛen	ttevruzzuɛen	propagation	bruzzeɛ
ttebruzzuɛent	ttevruzzuɛent	propagation	bruzzeɛ
ttebruzzuɛet	ttevruzzuɛet	propagation	bruzzeɛ
ttebruzzuɛeɣ	ttevruzzuɛeɣ	propagation	bruzzeɛ
ttebɛad	ttevɛad	propagation	bɛed
ttebɛademt	ttevɛademt	propagation	bɛed
ttebɛaden	ttevɛaden	propagation	bɛed
ttebɛadent	ttevɛadent	propagation	bɛed
ttebɛadet	ttevɛadet	propagation	bɛed
ttebɛadeɣ	ttevɛadeɣ	propagation	bɛed
ttebɛat	ttevɛat	propagation	bɛet
ttebɛatemt	ttevɛatemt	propagation	bɛet
ttebɛaten	ttevɛaten	propagation	bɛet
ttebɛatent	ttevɛatent	propagation	bɛet
ttebɛatet	ttevɛatet	propagation	bɛet
ttebɛateɣ	ttevɛateɣ	propagation	bɛet
ttebɛem	ttevɛem	propagation	tbeɛ
ttebɛemt	ttevɛemt	propagation	tbeɛ
ttebɛeḍ	ttevɛeḍ	propagation	tbeɛ
ttebɛuẓẓul	ttevɛuẓẓul	liste	
ttebɛuẓẓulemt	ttevɛuẓẓulemt	propagation	bɛuẓẓel
ttebɛuẓẓulen	ttevɛuẓẓulen	propagation	bɛuẓẓel
ttebɛuẓẓulent	ttevɛuẓẓulent	propagation	bɛuẓẓel
ttebɛuẓẓulet	ttevɛuẓẓulet	propagation	bɛuẓẓel
ttebɛuẓẓuleɣ	ttevɛuẓẓuleɣ	propagation	bɛuẓẓel
ttebεeḍ	ttevεeḍ	liste	
ttebḥat	ttevḥat	propagation	bḥet
ttebḥatemt	ttevḥatemt	propagation	bḥet
ttebḥaten	ttevḥaten	propagation	bḥet
ttebḥatent	ttevḥatent	propagation	bḥet
ttebḥatet	ttevḥatet	propagation	bḥet
ttebḥateɣ	ttevḥateɣ	propagation	bḥet
ttebṭal	ttevṭal	propagation	bṭel
ttebṭalemt	ttevṭalemt	propagation	bṭel
ttebṭalen	ttevṭalen	propagation	bṭel
ttebṭalent	ttevṭalent	propagation	bṭel
ttebṭalet	ttevṭalet	propagation	bṭel
ttebṭaleɣ	ttevṭaleɣ	propagation	bṭel
ttecbaḥ	ttecvaḥ	propagation	cbeḥ
ttecbaḥemt	ttecvaḥemt	propagation	cbeḥ
ttecbaḥen	ttecvaḥen	propagation	cbeḥ
ttecbaḥent	ttecvaḥent	propagation	cbeḥ
ttecbaḥet	ttecvaḥet	propagation	cbeḥ
ttecbaḥeɣ	ttecvaḥeɣ	propagation	cbeḥ
ttedbaɣ	ttedvaɣ	propagation	dbeɣ
ttedbaɣemt	ttedvaɣemt	propagation	dbeɣ
ttedbaɣen	ttedvaɣen	propagation	dbeɣ
ttedbaɣent	ttedvaɣent	propagation	dbeɣ
ttedbaɣet	ttedvaɣet	propagation	dbeɣ
ttedbaɣeɣ	ttedvaɣeɣ	propagation	dbeɣ
ttedhab	ttedhav	propagation	dheb
ttedhabemt	ttedhavemt	propagation	dheb
ttedhaben	ttedhaven	propagation	dheb
ttedhabent	ttedhavent	propagation	dheb
ttedhabet	ttedhavet	propagation	dheb
ttedhabeɣ	ttedhaveɣ	propagation	dheb
ttednab	ttednav	propagation	dneb
ttednabemt	ttednavemt	propagation	dneb
ttednaben	ttednaven	propagation	dneb
ttednabent	ttednavent	propagation	dneb
ttednabet	ttednavet	propagation	dneb
ttednabeɣ	ttednaveɣ	propagation	dneb
ttegririb	ttegririv	propagation	grireb
ttegriribemt	ttegririvemt	propagation	grireb
ttegririben	ttegririven	propagation	grireb
ttegriribent	ttegririvent	propagation	grireb
ttegriribet	ttegririvet	propagation	grireb
ttegriribeɣ	ttegririveɣ	propagation	grireb
ttehbaj	ttehvaj	propagation	hbej
ttehbajemt	ttehvajemt	propagation	hbej
ttehbajen	ttehvajen	propagation	hbej
ttehbajent	ttehvajent	propagation	hbej
ttehbajet	ttehvajet	propagation	hbej
ttehbajeɣ	ttehvajeɣ	propagation	hbej
ttejbad	ttejvad	propagation	jbed
ttejbademt	ttejvademt	propagation	jbed
ttejbaden	ttejvaden	propagation	jbed
ttejbadent	ttejvadent	propagation	jbed
ttejbadet	ttejvadet	propagation	jbed
ttejbadeɣ	ttejvadeɣ	propagation	jbed
ttekbal	ttekval	propagation	kbel
ttekbalemt	ttekvalemt	propagation	kbel
ttekbalen	ttekvalen	propagation	kbel
ttekbalent	ttekvalent	propagation	kbel
ttekbalet	ttekvalet	propagation	kbel
ttekbaleɣ	ttekvaleɣ	propagation	kbel
ttekbar	ttekvar	propagation	kber
ttekbaremt	ttekvaremt	propagation	kber
ttekbaren	ttekvaren	propagation	kber
ttekbarent	ttekvarent	propagation	kber
ttekbaret	ttekvaret	propagation	kber
ttekbareɣ	ttekvareɣ	propagation	kber
tteksab	tteksav	propagation	kseb
tteksabemt	tteksavemt	propagation	kseb
tteksaben	tteksaven	propagation	kseb
tteksabent	tteksavent	propagation	kseb
tteksabet	tteksavet	propagation	kseb
tteksabeɣ	tteksaveɣ	propagation	kseb
ttelbubuɣ	ttelvuvuɣ	propagation	lbubeɣ
ttelbubuɣemt	ttelvuvuɣemt	propagation	lbubeɣ
ttelbubuɣen	ttelvuvuɣen	propagation	lbubeɣ
ttelbubuɣent	ttelvuvuɣent	propagation	lbubeɣ
ttelbubuɣet	ttelvuvuɣet	propagation	lbubeɣ
ttelbubuɣeɣ	ttelvuvuɣeɣ	propagation	lbubeɣ
ttelɛab	ttelɛav	propagation	lɛeb
ttelɛabemt	ttelɛavemt	propagation	lɛeb
ttelɛaben	ttelɛaven	liste	
ttelɛabent	ttelɛavent	liste	
ttelɛabet	ttelɛavet	propagation	lɛeb
ttelɛabeɣ	ttelɛaveɣ	propagation	lɛeb
ttembaddal	ttemvaddal	propagation	mbaddal
ttembaddalemt	ttemvaddalemt	propagation	mbaddal
ttembaddalen	ttemvaddalen	propagation	mbaddal
ttembaddalent	ttemvaddalent	propagation	mbaddal
ttembaddalet	ttemvaddalet	liste	
ttembaddaleɣ	ttemvaddaleɣ	propagation	mbaddal
ttembaraken	ttemvaraken	liste	
ttembernenniḍeɣ	ttemvernenniḍeɣ	liste	
ttemberraz	ttemverraz	propagation	mberraz
ttemberrazemt	ttemverrazemt	propagation	mberraz
ttemberrazen	ttemverrazen	propagation	mberraz
ttemberrazent	ttemverrazent	propagation	mberraz
ttemberrazet	ttemverrazet	propagation	mberraz
ttemberrazeɣ	ttemverrazeɣ	propagation	mberraz
ttemcabahent	ttemcavahent	liste	
ttemcabi	ttemcavi	propagation	mcabi
ttemcabimt	ttemcavimt	propagation	mcabi
ttemcabin	ttemcavin	liste	
ttemcabint	ttemcavint	liste	
ttemcabit	ttemcavit	propagation	mcabi
ttemcabiɣ	ttemcaviɣ	liste	
ttemcebruruqen	ttemcevruruqen	liste	
ttemjellab	ttemjellav	propagation	mjellab
ttemjellabemt	ttemjellavemt	propagation	mjellab
ttemjellaben	ttemjellaven	propagation	mjellab
ttemjellabent	ttemjellavent	propagation	mjellab
ttemjellabet	ttemjellavet	propagation	mjellab
ttemjellabeɣ	ttemjellaveɣ	propagation	mjellab
ttemnasab	ttemnasav	propagation	mnasab
ttemnasabemt	ttemnasavemt	propagation	mnasab
ttemnasaben	ttemnasaven	propagation	mnasab
ttemnasabent	ttemnasavent	propagation	mnasab
ttemnasabet	ttemnasavet	propagation	mnasab
ttemnasabeɣ	ttemnasaveɣ	propagation	mnasab
ttemnubun	ttemnuvun	liste	
ttemqabal	ttemqaval	propagation	mqabal
ttemqabalemt	ttemqavalemt	propagation	mqabal
ttemqabalen	ttemqavalen	propagation	mqabal
ttemqabalent	ttemqavalent	propagation	mqabal
ttemqabalet	ttemqavalet	propagation	mqabal
ttemqabaleɣ	ttemqavaleɣ	liste	
ttemqarab	ttemqarav	propagation	mqarab
ttemqarabemt	ttemqaravemt	propagation	mqarab
ttemqaraben	ttemqaraven	propagation	mqarab
ttemqarabent	ttemqaravent	propagation	mqarab
ttemqarabet	ttemqaravet	propagation	mqarab
ttemqarabeɣ	ttemqaraveɣ	propagation	mqarab
ttemseblaɛ	ttemsevlaɛ	propagation	mseblaɛ
ttemseblaɛemt	ttemsevlaɛemt	propagation	mseblaɛ
ttemseblaɛen	ttemsevlaɛen	liste	
ttemseblaɛent	ttemsevlaɛent	propagation	mseblaɛ
ttemseblaɛet	ttemsevlaɛet	propagation	mseblaɛ
ttemseblaɛeɣ	ttemsevlaɛeɣ	propagation	mseblaɛ
ttemseblu	ttemsevlu	propagation	mseblu
ttemseblumt	ttemsevlumt	propagation	mseblu
ttemseblun	ttemsevlun	propagation	mseblu
ttemseblunt	ttemsevlunt	propagation	mseblu
ttemseblut	ttemsevlut	propagation	mseblu
ttemsebluɣ	ttemsevluɣ	propagation	mseblu
ttemsebru	ttemsevru	propagation	msebru
ttemsebrumt	ttemsevrumt	propagation	msebru
ttemsebrun	ttemsevrun	propagation	msebru
ttemsebrunt	ttemsevrunt	propagation	msebru
ttemsebrut	ttemsevrut	propagation	msebru
ttemsebruɣ	ttemsevruɣ	propagation	msebru
ttemsebɣu	ttemsevɣu	propagation	msebɣu
ttemsebɣumt	ttemsevɣumt	propagation	msebɣu
ttemsebɣun	ttemsevɣun	propagation	msebɣu
ttemsebɣunt	ttemsevɣunt	propagation	msebɣu
ttemsebɣut	ttemsevɣut	propagation	msebɣu
ttemsebɣuɣ	ttemsevɣuɣ	propagation	msebɣu
ttemsebḍay	ttemsevḍay	propagation	msebḍu
ttemsebḍayemt	ttemsevḍayemt	propagation	msebḍu
ttemsebḍayen	ttemsevḍayen	propagation	msebḍu
ttemsebḍayent	ttemsevḍayent	propagation	msebḍu
ttemsebḍayet	ttemsevḍayet	propagation	msebḍu
ttemsebḍayeɣ	ttemsevḍayeɣ	propagation	msebḍu
ttemsetbaɛ	ttemsetvaɛ	propagation	msetbaɛ
ttemsetbaɛemt	ttemsetvaɛemt	propagation	msetbaɛ
ttemsetbaɛen	ttemsetvaɛen	propagation	msetbaɛ
ttemsetbaɛent	ttemsetvaɛent	liste	
ttemsetbaɛet	ttemsetvaɛet	propagation	msetbaɛ
ttemsetbaɛeɣ	ttemsetvaɛeɣ	propagation	msetbaɛ
ttemyebru	ttemyevru	propagation	myebru
ttemyebrumt	ttemyevrumt	propagation	myebru
ttemyebrun	ttemyevrun	propagation	myebru
ttemyebrunt	ttemyevrunt	propagation	myebru
ttemyebrut	ttemyevrut	propagation	myebru
ttemyebruɣ	ttemyevruɣ	propagation	myebru
ttemyecbak	ttemyecvak	propagation	myecbak
ttemyecbakemt	ttemyecvakemt	propagation	myecbak
ttemyecbaken	ttemyecvaken	propagation	myecbak
ttemyecbakent	ttemyecvakent	propagation	myecbak
ttemyecbaket	ttemyecvaket	propagation	myecbak
ttemyecbakeɣ	ttemyecvakeɣ	propagation	myecbak
ttemyektab	ttemyektav	propagation	myektab
ttemyektabemt	ttemyektavemt	propagation	myektab
ttemyektaben	ttemyektaven	liste	
ttemyektabent	ttemyektavent	propagation	myektab
ttemyektabet	ttemyektavet	propagation	myektab
ttemyektabeɣ	ttemyektaveɣ	propagation	myektab
ttemyenbac	ttemyenvac	propagation	myenbac
ttemyenbacemt	ttemyenvacemt	propagation	myenbac
ttemyenbacen	ttemyenvacen	liste	
ttemyenbacent	ttemyenvacent	liste	
ttemyenbacet	ttemyenvacet	propagation	myenbac
ttemyenbaceɣ	ttemyenvaceɣ	propagation	myenbac
ttemḥabab	ttemḥavav	propagation	mḥabab
ttemḥababemt	ttemḥavavemt	propagation	mḥabab
ttemḥababen	ttemḥavaven	liste	
ttemḥababent	ttemḥavavent	liste	
ttemḥababet	ttemḥavavet	propagation	mḥabab
ttemḥababeɣ	ttemḥavaveɣ	liste	
ttemḥaraben	ttemḥaraven	liste	
ttemḥarabent	ttemḥaravent	liste	
ttemḥasab	ttemḥasav	propagation	mḥasab
ttemḥasabemt	ttemḥasavemt	propagation	mḥasab
ttemḥasaben	ttemḥasaven	liste	
ttemḥasabent	ttemḥasavent	liste	
ttemḥasabet	ttemḥasavet	propagation	mḥasab
ttemḥasabeɣ	ttemḥasaveɣ	propagation	mḥasab
ttemḥelbabara	ttemḥelvavara	liste	
ttenbar	ttenvar	propagation	nber
ttenbaremt	ttenvaremt	propagation	nber
ttenbaren	ttenvaren	propagation	nber
ttenbarent	ttenvarent	propagation	nber
ttenbaret	ttenvaret	propagation	nber
ttenbareɣ	ttenvareɣ	propagation	nber
ttenqab	ttenqav	propagation	nqeb
ttenqabemt	ttenqavemt	propagation	nqeb
ttenqaben	ttenqaven	propagation	nqeb
ttenqabent	ttenqavent	propagation	nqeb
ttenqabet	ttenqavet	propagation	nqeb
ttenqabeɣ	ttenqaveɣ	propagation	nqeb
ttenɛettab	ttenɛettav	propagation	nɛettab
ttenɛettabemt	ttenɛettavemt	propagation	nɛettab
ttenɛettaben	ttenɛettaven	propagation	nɛettab
ttenɛettabent	ttenɛettavent	propagation	nɛettab
ttenɛettabet	ttenɛettavet	propagation	nɛettab
ttenɛettabeɣ	ttenɛettaveɣ	propagation	nɛettab
tteqlab	tteqlav	propagation	qleb
tteqlabemt	tteqlavemt	propagation	qleb
tteqlaben	tteqlaven	propagation	qleb
tteqlabent	tteqlavent	propagation	qleb
tteqlabet	tteqlavet	propagation	qleb
tteqlabeɣ	tteqlaveɣ	propagation	qleb
tteqrab	tteqrav	propagation	qreb
tteqrabemt	tteqravemt	propagation	qreb
tteqraben	tteqraven	propagation	qreb
tteqrabent	tteqravent	propagation	qreb
tteqrabet	tteqravet	propagation	qreb
tteqrabeɣ	tteqraveɣ	propagation	qreb
tterbaḥ	ttervaḥ	propagation	rbeḥ
tterbaḥemt	ttervaḥemt	propagation	rbeḥ
tterbaḥen	ttervaḥen	propagation	rbeḥ
tterbaḥent	ttervaḥent	propagation	rbeḥ
tterbaḥet	ttervaḥet	propagation	rbeḥ
tterbaḥeɣ	ttervaḥeɣ	propagation	rbeḥ
tterḍab	tterḍav	propagation	rḍeb
tterḍabemt	tterḍavemt	propagation	rḍeb
tterḍaben	tterḍaven	propagation	rḍeb
tterḍabent	tterḍavent	propagation	rḍeb
tterḍabet	tterḍavet	propagation	rḍeb
tterḍabeɣ	tterḍaveɣ	propagation	rḍeb
ttettbinemt	ttettvinemt	liste	
ttettwabna	ttettwavna	liste	
ttexbac	ttexvac	propagation	xbec
ttexbacemt	ttexvacemt	propagation	xbec
ttexbacen	ttexvacen	propagation	xbec
ttexbacent	ttexvacent	propagation	xbec
ttexbacet	ttexvacet	propagation	xbec
ttexbaceɣ	ttexvaceɣ	propagation	xbec
ttexbibiḍ	ttexviviḍ	propagation	xbibeḍ
ttexbibiḍemt	ttexviviḍemt	propagation	xbibeḍ
ttexbibiḍen	ttexviviḍen	propagation	xbibeḍ
ttexbibiḍent	ttexviviḍent	propagation	xbibeḍ
ttexbibiḍet	ttexviviḍet	propagation	xbibeḍ
ttexbibiḍeɣ	ttexviviḍeɣ	propagation	xbibeḍ
ttexḍab	ttexḍav	propagation	xḍeb
ttexḍabemt	ttexḍavemt	propagation	xḍeb
ttexḍaben	ttexḍaven	propagation	xḍeb
ttexḍabent	ttexḍavent	propagation	xḍeb
ttexḍabet	ttexḍavet	propagation	xḍeb
ttexḍabeɣ	ttexḍaveɣ	propagation	xḍeb
ttezɣab	ttezɣav	propagation	zɣeb
ttezɣabemt	ttezɣavemt	propagation	zɣeb
ttezɣaben	ttezɣaven	propagation	zɣeb
ttezɣabent	ttezɣavent	propagation	zɣeb
ttezɣabet	ttezɣavet	propagation	zɣeb
ttezɣabeɣ	ttezɣaveɣ	propagation	zɣeb
tteɛǧab	tteɛǧav	propagation	ɛǧeb
tteɛǧabemt	tteɛǧavemt	propagation	ɛǧeb
tteɛǧaben	tteɛǧaven	liste	
tteɛǧabent	tteɛǧavent	propagation	ɛǧeb
tteɛǧabet	tteɛǧavet	propagation	ɛǧeb
tteɛǧabeɣ	tteɛǧaveɣ	propagation	ɛǧeb
tteɣlab	tteɣlav	propagation	ɣleb
tteɣlabemt	tteɣlavemt	propagation	ɣleb
tteɣlaben	tteɣlaven	propagation	ɣleb
tteɣlabent	tteɣlavent	propagation	ɣleb
tteɣlabet	tteɣlavet	propagation	ɣleb
tteɣlabeɣ	tteɣlaveɣ	propagation	ɣleb
tteεǧaben	tteεǧaven	liste	
tteεǧabent	tteεǧavent	liste	
tteḍlab	tteḍlav	propagation	ḍleb
tteḍlabemt	tteḍlavemt	propagation	ḍleb
tteḍlaben	tteḍlaven	propagation	ḍleb
tteḍlabent	tteḍlavent	propagation	ḍleb
tteḍlabet	tteḍlavet	propagation	ḍleb
tteḍlabeɣ	tteḍlaveɣ	propagation	ḍleb
tteḥbas	tteḥvas	propagation	ḥbes
tteḥbasemt	tteḥvasemt	propagation	ḥbes
tteḥbasen	tteḥvasen	propagation	ḥbes
tteḥbasent	tteḥvasent	propagation	ḥbes
tteḥbaset	tteḥvaset	propagation	ḥbes
tteḥbaseɣ	tteḥvaseɣ	propagation	ḥbes
tteḥsab	tteḥsav	propagation	ḥseb
tteḥsabemt	tteḥsavemt	propagation	ḥseb
tteḥsaben	tteḥsaven	propagation	ḥseb
tteḥsabent	tteḥsavent	propagation	ḥseb
tteḥsabet	tteḥsavet	propagation	ḥseb
tteḥsabeɣ	tteḥsaveɣ	propagation	ḥseb
tteṣbar	tteṣvar	propagation	ṣber
tteṣbaremt	tteṣvaremt	propagation	ṣber
tteṣbaren	tteṣvaren	propagation	ṣber
tteṣbarent	tteṣvarent	propagation	ṣber
tteṣbaret	tteṣvaret	propagation	ṣber
tteṣbareɣ	tteṣvareɣ	propagation	ṣber
tthabi	tthavi	propagation	habi
tthabimt	tthavimt	propagation	habi
tthabin	tthavin	propagation	habi
tthabint	tthavint	propagation	habi
tthabit	tthavit	propagation	habi
tthabiɣ	tthaviɣ	propagation	habi
ttibnin	ttivnin	propagation	ibnin
ttibninemt	ttivninemt	propagation	ibnin
ttibninen	ttivninen	propagation	ibnin
ttibninent	ttivninent	propagation	ibnin
ttibninet	ttivninet	propagation	ibnin
ttibnineɣ	ttivnineɣ	propagation	ibnin
ttibrik	ttivrik	propagation	ibrik
ttibrikemt	ttivrikemt	propagation	ibrik
ttibriken	ttivriken	propagation	ibrik
ttibrikent	ttivrikent	propagation	ibrik
ttibriket	ttivriket	propagation	ibrik
ttibrikeɣ	ttivrikeɣ	propagation	ibrik
ttibɛid	ttivɛid	propagation	ibɛid
ttibɛidemt	ttivɛidemt	propagation	ibɛid
ttibɛiden	ttivɛiden	propagation	ibɛid
ttibɛident	ttivɛident	propagation	ibɛid
ttibɛidet	ttivɛidet	propagation	ibɛid
ttibɛideɣ	ttivɛideɣ	propagation	ibɛid
ttilibizyu	ttilivizyu	liste	
ttiqbiḥ	ttiqviḥ	liste	
ttiqrib	ttiqriv	propagation	iqrib
ttiqribemt	ttiqrivemt	propagation	iqrib
ttiqriben	ttiqriven	propagation	iqrib
ttiqribent	ttiqrivent	propagation	iqrib
ttiqribet	ttiqrivet	propagation	iqrib
ttiqribeɣ	ttiqriveɣ	propagation	iqrib
ttiεǧiben	ttiεǧiven	liste	
ttjabay	ttjavay	propagation	jab
ttjabayemt	ttjavayemt	propagation	jab
ttjabayen	ttjavayen	propagation	jab
ttjabayent	ttjavayent	propagation	jab
ttjabayet	ttjavayet	propagation	jab
ttjabayeɣ	ttjavayeɣ	propagation	jab
ttjanab	ttjanav	propagation	janeb
ttjanabemt	ttjanavemt	propagation	janeb
ttjanaben	ttjanaven	propagation	janeb
ttjanabent	ttjanavent	propagation	janeb
ttjanabet	ttjanavet	propagation	janeb
ttjanabeɣ	ttjanaveɣ	propagation	janeb
ttjawab	ttjawav	propagation	jaweb
ttjawabemt	ttjawavemt	propagation	jaweb
ttjawaben	ttjawaven	propagation	jaweb
ttjawabent	ttjawavent	propagation	jaweb
ttjawabet	ttjawavet	propagation	jaweb
ttjawabeɣ	ttjawaveɣ	propagation	jaweb
ttjebbid	ttjevvid	propagation	jebbed
ttjebbidemt	ttjevvidemt	propagation	jebbed
ttjebbiden	ttjevviden	propagation	jebbed
ttjebbident	ttjevvident	propagation	jebbed
ttjebbidet	ttjevvidet	propagation	jebbed
ttjebbideɣ	ttjevvideɣ	propagation	jebbed
ttjellibent	ttjellivent	liste	
ttjellibeɣ	ttjelliveɣ	liste	
ttjerrib	ttjerriv	propagation	jerreb
ttjerribemt	ttjerrivemt	propagation	jerreb
ttjerriben	ttjerriven	propagation	jerreb
ttjerribent	ttjerrivent	propagation	jerreb
ttjerribet	ttjerrivet	propagation	jerreb
ttjerribeɣ	ttjerriveɣ	propagation	jerreb
ttjeṛṛiben	ttjeṛṛiven	liste	
ttlaqab	ttlaqav	propagation	laqeb
ttlaqabemt	ttlaqavemt	propagation	laqeb
ttlaqaben	ttlaqaven	liste	
ttlaqabent	ttlaqavent	liste	
ttlaqabet	ttlaqavet	propagation	laqeb
ttlaqabeɣ	ttlaqaveɣ	liste	
ttmecberriq	ttmecverriq	propagation	mmecberreq
ttmecberriqemt	ttmecverriqemt	propagation	mmecberreq
ttmecberriqen	ttmecverriqen	propagation	mmecberreq
ttmecberriqent	ttmecverriqent	propagation	mmecberreq
ttmecberriqet	ttmecverriqet	propagation	mmecberreq
ttmecberriqeɣ	ttmecverriqeɣ	propagation	mmecberreq
ttmesbelqasent	ttmesvelqasent	liste	
ttmuɣbun	ttmuɣvun	propagation	mmuɣben
ttmuɣbunemt	ttmuɣvunemt	propagation	mmuɣben
ttmuɣbunen	ttmuɣvunen	propagation	mmuɣben
ttmuɣbunent	ttmuɣvunent	propagation	mmuɣben
ttmuɣbunet	ttmuɣvunet	propagation	mmuɣben
ttmuɣbuneɣ	ttmuɣvuneɣ	propagation	mmuɣben
ttnabi	ttnavi	propagation	nabi
ttnabimt	ttnavimt	propagation	nabi
ttnabin	ttnavin	propagation	nabi
ttnabint	ttnavint	propagation	nabi
ttnabit	ttnavit	propagation	nabi
ttnabiɣ	ttnaviɣ	propagation	nabi
ttnasab	ttnasav	propagation	naseb
ttnasabemt	ttnasavemt	propagation	naseb
ttnasaben	ttnasaven	liste	
ttnasabent	ttnasavent	propagation	naseb
ttnasabet	ttnasavet	propagation	naseb
ttnasabeɣ	ttnasaveɣ	propagation	naseb
ttnebdaren	ttnevdaren	liste	
ttnejbad	ttnejvad	propagation	nnejbad
ttnejbademt	ttnejvademt	propagation	nnejbad
ttnejbaden	ttnejvaden	propagation	nnejbad
ttnejbadent	ttnejvadent	propagation	nnejbad
ttnejbadet	ttnejvadet	propagation	nnejbad
ttnejbadeɣ	ttnejvadeɣ	propagation	nnejbad
ttnejban	ttnejvan	liste	
ttneqlab	ttneqlav	liste	
ttneqlabemt	ttneqlavemt	propagation	nneqlab
ttneqlaben	ttneqlaven	liste	
ttneqlabent	ttneqlavent	propagation	nneqlab
ttneqlabet	ttneqlavet	propagation	nneqlab
ttneqlabeɣ	ttneqlaveɣ	liste	
ttneɛtaben	ttneɛtaven	liste	
ttneɛtabent	ttneɛtavent	liste	
ttneḥsab	ttneḥsav	liste	
ttneḥsabemt	ttneḥsavemt	propagation	nneḥsab
ttneḥsaben	ttneḥsaven	propagation	nneḥsab
ttneḥsabent	ttneḥsavent	propagation	nneḥsab
ttneḥsabet	ttneḥsavet	propagation	nneḥsab
ttneḥsabeɣ	ttneḥsaveɣ	liste	
ttqabal	ttqaval	propagation	qabel
ttqabalemt	ttqavalemt	propagation	qabel
ttqabalen	ttqavalen	liste	
ttqabalent	ttqavalent	propagation	qabel
ttqabalet	ttqavalet	propagation	qabel
ttqabaleɣ	ttqavaleɣ	liste	
ttqabaḥ	ttqavaḥ	liste	
ttqabaḥemt	ttqavaḥemt	liste	
ttqabaḥen	ttqavaḥen	propagation	qabeḥ
ttqabaḥent	ttqavaḥent	propagation	qabeḥ
ttqabaḥet	ttqavaḥet	liste	
ttqabaḥeɣ	ttqavaḥeɣ	liste	
ttqebbil	ttqevvil	propagation	qebbel
ttqebbilemt	ttqevvilemt	propagation	qebbel
ttqebbilen	ttqevvilen	propagation	qebbel
ttqebbilent	ttqevvilent	propagation	qebbel
ttqebbilet	ttqevvilet	propagation	qebbel
ttqebbileɣ	ttqevvileɣ	propagation	qebbel
ttqebqib	ttqevqiv	propagation	qqebqeb
ttqebqibemt	ttqevqivemt	propagation	qqebqeb
ttqebqiben	ttqevqiven	propagation	qqebqeb
ttqebqibent	ttqevqivent	propagation	qqebqeb
ttqebqibet	ttqevqivet	propagation	qqebqeb
ttqebqibeɣ	ttqevqiveɣ	propagation	qqebqeb
ttqellib	ttqelliv	propagation	qelleb
ttqellibemt	ttqellivemt	propagation	qelleb
ttqelliben	ttqelliven	liste	
ttqellibent	ttqellivent	liste	
ttqellibet	ttqellivet	propagation	qelleb
ttqellibeɣ	ttqelliveɣ	liste	
ttqerrib	ttqerriv	liste	
ttqerribem	ttqerrivem	liste	
ttqerribemt	ttqerrivemt	liste	
ttqerriben	ttqerriven	liste	
ttqerribent	ttqerrivent	liste	
ttqerribet	ttqerrivet	liste	
ttqerribeɣ	ttqerriveɣ	liste	
ttqezzib	ttqezziv	propagation	qezzeb
ttqezzibemt	ttqezzivemt	propagation	qezzeb
ttqezziben	ttqezziven	liste	
ttqezzibent	ttqezzivent	propagation	qezzeb
ttqezzibet	ttqezzivet	propagation	qezzeb
ttqezzibeɣ	ttqezziveɣ	liste	
ttqeṛṛib	ttqeṛṛiv	liste	
ttqeṛṛibemt	ttqeṛṛivemt	liste	
ttqeṛṛibet	ttqeṛṛivet	liste	
ttrab	ttrav	propagation	rab
ttrabaεen	ttravaεen	liste	
ttrabemt	ttravemt	propagation	rab
ttraben	ttraven	propagation	rab
ttrabent	ttravent	propagation	rab
ttrabet	ttravet	propagation	rab
ttrabeɣ	ttraveɣ	propagation	rab
ttrebga	ttrevga	liste	
ttrebḥeem	ttrevḥeem	liste	
ttrebḥem	ttrevḥem	liste	
ttrekkib	ttrekkiv	propagation	rekkeb
ttrekkibemt	ttrekkivemt	propagation	rekkeb
ttrekkiben	ttrekkiven	propagation	rekkeb
ttrekkibent	ttrekkivent	propagation	rekkeb
ttrekkibet	ttrekkivet	propagation	rekkeb
ttrekkibeɣ	ttrekkiveɣ	propagation	rekkeb
ttṛebga	ttṛevga	liste	
ttsab	ttsav	propagation	sab
ttsabemt	ttsavemt	propagation	sab
ttsaben	ttsaven	propagation	sab
ttsabent	ttsavent	propagation	sab
ttsabet	ttsavet	propagation	sab
ttsabeɣ	ttsaveɣ	propagation	sab
ttsib	ttsiv	propagation	sib
ttsibemt	ttsivemt	propagation	sib
ttsiben	ttsiven	propagation	sib
ttsibent	ttsivent	propagation	sib
ttsibet	ttsivet	propagation	sib
ttsibeɣ	ttsiveɣ	propagation	sib
ttub	ttuv	propagation	tub
ttuba	ttuva	liste	
ttubarak	ttuvarak	propagation	ttubarek
ttubarakemt	ttuvarakemt	propagation	ttubarek
ttubaraken	ttuvaraken	propagation	ttubarek
ttubarakent	ttuvarakent	propagation	ttubarek
ttubaraket	ttuvaraket	propagation	ttubarek
ttubarakeɣ	ttuvarakeɣ	propagation	ttubarek
ttubarek	ttuvarek	propagation	ttubarek
ttubarkemt	ttuvarkemt	propagation	ttubarek
ttubarken	ttuvarken	liste	
ttubarkent	ttuvarkent	propagation	ttubarek
ttubarket	ttuvarket	propagation	ttubarek
ttubarkeɣ	ttuvarkeɣ	liste	
ttubeddal	ttuveddal	propagation	ttubeddel
ttubeddalemt	ttuveddalemt	propagation	ttubeddel
ttubeddalen	ttuveddalen	propagation	ttubeddel
ttubeddalent	ttuveddalent	propagation	ttubeddel
ttubeddalet	ttuveddalet	propagation	ttubeddel
ttubeddaleɣ	ttuveddaleɣ	propagation	ttubeddel
ttubeddel	ttuveddel	propagation	ttubeddel
ttubeddlemt	ttuveddlemt	propagation	ttubeddel
ttubeddlen	ttuveddlen	propagation	ttubeddel
ttubeddlent	ttuveddlent	propagation	ttubeddel
ttubeddlet	ttuveddlet	propagation	ttubeddel
ttubeddleɣ	ttuveddleɣ	propagation	ttubeddel
ttubem	ttuvem	propagation	tub
ttubemt	ttuvemt	propagation	tub
ttuben	ttuven	propagation	tub
ttubent	ttuvent	propagation	tub
ttubet	ttuvet	propagation	tub
ttubeɛ	ttuveɛ	propagation	tabeɛ
ttubeɣ	ttuveɣ	propagation	tub
ttubeḍ	ttuveḍ	propagation	tub
ttubɛem	ttuvɛem	propagation	tabeɛ
ttubɛemt	ttuvɛemt	propagation	tabeɛ
ttubɛeḍ	ttuvɛeḍ	propagation	tabeɛ
ttuneḥsab	ttuneḥsav	propagation	ttuneḥseb
ttuneḥsabemt	ttuneḥsavemt	propagation	ttuneḥseb
ttuneḥsaben	ttuneḥsaven	propagation	ttuneḥseb
ttuneḥsabent	ttuneḥsavent	propagation	ttuneḥseb
ttuneḥsabet	ttuneḥsavet	propagation	ttuneḥseb
ttuneḥsabeɣ	ttuneḥsaveɣ	liste	
ttuneḥseb	ttuneḥsev	propagation	ttuneḥseb
ttunḥesbemt	ttunḥesvemt	propagation	ttuneḥseb
ttunḥesben	ttunḥesven	propagation	ttuneḥseb
ttunḥesbent	ttunḥesvent	propagation	ttuneḥseb
ttunḥesbet	ttunḥesvet	propagation	ttuneḥseb
ttunḥesbeɣ	ttunḥesveɣ	propagation	ttuneḥseb
ttusbaɣ	ttusvaɣ	propagation	ttusbeɣ
ttusbaɣemt	ttusvaɣemt	propagation	ttusbeɣ
ttusbaɣen	ttusvaɣen	propagation	ttusbeɣ
ttusbaɣent	ttusvaɣent	propagation	ttusbeɣ
ttusbaɣet	ttusvaɣet	propagation	ttusbeɣ
ttusbaɣeɣ	ttusvaɣeɣ	propagation	ttusbeɣ
ttusbeɣ	ttusveɣ	propagation	ttusbeɣ
ttusebɣemt	ttusevɣemt	propagation	ttusbeɣ
ttusebɣen	ttusevɣen	propagation	ttusbeɣ
ttusebɣent	ttusevɣent	propagation	ttusbeɣ
ttusebɣet	ttusevɣet	propagation	ttusbeɣ
ttusebɣeɣ	ttusevɣeɣ	propagation	ttusbeɣ
ttuɛaqab	ttuɛaqav	propagation	ttuɛaqeb
ttuɛaqabemt	ttuɛaqavemt	propagation	ttuɛaqeb
ttuɛaqaben	ttuɛaqaven	propagation	ttuɛaqeb
ttuɛaqabent	ttuɛaqavent	propagation	ttuɛaqeb
ttuɛaqabet	ttuɛaqavet	propagation	ttuɛaqeb
ttuɛaqabeɣ	ttuɛaqaveɣ	propagation	ttuɛaqeb
ttuɛaqbemt	ttuɛaqvemt	propagation	ttuɛaqeb
ttuɛaqben	ttuɛaqven	liste	
ttuɛaqbent	ttuɛaqvent	propagation	ttuɛaqeb
ttuɛaqbet	ttuɛaqvet	propagation	ttuɛaqeb
ttuɛaqbeɣ	ttuɛaqveɣ	liste	
ttuɛaqeb	ttuɛaqev	propagation	ttuɛaqeb
ttuεaqbent	ttuεaqvent	liste	
ttuḥasab	ttuḥasav	propagation	ttuḥaseb
ttuḥasabemt	ttuḥasavemt	propagation	ttuḥaseb
ttuḥasaben	ttuḥasaven	propagation	ttuḥaseb
ttuḥasabent	ttuḥasavent	propagation	ttuḥaseb
ttuḥasabet	ttuḥasavet	propagation	ttuḥaseb
ttuḥasabeɣ	ttuḥasaveɣ	propagation	ttuḥaseb
ttuḥasbemt	ttuḥasvemt	propagation	ttuḥaseb
ttuḥasben	ttuḥasven	liste	
ttuḥasbent	ttuḥasvent	propagation	ttuḥaseb
ttuḥasbet	ttuḥasvet	propagation	ttuḥaseb
ttuḥasbeɣ	ttuḥasveɣ	propagation	ttuḥaseb
ttuḥaseb	ttuḥasev	propagation	ttuḥaseb
ttwab	ttwav	liste	
ttwabdar	ttwavdar	propagation	ttwabder
ttwabdaremt	ttwavdaremt	propagation	ttwabder
ttwabdaren	ttwavdaren	liste	
ttwabdarent	ttwavdarent	liste	
ttwabdaret	ttwavdaret	propagation	ttwabder
ttwabdareɣ	ttwavdareɣ	liste	
ttwabder	ttwavder	propagation	ttwabder
ttwabeddalen	ttwaveddalen	liste	
ttwabeddel	ttwaveddel	propagation	ttwibeddel
ttwabeddlemt	ttwaveddlemt	propagation	ttwibeddel
ttwabeddlen	ttwaveddlen	liste	
ttwabeddlent	ttwaveddlent	liste	
ttwabeddlet	ttwaveddlet	propagation	ttwibeddel
ttwabeddleɣ	ttwaveddleɣ	propagation	ttwibeddel
ttwabedremt	ttwavedremt	propagation	ttwabder
ttwabedren	ttwavedren	propagation	ttwabder
ttwabedrent	ttwavedrent	propagation	ttwabder
ttwabedret	ttwavedret	propagation	ttwabder
ttwabedreɣ	ttwavedreɣ	propagation	ttwabder
ttwabeṭlemt	ttwaveṭlemt	propagation	ttwabṭel
ttwabeṭlen	ttwaveṭlen	propagation	ttwibṭel
ttwabeṭlent	ttwaveṭlent	propagation	ttwibṭel
ttwabeṭlet	ttwaveṭlet	propagation	ttwabṭel
ttwabeṭleɣ	ttwaveṭleɣ	propagation	ttwibṭel
ttwabnan	ttwavnan	liste	
ttwabḍan	ttwavḍan	liste	
ttwabḍant	ttwavḍant	propagation	ttwabḍu
ttwabḍay	ttwavḍay	propagation	ttwabḍu
ttwabḍayemt	ttwavḍayemt	propagation	ttwabḍu
ttwabḍayen	ttwavḍayen	propagation	ttwabḍu
ttwabḍayent	ttwavḍayent	propagation	ttwabḍu
ttwabḍayet	ttwavḍayet	propagation	ttwabḍu
ttwabḍayeɣ	ttwavḍayeɣ	propagation	ttwabḍu
ttwabḍaɣ	ttwavḍaɣ	propagation	ttwabḍu
ttwabḍu	ttwavḍu	propagation	ttwabḍu
ttwabḍumt	ttwavḍumt	propagation	ttwabḍu
ttwabḍun	ttwavḍun	propagation	ttwabḍu
ttwabḍunt	ttwavḍunt	propagation	ttwabḍu
ttwabḍut	ttwavḍut	propagation	ttwabḍu
ttwabḍuɣ	ttwavḍuɣ	propagation	ttwabḍu
ttwabṭal	ttwavṭal	propagation	ttwabṭel
ttwabṭalemt	ttwavṭalemt	propagation	ttwabṭel
ttwabṭalen	ttwavṭalen	propagation	ttwabṭel
ttwabṭalent	ttwavṭalent	propagation	ttwabṭel
ttwabṭalet	ttwavṭalet	propagation	ttwabṭel
ttwabṭaleɣ	ttwavṭaleɣ	propagation	ttwabṭel
ttwabṭel	ttwavṭel	propagation	ttwabṭel
ttwabẓen	ttwavẓen	liste	
ttwabẓent	ttwavẓent	liste	
ttwajbad	ttwajvad	propagation	ttwijbed
ttwajbademt	ttwajvademt	propagation	ttwijbed
ttwajbaden	ttwajvaden	propagation	ttwijbed
ttwajbadent	ttwajvadent	propagation	ttwijbed
ttwajbadet	ttwajvadet	propagation	ttwijbed
ttwajbadeɣ	ttwajvadeɣ	propagation	ttwijbed
ttwajebden	ttwajevden	liste	
ttwajebdent	ttwajevdent	propagation	ttwijbed
ttwajebdeɣ	ttwajevdeɣ	propagation	ttwijbed
ttwaketben	ttwaketven	propagation	ttwikteb
ttwaketbent	ttwaketvent	propagation	ttwikteb
ttwaketbeɣ	ttwaketveɣ	propagation	ttwikteb
ttwaktab	ttwaktav	propagation	ttwikteb
ttwaktabemt	ttwaktavemt	propagation	ttwikteb
ttwaktaben	ttwaktaven	propagation	ttwikteb
ttwaktabent	ttwaktavent	propagation	ttwikteb
ttwaktabet	ttwaktavet	propagation	ttwikteb
ttwaktabeɣ	ttwaktaveɣ	propagation	ttwikteb
ttwamber	ttwamver	liste	
ttwanubgaɣ	ttwanuvgaɣ	liste	
ttwaqbal	ttwaqval	propagation	ttwaqbel
ttwaqbalemt	ttwaqvalemt	propagation	ttwaqbel
ttwaqbalen	ttwaqvalen	propagation	ttwaqbel
ttwaqbalent	ttwaqvalent	liste	
ttwaqbalet	ttwaqvalet	propagation	ttwaqbel
ttwaqbaleɣ	ttwaqvaleɣ	propagation	ttwaqbel
ttwaqbel	ttwaqvel	propagation	ttwaqbel
ttwaqeblemt	ttwaqevlemt	propagation	ttwaqbel
ttwaqeblen	ttwaqevlen	liste	
ttwaqeblent	ttwaqevlent	liste	
ttwaqeblet	ttwaqevlet	propagation	ttwaqbel
ttwaqebleɣ	ttwaqevleɣ	liste	
ttwarab	ttwarav	propagation	wareb
ttwarabemt	ttwaravemt	propagation	wareb
ttwaraben	ttwaraven	propagation	wareb
ttwarabent	ttwaravent	propagation	wareb
ttwarabet	ttwaravet	propagation	wareb
ttwarabeɣ	ttwaraveɣ	propagation	wareb
ttwasbaɣ	ttwasvaɣ	propagation	ttwisbeɣ
ttwasbaɣemt	ttwasvaɣemt	propagation	ttwisbeɣ
ttwasbaɣen	ttwasvaɣen	propagation	ttwisbeɣ
ttwasbaɣent	ttwasvaɣent	propagation	ttwisbeɣ
ttwasbaɣet	ttwasvaɣet	propagation	ttwisbeɣ
ttwasbaɣeɣ	ttwasvaɣeɣ	propagation	ttwisbeɣ
ttwasebɣen	ttwasevɣen	propagation	ttwisbeɣ
ttwasebɣent	ttwasevɣent	propagation	ttwisbeɣ
ttwasebɣeɣ	ttwasevɣeɣ	propagation	ttwisbeɣ
ttwaxeyyben	ttwaxeyyven	liste	
ttwaxeyybeɣ	ttwaxeyyveɣ	liste	
ttwaxeḍben	ttwaxeḍven	propagation	ttwixḍeb
ttwaxeḍbent	ttwaxeḍvent	liste	
ttwaxeḍbeɣ	ttwaxeḍveɣ	liste	
ttwaxḍab	ttwaxḍav	propagation	ttwixḍeb
ttwaxḍabemt	ttwaxḍavemt	propagation	ttwixḍeb
ttwaxḍaben	ttwaxḍaven	propagation	ttwixḍeb
ttwaxḍabent	ttwaxḍavent	propagation	ttwixḍeb
ttwaxḍabet	ttwaxḍavet	propagation	ttwixḍeb
ttwaxḍabeɣ	ttwaxḍaveɣ	propagation	ttwixḍeb
ttwaɛaqben	ttwaɛaqven	liste	
ttwaɛebdent	ttwaɛevdent	liste	
ttwaɛettaben	ttwaɛettaven	liste	
ttwaɛettabent	ttwaɛettavent	liste	
ttwaɛettabeɣ	ttwaɛettaveɣ	liste	
ttwaɛettben	ttwaɛettven	liste	
ttwaɛettbent	ttwaɛettvent	liste	
ttwaɛettbeɣ	ttwaɛettveɣ	liste	
ttwaɣban	ttwaɣvan	propagation	ttwaɣbu
ttwaɣbant	ttwaɣvant	propagation	ttwaɣbu
ttwaɣbay	ttwaɣvay	propagation	ttwaɣbu
ttwaɣbayemt	ttwaɣvayemt	propagation	ttwaɣbu
ttwaɣbayen	ttwaɣvayen	propagation	ttwaɣbu
ttwaɣbayent	ttwaɣvayent	propagation	ttwaɣbu
ttwaɣbayet	ttwaɣvayet	propagation	ttwaɣbu
ttwaɣbayeɣ	ttwaɣvayeɣ	propagation	ttwaɣbu
ttwaɣbaɣ	ttwaɣvaɣ	propagation	ttwaɣbu
ttwaɣbu	ttwaɣvu	propagation	ttwaɣbu
ttwaɣbumt	ttwaɣvumt	propagation	ttwaɣbu
ttwaɣbun	ttwaɣvun	propagation	ttwaɣbu
ttwaɣbunt	ttwaɣvunt	propagation	ttwaɣbu
ttwaɣbut	ttwaɣvut	propagation	ttwaɣbu
ttwaɣbuɣ	ttwaɣvuɣ	propagation	ttwaɣbu
ttwaɣelbemt	ttwaɣelvemt	propagation	ttwaɣleb
ttwaɣelben	ttwaɣelven	liste	
ttwaɣelbent	ttwaɣelvent	propagation	ttwaɣleb
ttwaɣelbet	ttwaɣelvet	propagation	ttwaɣleb
ttwaɣelbeɣ	ttwaɣelveɣ	propagation	ttwaɣleb
ttwaɣlab	ttwaɣlav	propagation	ttwaɣleb
ttwaɣlabemt	ttwaɣlavemt	propagation	ttwaɣleb
ttwaɣlaben	ttwaɣlaven	propagation	ttwaɣleb
ttwaɣlabent	ttwaɣlavent	propagation	ttwaɣleb
ttwaɣlabet	ttwaɣlavet	propagation	ttwaɣleb
ttwaɣlabeɣ	ttwaɣlaveɣ	propagation	ttwaɣleb
ttwaɣleb	ttwaɣlev	propagation	ttwaɣleb
ttwaḥbas	ttwaḥvas	propagation	ttwiḥbes
ttwaḥbasemt	ttwaḥvasemt	propagation	ttwiḥbes
ttwaḥbasen	ttwaḥvasen	propagation	ttwiḥbes
ttwaḥbasent	ttwaḥvasent	propagation	ttwiḥbes
ttwaḥbaset	ttwaḥvaset	propagation	ttwiḥbes
ttwaḥbaseɣ	ttwaḥvaseɣ	propagation	ttwiḥbes
ttwaḥebsen	ttwaḥevsen	propagation	ttwiḥbes
ttwaḥebsent	ttwaḥevsent	liste	
ttwaḥebseɣ	ttwaḥevseɣ	liste	
ttwaḥesben	ttwaḥesven	liste	
ttwaḥesbent	ttwaḥesvent	liste	
ttwaḥesbeɣ	ttwaḥesveɣ	propagation	ttwiḥseb
ttwaḥsab	ttwaḥsav	propagation	ttwiḥseb
ttwaḥsabemt	ttwaḥsavemt	propagation	ttwiḥseb
ttwaḥsaben	ttwaḥsaven	liste	
ttwaḥsabent	ttwaḥsavent	propagation	ttwiḥseb
ttwaḥsabet	ttwaḥsavet	propagation	ttwiḥseb
ttwaḥsabeɣ	ttwaḥsaveɣ	propagation	ttwiḥseb
ttwaṣebren	ttwaṣevren	liste	
ttweddib	ttweddiv	propagation	weddeb
ttweddibemt	ttweddivemt	propagation	weddeb
ttweddiben	ttweddiven	propagation	weddeb
ttweddibent	ttweddivent	liste	
ttweddibet	ttweddivet	propagation	weddeb
ttweddibeɣ	ttweddiveɣ	propagation	weddeb
ttwibeddel	ttwiveddel	propagation	ttwibeddel
ttwibeddlemt	ttwiveddlemt	propagation	ttwibeddel
ttwibeddlen	ttwiveddlen	propagation	ttwibeddel
ttwibeddlent	ttwiveddlent	propagation	ttwibeddel
ttwibeddlet	ttwiveddlet	propagation	ttwibeddel
ttwibeddleɣ	ttwiveddleɣ	propagation	ttwibeddel
ttwibeṭlemt	ttwiveṭlemt	propagation	ttwibṭel
ttwibeṭlen	ttwiveṭlen	propagation	ttwibṭel
ttwibeṭlent	ttwiveṭlent	propagation	ttwibṭel
ttwibeṭlet	ttwiveṭlet	propagation	ttwibṭel
ttwibeṭleɣ	ttwiveṭleɣ	propagation	ttwibṭel
ttwibṭel	ttwivṭel	propagation	ttwibṭel
ttwibṭil	ttwivṭil	propagation	ttwibṭel
ttwibṭilemt	ttwivṭilemt	propagation	ttwibṭel
ttwibṭilen	ttwivṭilen	propagation	ttwibṭel
ttwibṭilent	ttwivṭilent	propagation	ttwibṭel
ttwibṭilet	ttwivṭilet	propagation	ttwibṭel
ttwibṭileɣ	ttwivṭileɣ	propagation	ttwibṭel
ttwijbed	ttwijved	propagation	ttwijbed
ttwijebdemt	ttwijevdemt	propagation	ttwijbed
ttwijebden	ttwijevden	propagation	ttwijbed
ttwijebdent	ttwijevdent	propagation	ttwijbed
ttwijebdet	ttwijevdet	propagation	ttwijbed
ttwijebdeɣ	ttwijevdeɣ	propagation	ttwijbed
ttwiketbemt	ttwiketvemt	propagation	ttwikteb
ttwiketben	ttwiketven	propagation	ttwikteb
ttwiketbent	ttwiketvent	propagation	ttwikteb
ttwiketbet	ttwiketvet	propagation	ttwikteb
ttwiketbeɣ	ttwiketveɣ	propagation	ttwikteb
ttwikteb	ttwiktev	propagation	ttwikteb
ttwisbeɣ	ttwisveɣ	propagation	ttwisbeɣ
ttwisebɣemt	ttwisevɣemt	propagation	ttwisbeɣ
ttwisebɣen	ttwisevɣen	propagation	ttwisbeɣ
ttwisebɣent	ttwisevɣent	propagation	ttwisbeɣ
ttwisebɣet	ttwisevɣet	propagation	ttwisbeɣ
ttwisebɣeɣ	ttwisevɣeɣ	propagation	ttwisbeɣ
ttwixeḍbemt	ttwixeḍvemt	propagation	ttwixḍeb
ttwixeḍben	ttwixeḍven	propagation	ttwixḍeb
ttwixeḍbent	ttwixeḍvent	propagation	ttwixḍeb
ttwixeḍbet	ttwixeḍvet	propagation	ttwixḍeb
ttwixeḍbeɣ	ttwixeḍveɣ	propagation	ttwixḍeb
ttwixḍeb	ttwixḍev	propagation	ttwixḍeb
ttwiḥbes	ttwiḥves	propagation	ttwiḥbes
ttwiḥebsemt	ttwiḥevsemt	propagation	ttwiḥbes
ttwiḥebsen	ttwiḥevsen	propagation	ttwiḥbes
ttwiḥebsent	ttwiḥevsent	propagation	ttwiḥbes
ttwiḥebset	ttwiḥevset	propagation	ttwiḥbes
ttwiḥebseɣ	ttwiḥevseɣ	propagation	ttwiḥbes
ttwiḥesbemt	ttwiḥesvemt	propagation	ttwiḥseb
ttwiḥesben	ttwiḥesven	propagation	ttwiḥseb
ttwiḥesbent	ttwiḥesvent	propagation	ttwiḥseb
ttwiḥesbet	ttwiḥesvet	propagation	ttwiḥseb
ttwiḥesbeɣ	ttwiḥesveɣ	propagation	ttwiḥseb
ttwiḥseb	ttwiḥsev	propagation	ttwiḥseb
ttxab	ttxav	propagation	xab
ttxabemt	ttxavemt	propagation	xab
ttxaben	ttxaven	propagation	xab
ttxabent	ttxavent	propagation	xab
ttxabet	ttxavet	propagation	xab
ttxabeɣ	ttxaveɣ	propagation	xab
ttxeyyib	ttxeyyiv	liste	
ttxeyyibeɣ	ttxeyyiveɣ	liste	
ttzubuteɣ	ttzuvuteɣ	liste	
ttǧellib	ttǧelliv	propagation	ǧelleb
ttǧellibemt	ttǧellivemt	propagation	ǧelleb
ttǧelliben	ttǧelliven	propagation	ǧelleb
ttǧellibent	ttǧellivent	liste	
ttǧellibet	ttǧellivet	propagation	ǧelleb
ttǧellibeɣ	ttǧelliveɣ	propagation	ǧelleb
ttɛaqab	ttɛaqav	liste	
ttɛaqabemt	ttɛaqavemt	liste	
ttɛaqaben	ttɛaqaven	liste	
ttɛaqabent	ttɛaqavent	liste	
ttɛaqabet	ttɛaqavet	liste	
ttɛaqabeɣ	ttɛaqaveɣ	liste	
ttɛebbid	ttɛevvid	propagation	ɛebbed
ttɛebbidemt	ttɛevvidemt	propagation	ɛebbed
ttɛebbiden	ttɛevviden	propagation	ɛebbed
ttɛebbident	ttɛevvident	propagation	ɛebbed
ttɛebbidet	ttɛevvidet	propagation	ɛebbed
ttɛebbideɣ	ttɛevvideɣ	propagation	ɛebbed
ttɛebga	ttɛevga	liste	
ttɛebgga	ttɛevgga	liste	
ttɛeggib	ttɛeggiv	propagation	ɛeggeb
ttɛeggibemt	ttɛeggivemt	propagation	ɛeggeb
ttɛeggiben	ttɛeggiven	propagation	ɛeggeb
ttɛeggibent	ttɛeggivent	propagation	ɛeggeb
ttɛeggibet	ttɛeggivet	propagation	ɛeggeb
ttɛeggibeɣ	ttɛeggiveɣ	propagation	ɛeggeb
ttɛettib	ttɛettiv	propagation	ɛetteb
ttɛettibemt	ttɛettivemt	propagation	ɛetteb
ttɛettiben	ttɛettiven	liste	
ttɛettibent	ttɛettivent	liste	
ttɛettibet	ttɛettivet	propagation	ɛetteb
ttɛettibeɣ	ttɛettiveɣ	liste	
ttɛeyyib	ttɛeyyiv	propagation	ɛeyyeb
ttɛeyyibemt	ttɛeyyivemt	propagation	ɛeyyeb
ttɛeyyiben	ttɛeyyiven	propagation	ɛeyyeb
ttɛeyyibent	ttɛeyyivent	propagation	ɛeyyeb
ttɛeyyibet	ttɛeyyivet	propagation	ɛeyyeb
ttɛeyyibeɣ	ttɛeyyiveɣ	liste	
ttɛib	ttɛiv	propagation	ɛib
ttɛibemt	ttɛivemt	propagation	ɛib
ttɛiben	ttɛiven	propagation	ɛib
ttɛibent	ttɛivent	propagation	ɛib
ttɛibet	ttɛivet	propagation	ɛib
ttɛibeɣ	ttɛiveɣ	propagation	ɛib
ttɣab	ttɣav	propagation	ɣab
ttɣabemt	ttɣavemt	propagation	ɣab
ttɣaben	ttɣaven	liste	
ttɣabent	ttɣavent	propagation	ɣab
ttɣabet	ttɣavet	propagation	ɣab
ttɣabeɣ	ttɣaveɣ	liste	
ttɣib	ttɣiv	propagation	ɣib
ttɣibemt	ttɣivemt	propagation	ɣib
ttɣiben	ttɣiven	propagation	ɣib
ttɣibent	ttɣivent	propagation	ɣib
ttɣibet	ttɣivet	propagation	ɣib
ttɣibeɣ	ttɣiveɣ	propagation	ɣib
ttεebga	ttεevga	liste	
ttḥarab	ttḥarav	propagation	ḥareb
ttḥarabemt	ttḥaravemt	propagation	ḥareb
ttḥaraben	ttḥaraven	liste	
ttḥarabent	ttḥaravent	liste	
ttḥarabet	ttḥaravet	propagation	ḥareb
ttḥarabeɣ	ttḥaraveɣ	liste	
ttḥasab	ttḥasav	propagation	ḥaseb
ttḥasabemt	ttḥasavemt	propagation	ḥaseb
ttḥasaben	ttḥasaven	propagation	ḥaseb
ttḥasabent	ttḥasavent	propagation	ḥaseb
ttḥasabet	ttḥasavet	liste	
ttḥasabeɣ	ttḥasaveɣ	liste	
ttḥaṛab	ttḥaṛav	liste	
ttḥebbis	ttḥevvis	propagation	ḥebbes
ttḥebbisemt	ttḥevvisemt	propagation	ḥebbes
ttḥebbisen	ttḥevvisen	propagation	ḥebbes
ttḥebbisent	ttḥevvisent	propagation	ḥebbes
ttḥebbiset	ttḥevviset	propagation	ḥebbes
ttḥebbiseɣ	ttḥevviseɣ	propagation	ḥebbes
ttḥezzib	ttḥezziv	liste	
ttḥezzibemt	ttḥezzivemt	propagation	ḥezzeb
ttḥezziben	ttḥezziven	propagation	ḥezzeb
ttḥezzibent	ttḥezzivent	propagation	ḥezzeb
ttḥezzibet	ttḥezzivet	propagation	ḥezzeb
ttḥezzibeɣ	ttḥezziveɣ	liste	
ttṛekkibent	ttṛekkivent	liste	
ttṛekkibeɣ	ttṛekkiveɣ	liste	
ttṣaba	ttṣava	propagation	ṣab
ttṣabamt	ttṣavamt	propagation	ṣab
ttṣaban	ttṣavan	propagation	ṣab
ttṣabant	ttṣavant	propagation	ṣab
ttṣabat	ttṣavat	propagation	ṣab
ttṣabaɣ	ttṣavaɣ	propagation	ṣab
ttṣabent	ttṣavent	liste	
ttṣellib	ttṣelliv	propagation	ṣelleb
ttṣellibemt	ttṣellivemt	propagation	ṣelleb
ttṣelliben	ttṣelliven	propagation	ṣelleb
ttṣellibent	ttṣellivent	propagation	ṣelleb
ttṣellibet	ttṣellivet	propagation	ṣelleb
ttṣellibeɣ	ttṣelliveɣ	propagation	ṣelleb
ttṣewwib	ttṣewwiv	propagation	ṣewweb
ttṣewwibemt	ttṣewwivemt	propagation	ṣewweb
ttṣewwiben	ttṣewwiven	propagation	ṣewweb
ttṣewwibent	ttṣewwivent	propagation	ṣewweb
ttṣewwibet	ttṣewwivet	propagation	ṣewweb
ttṣewwibeɣ	ttṣewwiveɣ	propagation	ṣewweb
ttṣiben	ttṣiven	liste	
ttṣubu	ttṣuvu	liste	
ttẓerrib	ttẓerriv	propagation	ẓerreb
ttẓerribemt	ttẓerrivemt	propagation	ẓerreb
ttẓerriben	ttẓerriven	propagation	ẓerreb
ttẓerribent	ttẓerrivent	propagation	ẓerreb
ttẓerribet	ttẓerrivet	propagation	ẓerreb
ttẓerribeɣ	ttẓerriveɣ	liste	
tub	tuv	propagation	tub
tubdilt	tuvdilt	liste	
tubemt	tuvemt	propagation	tub
tuben	tuven	propagation	tub
tubent	tuvent	propagation	tub
tuber	tuver	liste	
tubet	tuvet	propagation	tub
tubeɣ	tuveɣ	propagation	tub
tubeṛ	tuveṛ	liste	
tubiret	tuviret	liste	
tubirett	tuvirett	liste	
tubrast	tuvrast	liste	
tubrest	tuvrest	liste	
tubxiṣin	tuvxiṣin	liste	
tubxiṣt	tuvxiṣt	liste	
tubɛen	tuvɛen	propagation	tabeɛ
tubɛent	tuvɛent	propagation	tabeɛ
tubɛeɣ	tuvɛeɣ	propagation	tabeɛ
tucbiḥin	tucviḥin	liste	
tucbiḥt	tucviḥt	liste	
tulebnin	tulevnin	liste	
tunṣibin	tunṣivin	liste	
tunṣibt	tunṣivt	liste	
tuqbiḥt	tuqviḥt	liste	
tuqribin	tuqrivin	liste	
tuqribt	tuqrivt	liste	
turbiḥt	turviḥt	liste	
turenbis	turenvis	liste	
twarbem	twarvem	propagation	wareb
twarbemt	twarvemt	propagation	wareb
twarbeḍ	twarveḍ	propagation	wareb
twareb	twarev	propagation	wareb
tweddbem	tweddvem	propagation	weddeb
tweddbemt	tweddvemt	propagation	weddeb
tweddbeḍ	tweddveḍ	liste	
tweddeb	tweddev	propagation	weddeb
tweǧbem	tweǧvem	propagation	wǧeb
tweǧbemt	tweǧvemt	propagation	wǧeb
tweǧbeḍ	tweǧveḍ	propagation	wǧeb
tweǧǧbem	tweǧǧvem	propagation	wǧeb
tweǧǧbemt	tweǧǧvemt	propagation	wǧeb
tweǧǧbeḍ	tweǧǧveḍ	propagation	wǧeb
tweǧǧeb	tweǧǧev	propagation	wǧeb
twurbem	twurvem	propagation	wareb
twurbemt	twurvemt	propagation	wareb
twurbeḍ	twurveḍ	propagation	wareb
twureb	twurev	propagation	wareb
txab	txav	liste	
txabbazin	txavvazin	liste	
txabem	txavem	propagation	xab
txabemt	txavemt	propagation	xab
txabeḍ	txaveḍ	propagation	xab
txazabiyin	txazaviyin	liste	
txebcem	txevcem	liste	
txebcemt	txevcemt	liste	
txebceḍ	txevceḍ	liste	
txeber	txever	liste	
txebred	txevred	liste	
txebrem	txevrem	liste	
txebreḍ	txevreḍ	liste	
txerbem	txervem	propagation	xreb
txerbemt	txervemt	propagation	xreb
txerbeḍ	txerveḍ	propagation	xreb
txerrbem	txerrvem	propagation	xreb
txerrbemt	txerrvemt	propagation	xreb
txerrbeḍ	txerrveḍ	propagation	xreb
txerreb	txerrev	propagation	xreb
txeyybem	txeyyvem	liste	
txeyybemt	txeyyvemt	liste	
txeyybeḍ	txeyyveḍ	liste	
txeyyeb	txeyyev	liste	
txeḍbem	txeḍvem	liste	
txeḍbemt	txeḍvemt	liste	
txeḍbeḍ	txeḍveḍ	liste	
txeṛṛubt	txeṛṛuvt	liste	
txeṭṭbem	txeṭṭvem	liste	
txeṭṭbemt	txeṭṭvemt	liste	
txeṭṭbeḍ	txeṭṭveḍ	liste	
txeṭṭeb	txeṭṭev	liste	
tzebbel	tzevvel	propagation	zbel
tzebblem	tzevvlem	propagation	zbel
tzebblemt	tzevvlemt	propagation	zbel
tzebbleḍ	tzevvleḍ	propagation	zbel
tzeblem	tzevlem	propagation	zbel
tzeblemt	tzevlemt	propagation	zbel
tzebleḍ	tzevleḍ	propagation	zbel
tzerbem	tzervem	liste	
tzerbemt	tzervemt	propagation	zreb
tzerbeḍ	tzerveḍ	liste	
tzerrbem	tzerrvem	propagation	zreb
tzerrbemt	tzerrvemt	propagation	zreb
tzerrbeḍ	tzerrveḍ	liste	
tzerreb	tzerrev	liste	
tzeɣbem	tzeɣvem	propagation	zɣeb
tzeɣbemt	tzeɣvemt	propagation	zɣeb
tzeɣbeḍ	tzeɣveḍ	propagation	zɣeb
tzeɣɣbeɣ	tzeɣɣveɣ	liste	
tǧellbem	tǧellvem	propagation	ǧelleb
tǧellbemt	tǧellvemt	propagation	ǧelleb
tǧellbeḍ	tǧellveḍ	propagation	ǧelleb
tǧelleb	tǧellev	propagation	ǧelleb
tɛab	tɛav	propagation	ɛib
tɛabem	tɛavem	propagation	ɛib
tɛabemt	tɛavemt	propagation	ɛib
tɛabeḍ	tɛaveḍ	propagation	ɛib
tɛaqbem	tɛaqvem	propagation	ɛaqeb
tɛaqbemt	tɛaqvemt	propagation	ɛaqeb
tɛaqbeḍ	tɛaqveḍ	liste	
tɛaqeb	tɛaqev	propagation	ɛaqeb
tɛebbdem	tɛevvdem	propagation	ɛebbed
tɛebbdemt	tɛevvdemt	propagation	ɛebbed
tɛebbdeḍ	tɛevvdeḍ	propagation	ɛebbed
tɛebbed	tɛevved	liste	
tɛebbu	tɛevvu	propagation	ɛbu
tɛebbum	tɛevvum	propagation	ɛbu
tɛebbumt	tɛevvumt	propagation	ɛbu
tɛebbuḍ	tɛevvuḍ	propagation	ɛbu
tɛebded	tɛevded	liste	
tɛebdem	tɛevdem	liste	
tɛebdemt	tɛevdemt	liste	
tɛebdeḍ	tɛevdeḍ	liste	
tɛebrit	tɛevrit	liste	
tɛeggbem	tɛeggvem	propagation	ɛeggeb
tɛeggbemt	tɛeggvemt	propagation	ɛeggeb
tɛeggbeḍ	tɛeggveḍ	liste	
tɛeggeb	tɛeggev	propagation	ɛeggeb
tɛejbem	tɛejvem	liste	
tɛejbemt	tɛejvemt	liste	
tɛejbeḍ	tɛejveḍ	liste	
tɛejjbeɣ	tɛejjveɣ	liste	
tɛerbem	tɛervem	liste	
tɛerqubt	tɛerquvt	liste	
tɛetbem	tɛetvem	propagation	ɛteb
tɛetbemt	tɛetvemt	propagation	ɛteb
tɛetbeḍ	tɛetveḍ	propagation	ɛteb
tɛettbed	tɛettved	liste	
tɛettbem	tɛettvem	liste	
tɛettbemt	tɛettvemt	liste	
tɛettbeḍ	tɛettveḍ	liste	
tɛetteb	tɛettev	liste	
tɛeyybem	tɛeyyvem	propagation	ɛeyyeb
tɛeyybemt	tɛeyyvemt	propagation	ɛeyyeb
tɛeyybeḍ	tɛeyyveḍ	propagation	ɛeyyeb
tɛeyyeb	tɛeyyev	propagation	ɛeyyeb
tɛeǧbem	tɛeǧvem	propagation	ɛǧeb
tɛeǧbemt	tɛeǧvemt	propagation	ɛǧeb
tɛeǧbeḍ	tɛeǧveḍ	liste	
tɛeǧǧbemt	tɛeǧǧvemt	propagation	tɛeǧǧeb
tɛeǧǧben	tɛeǧǧven	propagation	tɛeǧǧeb
tɛeǧǧbent	tɛeǧǧvent	propagation	tɛeǧǧeb
tɛeǧǧbet	tɛeǧǧvet	propagation	tɛeǧǧeb
tɛeǧǧbeɣ	tɛeǧǧveɣ	propagation	tɛeǧǧeb
tɛeǧǧeb	tɛeǧǧev	liste	
tɛeǧǧib	tɛeǧǧiv	propagation	tɛeǧǧeb
tɛeǧǧibemt	tɛeǧǧivemt	propagation	tɛeǧǧeb
tɛeǧǧiben	tɛeǧǧiven	propagation	tɛeǧǧeb
tɛeǧǧibent	tɛeǧǧivent	propagation	tɛeǧǧeb
tɛeǧǧibet	tɛeǧǧivet	propagation	tɛeǧǧeb
tɛeǧǧibeɣ	tɛeǧǧiveɣ	propagation	tɛeǧǧeb
tɛib	tɛiv	propagation	ɛib
tɛibem	tɛivem	propagation	ɛib
tɛibemt	tɛivemt	propagation	ɛib
tɛibeḍ	tɛiveḍ	propagation	ɛib
tɛuqbem	tɛuqvem	propagation	ɛaqeb
tɛuqbemt	tɛuqvemt	propagation	ɛaqeb
tɛuqbeḍ	tɛuqveḍ	propagation	ɛaqeb
tɛuqeb	tɛuqev	propagation	ɛaqeb
tɛǧib	tɛǧiv	liste	
tɣab	tɣav	liste	
tɣabed	tɣaved	liste	
tɣabem	tɣavem	liste	
tɣabemt	tɣavemt	liste	
tɣabeḍ	tɣaveḍ	liste	
tɣebbu	tɣevvu	propagation	ɣbu
tɣebbum	tɣevvum	propagation	ɣbu
tɣebbumt	tɣevvumt	propagation	ɣbu
tɣebbuḍ	tɣevvuḍ	propagation	ɣbu
tɣelbem	tɣelvem	liste	
tɣelbemt	tɣelvemt	liste	
tɣelbeḍ	tɣelveḍ	liste	
tɣesbeḍ	tɣesveḍ	liste	
tɣettbem	tɣettvem	liste	
tɣettbemt	tɣettvemt	liste	
tɣettbeḍ	tɣettveḍ	liste	
tɣeṛṛbent	tɣeṛṛvent	liste	
tɣeṛṛeb	tɣeṛṛev	liste	
tɣeṣbed	tɣeṣved	liste	
tɣeṣbem	tɣeṣvem	liste	
tɣeṣbemt	tɣeṣvemt	liste	
tɣeṣbeḍ	tɣeṣveḍ	liste	
tɣeṣṣbem	tɣeṣṣvem	propagation	ɣṣeb
tɣeṣṣbemt	tɣeṣṣvemt	liste	
tɣeṣṣbeḍ	tɣeṣṣveḍ	liste	
tɣeṣṣeb	tɣeṣṣev	liste	
tɣib	tɣiv	propagation	ɣib
tɣibem	tɣivem	propagation	ɣib
tɣibemt	tɣivemt	propagation	ɣib
tɣibeḍ	tɣiveḍ	propagation	ɣib
tεetbeḍ	tεetveḍ	liste	
tεeǧbeḍ	tεeǧveḍ	liste	
tḍalbem	tḍalvem	propagation	ḍaleb
tḍalbemt	tḍalvemt	propagation	ḍaleb
tḍalbeḍ	tḍalveḍ	propagation	ḍaleb
tḍaleb	tḍalev	propagation	ḍaleb
tḍbreḍ	tḍvreḍ	liste	
tḍeber	tḍever	liste	
tḍebred	tḍevred	liste	
tḍebrem	tḍevrem	liste	
tḍebremt	tḍevremt	liste	
tḍebreḍ	tḍevreḍ	liste	
tḍebsit	tḍevsit	liste	
tḍebsiyin	tḍevsiyin	liste	
tḍebɛem	tḍevɛem	propagation	ḍbeɛ
tḍebɛemt	tḍevɛemt	propagation	ḍbeɛ
tḍebɛeḍ	tḍevɛeḍ	propagation	ḍbeɛ
tḍelbem	tḍelvem	liste	
tḍelbemt	tḍelvemt	propagation	ḍleb
tḍelbeḍ	tḍelveḍ	liste	
tḍulbem	tḍulvem	propagation	ḍaleb
tḍulbemt	tḍulvemt	propagation	ḍaleb
tḍulbeḍ	tḍulveḍ	propagation	ḍaleb
tḍuleb	tḍulev	propagation	ḍaleb
tḥarbem	tḥarvem	liste	
tḥarbemt	tḥarvemt	propagation	ḥareb
tḥarbeḍ	tḥarveḍ	propagation	ḥareb
tḥareb	tḥarev	propagation	ḥareb
tḥasbem	tḥasvem	propagation	ḥaseb
tḥasbemt	tḥasvemt	propagation	ḥaseb
tḥasbeḍ	tḥasveḍ	liste	
tḥaseb	tḥasev	propagation	ḥaseb
tḥebbes	tḥevves	propagation	ḥebbes
tḥebbsem	tḥevvsem	propagation	ḥebbes
tḥebbsemt	tḥevvsemt	propagation	ḥebbes
tḥebbseḍ	tḥevvseḍ	propagation	ḥebbes
tḥebreḍ	tḥevreḍ	liste	
tḥebsed	tḥevsed	liste	
tḥebsem	tḥevsem	liste	
tḥebsemt	tḥevsemt	liste	
tḥebseɣ	tḥevseɣ	liste	
tḥebseḍ	tḥevseḍ	liste	
tḥejbem	tḥejvem	liste	
tḥejbemt	tḥejvemt	liste	
tḥejbeḍ	tḥejveḍ	liste	
tḥesbed	tḥesved	liste	
tḥesbem	tḥesvem	liste	
tḥesbemt	tḥesvemt	liste	
tḥesbeḍ	tḥesveḍ	liste	
tḥessbemt	tḥessvemt	liste	
tḥessbeḍ	tḥessveḍ	liste	
tḥesseb	tḥessev	liste	
tḥettbem	tḥettvem	liste	
tḥettbemt	tḥettvemt	liste	
tḥettbeḍ	tḥettveḍ	liste	
tḥezzbem	tḥezzvem	propagation	ḥezzeb
tḥezzbemt	tḥezzvemt	propagation	ḥezzeb
tḥezzbeḍ	tḥezzveḍ	liste	
tḥezzeb	tḥezzev	propagation	ḥezzeb
tḥeǧbem	tḥeǧvem	propagation	ḥǧeb
tḥeǧbemt	tḥeǧvemt	propagation	ḥǧeb
tḥeǧbeḍ	tḥeǧveḍ	propagation	ḥǧeb
tḥeǧǧbem	tḥeǧǧvem	propagation	ḥǧeb
tḥeǧǧbemt	tḥeǧǧvemt	propagation	ḥǧeb
tḥeǧǧbeḍ	tḥeǧǧveḍ	propagation	ḥǧeb
tḥeǧǧeb	tḥeǧǧev	propagation	ḥǧeb
tḥurbem	tḥurvem	propagation	ḥareb
tḥurbemt	tḥurvemt	propagation	ḥareb
tḥurbeḍ	tḥurveḍ	propagation	ḥareb
tḥureb	tḥurev	propagation	ḥareb
tḥusbem	tḥusvem	propagation	ḥaseb
tḥusbemt	tḥusvemt	propagation	ḥaseb
tḥusbeḍ	tḥusveḍ	propagation	ḥaseb
tḥuseb	tḥusev	propagation	ḥaseb
tṣab	tṣav	propagation	ṣab
tṣabem	tṣavem	propagation	ṣab
tṣabemt	tṣavemt	propagation	ṣab
tṣabeḍ	tṣaveḍ	propagation	ṣab
tṣebbeḥ	tṣevveḥ	propagation	ṣbeḥ
tṣebbḥem	tṣevvḥem	propagation	ṣbeḥ
tṣebbḥemt	tṣevvḥemt	propagation	ṣbeḥ
tṣebbḥeḍ	tṣevvḥeḍ	propagation	ṣbeḥ
tṣeber	tṣever	liste	
tṣebred	tṣevred	liste	
tṣebrem	tṣevrem	liste	
tṣebremt	tṣevremt	liste	
tṣebreḍ	tṣevreḍ	liste	
tṣebḥem	tṣevḥem	propagation	ṣbeḥ
tṣebḥemt	tṣevḥemt	propagation	ṣbeḥ
tṣebḥeḍ	tṣevḥeḍ	liste	
tṣebḥit	tṣevḥit	liste	
tṣelbem	tṣelvem	propagation	ṣleb
tṣelbemt	tṣelvemt	propagation	ṣleb
tṣelbeḍ	tṣelveḍ	propagation	ṣleb
tṣellbem	tṣellvem	propagation	ṣelleb
tṣellbemt	tṣellvemt	propagation	ṣelleb
tṣellbeḍ	tṣellveḍ	propagation	ṣelleb
tṣelleb	tṣellev	propagation	ṣelleb
tṣewbem	tṣewvem	propagation	ṣweb
tṣewbemt	tṣewvemt	propagation	ṣweb
tṣewbeḍ	tṣewveḍ	propagation	ṣweb
tṣewwbem	tṣewwvem	propagation	ṣweb
tṣewwbemt	tṣewwvemt	propagation	ṣweb
tṣewwbeḍ	tṣewwveḍ	propagation	ṣweb
tṣewweb	tṣewwev	propagation	ṣweb
tṣeɛbem	tṣeɛvem	liste	
tṣeɛbemt	tṣeɛvemt	liste	
tṣeɛbeḍ	tṣeɛveḍ	liste	
tṣeɛɛbem	tṣeɛɛvem	propagation	ṣɛeb
tṣeɛɛbemt	tṣeɛɛvemt	propagation	ṣɛeb
tṣeɛɛbeḍ	tṣeɛɛveḍ	propagation	ṣɛeb
tṣeɛɛeb	tṣeɛɛev	propagation	ṣɛeb
tṭeyybem	tṭeyyvem	propagation	ṭeyyeb
tṭeyybemt	tṭeyyvemt	propagation	ṭeyyeb
tṭeyybeḍ	tṭeyyveḍ	propagation	ṭeyyeb
tṭeyyeb	tṭeyyev	propagation	ṭeyyeb
tẓebber	tẓevver	propagation	ẓber
tẓebbrem	tẓevvrem	propagation	ẓber
tẓebbremt	tẓevvremt	propagation	ẓber
tẓebbreḍ	tẓevvreḍ	propagation	ẓber
tẓebrem	tẓevrem	propagation	ẓber
tẓebremt	tẓevremt	propagation	ẓber
tẓebreḍ	tẓevreḍ	liste	
tẓerbiyin	tẓerviyin	liste	
tẓerrbem	tẓerrvem	propagation	ẓerreb
tẓerrbemt	tẓerrvemt	propagation	ẓerreb
tẓerrbeḍ	tẓerrveḍ	propagation	ẓerreb
tẓerreb	tẓerrev	propagation	ẓerreb
ubabat	uvavat	liste	
ubabder	uvavder	liste	
ubagus	uvagus	liste	
ubakuṛ	uvakuṛ	liste	
ubampir	uvampir	liste	
ubandu	uvandu	liste	
ubaqac	uvaqac	liste	
ubaraz	uvaraz	liste	
ubareɣ	uvareɣ	liste	
ubaxix	uvaxix	liste	
ubazin	uvazin	liste	
ubaɣur	uvaɣur	liste	
ubaṛeɣ	uvaṛeɣ	liste	
ubdid	uvdid	liste	
ubdir	uvdir	liste	
ubduz	uvduz	liste	
ubeckiḍ	uveckiḍ	liste	
ubeddel	uveddel	liste	
ubegges	uvegges	liste	
ubekkaḍ	uvekkaḍ	liste	
ubelkim	uvelkim	liste	
ubellaɛ	uvellaɛ	liste	
ubelluḍ	uvelluḍ	liste	
ubelqas	uvelqas	liste	
ubelyun	uvelyun	liste	
ubendayer	uvendayer	liste	
ubendir	uvendir	liste	
ubennay	uvennay	liste	
ubeqqa	uveqqa	liste	
ubeqqi	uveqqi	liste	
ubeqquq	uveqquq	liste	
ubeqri	uveqri	liste	
uberdeddac	uverdeddac	liste	
uberhuc	uverhuc	liste	
uberkan	uverkan	liste	
ubermil	uvermil	liste	
ubernus	uvernus	liste	
uberran	uverran	liste	
uberrani	uverrani	liste	
uberranni	uverranni	liste	
uberray	uverray	liste	
uberreḥ	uverreḥ	liste	
uberriḍ	uverriḍ	liste	
uberru	uverru	liste	
uberruḍ	uverruḍ	liste	
uberwaq	uverwaq	liste	
uberḍi	uverḍi	liste	
ubesṭuḥ	uvesṭuḥ	liste	
ubetṛun	uvetṛun	liste	
ubexsis	uvexsis	liste	
ubeɛɛuc	uveɛɛuc	liste	
ubeḥnuq	uveḥnuq	liste	
ubeḥri	uveḥri	liste	
ubeṛdi	uveṛdi	liste	
ubeṛnus	uveṛnus	liste	
ubeṛwaq	uveṛwaq	liste	
ubeṛṛan	uveṛṛan	liste	
ubeṛṛani	uveṛṛani	liste	
ubeṭṭeḥtaḥ	uveṭṭeḥtaḥ	liste	
ubeṭṭix	uveṭṭix	liste	
ubidun	uvidun	liste	
ubiduḥ	uviduḥ	liste	
ubidyu	uvidyu	liste	
ubilu	uvilu	liste	
ubirus	uvirus	liste	
ubizar	uvizar	liste	
ubiḍar	uviḍar	liste	
ubiṣar	uviṣar	liste	
ublaḍ	uvlaḍ	liste	
ubleɣ	uvleɣ	liste	
ubnabak	uvnavak	liste	
ubniq	uvniq	liste	
ubnunek	uvnunek	liste	
ubqel	uvqel	liste	
ubraray	uvraray	liste	
ubraz	uvraz	liste	
ubraḥ	uvraḥ	liste	
ubrib	uvriv	liste	
ubrid	uvrid	liste	
ubrid…	uvrid…	liste	
ubrif	uvrif	liste	
ubrinen	uvrinen	liste	
ubriq	uvriq	liste	
ubriz	uvriz	liste	
ubruri	uvruri	liste	
ubsis	uvsis	liste	
ubuciḍan	uvuciḍan	liste	
ubuddu	uvuddu	liste	
ubudid	uvudid	liste	
ubugaṭu	uvugaṭu	liste	
ubujad	uvujad	liste	
ubunekkiw	uvunekkiw	liste	
ubuqal	uvuqal	liste	
uburziz	uvurziz	liste	
ubusin	uvusin	liste	
ubuzelluf	uvuzelluf	liste	
ubuḥcic	uvuḥcic	liste	
ubuṛaɣ	uvuṛaɣ	liste	
ubxis	uvxis	liste	
ubxisen	uvxisen	liste	
ubxiṣ	uvxiṣ	liste	
ubxiṣen	uvxiṣen	liste	
ubyulu	uvyulu	liste	
ubɣur	uvɣur	liste	
ubṛik	uvṛik	liste	
ubṛiken	uvṛiken	liste	
ucaɛban	ucaɛvan	liste	
ucbiḥ	ucviḥ	liste	
ucbiḥen	ucviḥen	liste	
ucebbub	ucevvuv	liste	
ucekkab	ucekkav	liste	
uceṭṭub	uceṭṭuv	liste	
uciban	ucivan	liste	
udabu	udavu	liste	
ugbur	ugvur	liste	
ugrab	ugrav	liste	
ugrireb	ugrirev	liste	
uhamburger	uhamvurger	liste	
ujbad	ujvad	liste	
ujeɛbub	ujeɛvuv	liste	
ujeṛṛeb	ujeṛṛev	liste	
ujilban	ujilvan	liste	
ukabar	ukavar	liste	
ukanibu	ukanivu	liste	
ukarnabal	ukarnaval	liste	
ukbal	ukval	liste	
ukeddab	ukeddav	liste	
ukerbas	ukervas	liste	
umbaɛd	umvaɛd	liste	
umbeddel	umveddel	liste	
umbeɛd	umveɛd	liste	
umbeεd	umveεd	liste	
umbɛed	umvɛed	liste	
umdeber	umdever	liste	
umehbul	umehvul	liste	
umerbuḥ	umervuḥ	liste	
umesbaṭli	umesvaṭli	liste	
umeslub	umesluv	liste	
umeɣbun	umeɣvun	liste	
umeḍlab	umeḍlav	liste	
umeḥbus	umeḥvus	liste	
umeṭṭalbu	umeṭṭalvu	liste	
umlaԑbi	umlaԑvi	liste	
umrabeḍ	umraveḍ	liste	
umsebrid	umsevrid	liste	
umulab	umulav	liste	
umyibdel	umyivdel	liste	
umṛabeḍ	umṛaveḍ	liste	
umẓabi	umẓavi	liste	
unabad	unavad	liste	
unabaḍ	unavaḍ	liste	
unadabu	unadavu	liste	
unbeddal	unveddal	liste	
unbeddi	unveddi	liste	
unbir	unvir	liste	
undebdu	undevdu	liste	
unebdu	unevdu	liste	
unebgi	unevgi	liste	
unedbal	unedval	liste	
unexḍab	unexḍav	liste	
unḍab	unḍav	liste	
unṣib	unṣiv	liste	
unṣiben	unṣiven	liste	
uqabac	uqavac	liste	
uqabub	uqavuv	liste	
uqaleb	uqalev	liste	
uqbala	uqvala	liste	
uqbayli	uqvayli	liste	
uqbel	uqvel	liste	
uqbiren	uqviren	liste	
uqbiḥ	uqviḥ	liste	
uqbu	uqvu	liste	
uqbub	uqvuv	liste	
uqbuc	uqvuc	liste	
uqbur	uqvur	liste	
uqebl	uqevl	liste	
uqlab	uqlav	liste	
uqrab	uqrav	liste	
uqrib	uqriv	liste	
uqriben	uqriven	liste	
uqḍib	uqḍiv	liste	
uqṛab	uqṛav	liste	
uqṛiben	uqṛiven	liste	
urabul	uravul	liste	
urbaɛ	urvaɛ	liste	
urbaε	urvaε	liste	
urbaḥ	urvaḥ	liste	
urbib	urviv	liste	
urbiḥ	urviḥ	liste	
urbiḥen	urviḥen	liste	
urebɛin	urevɛin	liste	
urenbu	urenvu	liste	
urubu	uruvu	liste	
usaber	usaver	liste	
usbaɣ	usvaɣ	liste	
usbeddi	usveddi	liste	
usbiṭar	usviṭar	liste	
usbucbec	usvucvec	liste	
usbujɣeṭ	usvujɣeṭ	liste	
usbuɣer	usvuɣer	liste	
usebdad	usevdad	liste	
usebddad	usevddad	liste	
usebded	usevded	liste	
usebdeε	usevdeε	liste	
usebleɛ	usevleɛ	liste	
usebru	usevru	liste	
usebtar	usevtar	liste	
usebter	usevter	liste	
usebɛa	usevɛa	liste	
usebɣer	usevɣer	liste	
usebɣes	usevɣes	liste	
usenṣeb	usenṣev	liste	
userbeḥ	userveḥ	liste	
userbub	uservuv	liste	
usesteb	usestev	liste	
usexreb	usexrev	liste	
useḥbes	useḥves	liste	
useḥbiber	useḥviver	liste	
useḥseb	useḥsev	liste	
usqizzeb	usqizzev	liste	
ussebreq	ussevreq	liste	
usterḥeb	usterḥev	liste	
usubu	usuvu	liste	
usṭebṭeb	usṭevṭev	liste	
utbir	utvir	liste	
uturenbis	uturenvis	liste	
uweddeb	uweddev	liste	
uxbac	uxvac	liste	
uxbaḍ	uxvaḍ	liste	
uxeṛṛub	uxeṛṛuv	liste	
uxḍab	uxḍav	liste	
uzabuq	uzavuq	liste	
uzbu	uzvu	liste	
uzebg	uzevg	liste	
uzeɣbub	uzeɣvuv	liste	
uzɣab	uzɣav	liste	
uǧilbabis	uǧilvavis	liste	
uɛaqeb	uɛaqev	liste	
uɛbad	uɛvad	liste	
uɛbaṛ	uɛvaṛ	liste	
uɛerqub	uɛerquv	liste	
uɛetteb	uɛettev	liste	
uɛettub	uɛettuv	liste	
uɛeṛbun	uɛeṛvun	liste	
uɛeṛqub	uɛeṛquv	liste	
uɣanib	uɣaniv	liste	
uɣbel	uɣvel	liste	
uɣbub	uɣvuv	liste	
uɣdebu	uɣdevu	liste	
uɣerbal	uɣerval	liste	
uɣerbar	uɣervar	liste	
uɣerbaz	uɣervaz	liste	
uɣerrabu	uɣerravu	liste	
uɣeṛabu	uɣeṛavu	liste	
uɣeṛbal	uɣeṛval	liste	
uɣeṛbaz	uɣeṛvaz	liste	
uɣeṛṛabu	uɣeṛṛavu	liste	
uɣrab	uɣrav	liste	
uɣrib	uɣriv	liste	
uɣujbu	uɣujvu	liste	
uɣṛab	uɣṛav	liste	
uγerbal	uγerval	liste	
uεetteb	uεettev	liste	
uεeǧǧib	uεeǧǧiv	liste	
uḍbiɛ	uḍviɛ	liste	
uḍebsi	uḍevsi	liste	
uḍebṣi	uḍevṣi	liste	
uḥareb	uḥarev	liste	
uḥaṛeb	uḥaṛev	liste	
uḥbas	uḥvas	liste	
uḥbaw	uḥvaw	liste	
uḥbib	uḥviv	liste	
uḥbub	uḥvuv	liste	
uḥeber	uḥever	liste	
uḥellab	uḥellav	liste	
uḥezzeb	uḥezzev	liste	
uḥsab	uḥsav	liste	
uṛabul	uṛavul	liste	
uṛbeɛ	uṛveɛ	liste	
uṛebɛin	uṛevɛin	liste	
uṣabun	uṣavun	liste	
uṣubu	uṣuvu	liste	
uṣwib	uṣwiv	liste	
wab	wav	liste	
wabaɛḍ	wavaɛḍ	liste	
wabel	wavel	liste	
wabu	wavu	liste	
wacburen	wacvuren	liste	
wajben	wajven	liste	
wajbeɣ	wajveɣ	liste	
walbaɛḍ	walvaɛḍ	liste	
walbaḍ	walvaḍ	liste	
walbeɛḍ	walveɛḍ	liste	
walbeεd	walveεd	liste	
walebɛaḍ	walevɛaḍ	liste	
wamber	wamver	liste	
warbemt	warvemt	propagation	wareb
warben	warven	propagation	wareb
warbent	warvent	propagation	wareb
warbet	warvet	propagation	wareb
warbeɣ	warveɣ	liste	
wareb	warev	propagation	wareb
waɛban	waɛvan	liste	
waɛbar	waɛvar	liste	
waɛbaṛ	waɛvaṛ	liste	
waɛrab	waɛrav	liste	
waɛraben	waɛraven	liste	
waɛṛab	waɛṛav	liste	
waɛṛaben	waɛṛaven	liste	
waɣbala	waɣvala	liste	
waεbar	waεvar	liste	
waεrab	waεrav	liste	
waεraben	waεraven	liste	
webduz	wevduz	liste	
weblaḍ	wevlaḍ	liste	
webrid	wevrid	liste	
webyulu	wevyulu	liste	
weddbemt	weddvemt	propagation	weddeb
weddben	weddven	propagation	weddeb
weddbent	weddvent	propagation	weddeb
weddbet	weddvet	propagation	weddeb
weddbeɣ	weddveɣ	propagation	weddeb
weddeb	weddev	propagation	weddeb
wember	wemver	liste	
wemsebrid	wemsevrid	liste	
weqbayli	weqvayli	liste	
weqbel	weqvel	liste	
weqrab	weqrav	liste	
wesbeddi	wesveddi	liste	
wesxerbubec	wesxervuvec	liste	
wexrib	wexriv	liste	
weǧbemt	weǧvemt	propagation	wǧeb
weǧben	weǧven	propagation	wǧeb
weǧbent	weǧvent	propagation	wǧeb
weǧbet	weǧvet	propagation	wǧeb
weǧbeɣ	weǧveɣ	propagation	wǧeb
weǧǧbemt	weǧǧvemt	propagation	wǧeb
weǧǧben	weǧǧven	propagation	wǧeb
weǧǧbent	weǧǧvent	propagation	wǧeb
weǧǧbet	weǧǧvet	propagation	wǧeb
weǧǧbeɣ	weǧǧveɣ	propagation	wǧeb
weǧǧeb	weǧǧev	propagation	wǧeb
weɛṛab	weɛṛav	liste	
weɣbaṛ	weɣvaṛ	liste	
weɣbel	weɣvel	liste	
weɣdebu	weɣdevu	liste	
weɣrab	weɣrav	liste	
weɣṣab	weɣṣav	liste	
weḥbas	weḥvas	liste	
weḥbib	weḥviv	liste	
wisrebɛa	wisrevɛa	liste	
wurbaε	wurvaε	liste	
wurben	wurven	propagation	wareb
wurbent	wurvent	propagation	wareb
wurbeɣ	wurveɣ	propagation	wareb
wǧeb	wǧev	propagation	wǧeb
wǧiben	wǧiven	propagation	wǧeb
wǧibent	wǧivent	propagation	wǧeb
wǧibeɣ	wǧiveɣ	propagation	wǧeb
xab	xav	propagation	xab
xabemt	xavemt	propagation	xab
xaben	xaven	propagation	xab
xabent	xavent	propagation	xab
xabet	xavet	propagation	xab
xabeɣ	xaveɣ	propagation	xab
xbabḍen	xvavḍen	propagation	xbibeḍ
xbabḍent	xvavḍent	propagation	xbibeḍ
xbabḍeɣ	xvavḍeɣ	liste	
xbec	xvec	liste	
xbibeḍ	xviveḍ	propagation	xbibeḍ
xbibḍemt	xvivḍemt	propagation	xbibeḍ
xbibḍen	xvivḍen	propagation	xbibeḍ
xbibḍent	xvivḍent	propagation	xbibeḍ
xbibḍet	xvivḍet	propagation	xbibeḍ
xbibḍeɣ	xvivḍeɣ	propagation	xbibeḍ
xbicen	xvicen	propagation	xbec
xbicent	xvicent	propagation	xbec
xbiceɣ	xviceɣ	propagation	xbec
xebcemt	xevcemt	propagation	xbec
xebcen	xevcen	propagation	xbec
xebcent	xevcent	propagation	xbec
xebcet	xevcet	liste	
xebceɣ	xevceɣ	propagation	xbec
xebren	xevren	liste	
xebrent	xevrent	liste	
xerbemt	xervemt	propagation	xreb
xerben	xerven	liste	
xerbent	xervent	liste	
xerbet	xervet	propagation	xreb
xerbeɣ	xerveɣ	propagation	xreb
xerrbemt	xerrvemt	propagation	xreb
xerrben	xerrven	propagation	xreb
xerrbent	xerrvent	propagation	xreb
xerrbet	xerrvet	propagation	xreb
xerrbeɣ	xerrveɣ	propagation	xreb
xerreb	xerrev	propagation	xreb
xeyyben	xeyyven	liste	
xeḍbemt	xeḍvemt	propagation	xḍeb
xeḍben	xeḍven	liste	
xeḍbent	xeḍvent	liste	
xeḍbet	xeḍvet	liste	
xeḍbeɣ	xeḍveɣ	liste	
xeḍbeɣt	xeḍveɣt	liste	
xeṛben	xeṛven	liste	
xeṛbent	xeṛvent	liste	
xeṛeben	xeṛeven	liste	
xeṭṭbemt	xeṭṭvemt	liste	
xeṭṭben	xeṭṭven	liste	
xeṭṭbent	xeṭṭvent	liste	
xeṭṭbet	xeṭṭvet	liste	
xeṭṭbeɣ	xeṭṭveɣ	liste	
xeṭṭeb	xeṭṭev	liste	
xreb	xrev	propagation	xreb
xriben	xriven	propagation	xreb
xribent	xrivent	propagation	xreb
xribeɣ	xriveɣ	propagation	xreb
xḍeb	xḍev	liste	
xḍiben	xḍiven	propagation	xḍeb
xḍibent	xḍivent	propagation	xḍeb
xḍibeɣ	xḍiveɣ	propagation	xḍeb
yabelluḍ	yavelluḍ	liste	
yabɣa	yavɣa	liste	
yacbeḥ	yacveḥ	liste	
yameslub	yamesluv	liste	
yanbaba	yanvava	liste	
yaqbayli	yaqvayli	liste	
yarbaḥ	yarvaḥ	liste	
yaɛqub	yaɛquv	liste	
yaɛṛab	yaɛṛav	liste	
yaḥbib	yaḥviv	liste	
ybedd	yvedd	liste	
yebbehba	yevvehva	liste	
yebbehba.	yevvehva.	liste	
yebbehban	yevvehvan	propagation	bbehbi
yebbehbi	yevvehvi	propagation	bbehbi
yebbehbin	yevvehvin	propagation	bbehbi
yebberber	yevverver	liste	
yebbeɛzeq	yevveɛzeq	propagation	bbeɛzeq
yebbrebren	yevvrevren	propagation	bberber
yebbuḥra	yevvuḥra	propagation	bbuḥru
yebbuḥran	yevvuḥran	propagation	bbuḥru
yebbuḥru	yevvuḥru	propagation	bbuḥru
yebbuḥrun	yevvuḥrun	propagation	bbuḥru
yebbɛezqen	yevvɛezqen	propagation	bbeɛzeq
yebda	yevda	liste	
yebdan	yevdan	liste	
yebded	yevded	liste	
yebdel	yevdel	propagation	bdel
yebder	yevder	liste	
yebdi	yevdi	liste	
yebdid	yevdid	liste	
yebdil	yevdil	propagation	bdel
yebdir	yevdir	liste	
yebdu	yevdu	liste	
yebdun	yevdun	liste	
yebeɛder	yeveɛder	liste	
yebges	yevges	liste	
yebgis	yevgis	propagation	bges
yebha	yevha	liste	
yebhan	yevhan	liste	
yebhi	yevhi	propagation	bhi
yebhin	yevhin	propagation	bhi
yebla	yevla	liste	
yeblan	yevlan	propagation	blu
yeblaḍen	yevlaḍen	liste	
yeblel	yevlel	liste	
yebleɛ	yevleɛ	liste	
yebli	yevli	propagation	blu
yebliɛ	yevliɛ	propagation	bleɛ
yeblu	yevlu	propagation	blu
yeblun	yevlun	propagation	blu
yebna	yevna	liste	
yebnan	yevnan	liste	
yebni	yevni	liste	
yebninen	yevninen	liste	
yebnu	yevnu	liste	
yebnun	yevnun	liste	
yebqel	yevqel	liste	
yebra	yevra	liste	
yebrahim	yevrahim	liste	
yebran	yevran	liste	
yebrareḥ	yevrareḥ	propagation	brireḥ
yebrarḥen	yevrarḥen	propagation	brireḥ
yebrec	yevrec	propagation	brec
yebrek	yevrek	propagation	brek
yebrem	yevrem	propagation	brem
yebren	yevren	liste	
yebreq	yevreq	propagation	breq
yebreqcen	yevreqcen	liste	
yebrez	yevrez	liste	
yebreḍ	yevreḍ	propagation	breḍ
yebri	yevri	liste	
yebric	yevric	propagation	brec
yebriden	yevriden	liste	
yebrik	yevrik	liste	
yebrim	yevrim	propagation	brem
yebrin	yevrin	propagation	bren
yebriq	yevriq	propagation	breq
yebrir	yevrir	liste	
yebrireḥ	yevrireḥ	propagation	brireḥ
yebrirḥen	yevrirḥen	propagation	brireḥ
yebriz	yevriz	propagation	brez
yebriḍ	yevriḍ	propagation	breḍ
yebru	yevru	liste	
yebrun	yevrun	propagation	bru
yebruqel	yevruqel	propagation	bruqel
yebruqlen	yevruqlen	propagation	bruqel
yebruzzeɛ	yevruzzeɛ	propagation	bruzzeɛ
yebruzzɛen	yevruzzɛen	propagation	bruzzeɛ
yebter	yevter	liste	
yebxes	yevxes	liste	
yebxeṣ	yevxeṣ	liste	
yebxiṣ	yevxiṣ	propagation	bxeṣ
yebzeg	yevzeg	liste	
yebzig	yevzig	liste	
yebɛed	yevɛed	liste	
yebɛet	yevɛet	propagation	bɛet
yebɛid	yevɛid	liste	
yebɛit	yevɛit	propagation	bɛet
yebɛuẓẓel	yevɛuẓẓel	propagation	bɛuẓẓel
yebɛuẓẓlen	yevɛuẓẓlen	propagation	bɛuẓẓel
yebɣa	yevɣa	liste	
yebɣam	yevɣam	liste	
yebɣan	yevɣan	liste	
yebɣeḍ	yevɣeḍ	liste	
yebɣi	yevɣi	liste	
yebɣin	yevɣin	liste	
yebɣiḍ	yevɣiḍ	propagation	bɣeḍ
yebɣu	yevɣu	liste	
yebɣun	yevɣun	liste	
yebḍa	yevḍa	liste	
yebḍan	yevḍan	liste	
yebḍi	yevḍi	propagation	bḍu
yebḍu	yevḍu	liste	
yebḍun	yevḍun	liste	
yebḥet	yevḥet	liste	
yebḥit	yevḥit	propagation	bḥet
yebṛaṛeḥ	yevṛaṛeḥ	liste	
yebṭel	yevṭel	liste	
yebṭer	yevṭer	liste	
yebṭil	yevṭil	propagation	bṭel
yebẓeḍ	yevẓeḍ	liste	
yecba	yecva	liste	
yecban	yecvan	liste	
yecbaḥ	yecvaḥ	liste	
yecbek	yecvek	liste	
yecbeḥ	yecveḥ	liste	
yecbi	yecvi	liste	
yecbik	yecvik	propagation	cbek
yecbiḥ	yecviḥ	liste	
yecbiḥen	yecviḥen	liste	
yecbu	yecvu	liste	
yecbun	yecvun	liste	
yeccab	yeccav	propagation	ccib
yeccabay	yeccavay	propagation	ccib
yeccabayen	yeccavayen	propagation	ccib
yeccaben	yeccaven	propagation	ccib
yeccelbeḍ	yeccelveḍ	liste	
yeccib	yecciv	propagation	ccib
yecciben	yecciven	propagation	ccib
yecclebḍen	yecclevḍen	propagation	ccelbeḍ
yecebḥen	yecevḥen	liste	
yecɣeb	yecɣev	liste	
yecɣib	yecɣiv	liste	
yecṛeb	yecṛev	liste	
yedbeɣ	yedveɣ	propagation	dbeɣ
yedbiɣ	yedviɣ	propagation	dbeɣ
yeddbedben	yeddvedven	propagation	ddebdeb
yeddebbiṛen	yeddevviṛen	liste	
yeddebdeb	yeddevdev	propagation	ddebdeb
yedheb	yedhev	propagation	dheb
yedhib	yedhiv	propagation	dheb
yedneb	yednev	propagation	dneb
yednib	yedniv	propagation	dneb
yegber	yegver	liste	
yegebren	yegevren	liste	
yegrarben	yegrarven	propagation	grireb
yegrareb	yegrarev	liste	
yegrirben	yegrirven	propagation	grireb
yegrireb	yegrirev	liste	
yehba	yehva	propagation	hbu
yehban	yehvan	propagation	hbu
yehbbehban	yehvvehvan	liste	
yehbej	yehvej	propagation	hbej
yehbel	yehvel	liste	
yehbi	yehvi	propagation	hbu
yehbij	yehvij	propagation	hbej
yehbil	yehvil	liste	
yehbu	yehvu	propagation	hbu
yehbun	yehvun	propagation	hbu
yejba	yejva	liste	
yejban	yejvan	liste	
yejbed	yejved	liste	
yejbi	yejvi	liste	
yejbid	yejvid	propagation	jbed
yejbu	yejvu	liste	
yejbun	yejvun	propagation	jbu
yejdeb	yejdev	liste	
yejdib	yejdiv	propagation	jdeb
yejjebṛen	yejjevṛen	liste	
yejqqeleb	yejqqelev	liste	
yekba	yekva	liste	
yekbel	yekvel	liste	
yekber	yekver	propagation	kber
yekbil	yekvil	propagation	kbel
yekbir	yekvir	propagation	kber
yekseb	yeksev	liste	
yeksib	yeksiv	liste	
yekteb	yektev	liste	
yektib	yektiv	propagation	kteb
yekɛeb	yekɛev	propagation	kɛeb
yekɛib	yekɛiv	propagation	kɛeb
yelbeḍ	yelveḍ	propagation	lbeḍ
yelbiḍ	yelviḍ	propagation	lbeḍ
yelbubeɣ	yelvuveɣ	propagation	lbubeɣ
yelbubɣen	yelvuvɣen	liste	
yelɛeb	yelɛev	propagation	lɛeb
yelɛib	yelɛiv	propagation	lɛeb
yelεeb	yelεev	liste	
yembaddal	yemvaddal	propagation	mbaddal
yembaddalen	yemvaddalen	propagation	mbaddal
yembaɛaden	yemvaɛaden	liste	
yemberraz	yemverraz	propagation	mberraz
yemberrazen	yemverrazen	propagation	mberraz
yemcabi	yemcavi	propagation	mcabi
yemcabin	yemcavin	propagation	mcabi
yemcuba	yemcuva	propagation	mcabi
yemcuban	yemcuvan	propagation	mcabi
yemjellab	yemjellav	propagation	mjellab
yemjellaben	yemjellaven	propagation	mjellab
yemkebren	yemkevren	liste	
yemmecberreq	yemmecverreq	propagation	mmecberreq
yemmecberrqen	yemmecverrqen	propagation	mmecberreq
yemmuɣben	yemmuɣven	liste	
yemmuɣebnen	yemmuɣevnen	propagation	mmuɣben
yemnasab	yemnasav	propagation	mnasab
yemnasaben	yemnasaven	propagation	mnasab
yemqabal	yemqaval	liste	
yemqabalen	yemqavalen	liste	
yemqarab	yemqarav	liste	
yemqaraben	yemqaraven	propagation	mqarab
yemsebla	yemsevla	propagation	mseblu
yemseblan	yemsevlan	propagation	mseblu
yemseblaɛ	yemsevlaɛ	propagation	mseblaɛ
yemseblaɛen	yemsevlaɛen	propagation	mseblaɛ
yemsebli	yemsevli	propagation	mseblu
yemseblu	yemsevlu	propagation	mseblu
yemseblun	yemsevlun	propagation	mseblu
yemsebra	yemsevra	propagation	msebru
yemsebran	yemsevran	propagation	msebru
yemsebri	yemsevri	propagation	msebru
yemsebru	yemsevru	propagation	msebru
yemsebrun	yemsevrun	propagation	msebru
yemsebɣa	yemsevɣa	propagation	msebɣu
yemsebɣan	yemsevɣan	propagation	msebɣu
yemsebɣi	yemsevɣi	propagation	msebɣu
yemsebɣu	yemsevɣu	propagation	msebɣu
yemsebɣun	yemsevɣun	propagation	msebɣu
yemsebḍa	yemsevḍa	propagation	msebḍu
yemsebḍan	yemsevḍan	propagation	msebḍu
yemsebḍi	yemsevḍi	propagation	msebḍu
yemsebḍu	yemsevḍu	propagation	msebḍu
yemsebḍun	yemsevḍun	propagation	msebḍu
yemsetbaɛ	yemsetvaɛ	propagation	msetbaɛ
yemsetbaɛen	yemsetvaɛen	propagation	msetbaɛ
yemyebra	yemyevra	propagation	myebru
yemyebran	yemyevran	propagation	myebru
yemyebri	yemyevri	propagation	myebru
yemyebru	yemyevru	propagation	myebru
yemyebrun	yemyevrun	propagation	myebru
yemyecbak	yemyecvak	propagation	myecbak
yemyecbaken	yemyecvaken	propagation	myecbak
yemyektab	yemyektav	propagation	myektab
yemyektaben	yemyektaven	propagation	myektab
yemyenbac	yemyenvac	propagation	myenbac
yemyenbacen	yemyenvacen	propagation	myenbac
yemḍebren	yemḍevren	liste	
yemḥabab	yemḥavav	propagation	mḥabab
yemḥababen	yemḥavaven	propagation	mḥabab
yemḥarab	yemḥarav	liste	
yemḥasab	yemḥasav	propagation	mḥasab
yemḥasaben	yemḥasaven	propagation	mḥasab
yenbec	yenvec	liste	
yenbeddal	yenveddal	liste	
yenber	yenver	propagation	nber
yenbic	yenvic	propagation	nbec
yenbir	yenvir	propagation	nber
yennebra	yennevra	liste	
yennejbad	yennejvad	liste	
yennejbaden	yennejvaden	propagation	nnejbad
yenneqbaḍ	yenneqvaḍ	liste	
yenneqlab	yenneqlav	liste	
yenneqlaben	yenneqlaven	propagation	nneqlab
yenneɛjab	yenneɛjav	liste	
yenneɛtab	yenneɛtav	liste	
yenneɛttab	yenneɛttav	liste	
yenneḥsab	yenneḥsav	liste	
yenneḥsaben	yenneḥsaven	propagation	nneḥsab
yenqeb	yenqev	liste	
yenqib	yenqiv	propagation	nqeb
yenxerbaḍ	yenxervaḍ	liste	
yenɛettab	yenɛettav	propagation	nɛettab
yenɛettaben	yenɛettaven	propagation	nɛettab
yenɣeb	yenɣev	propagation	nɣeb
yenɣib	yenɣiv	propagation	nɣeb
yenḍeb	yenḍev	liste	
yeqbayliyen	yeqvayliyen	liste	
yeqbel	yeqvel	liste	
yeqber	yeqver	liste	
yeqbeḍ	yeqveḍ	propagation	qbeḍ
yeqbeḥ	yeqveḥ	liste	
yeqbeṛ	yeqveṛ	liste	
yeqbil	yeqvil	liste	
yeqbir	yeqvir	propagation	qber
yeqbiḍ	yeqviḍ	propagation	qbeḍ
yeqbiḥ	yeqviḥ	liste	
yeqleb	yeqlev	liste	
yeqlib	yeqliv	propagation	qleb
yeqqbeqben	yeqqveqven	propagation	qqebqeb
yeqqebqeb	yeqqevqev	propagation	qqebqeb
yeqreb	yeqrev	liste	
yeqrib	yeqriv	liste	
yeqriben	yeqriven	liste	
yequblen	yequvlen	liste	
yeqṛeb	yeqṛev	liste	
yerba	yerva	liste	
yerban	yervan	propagation	rbu
yerbeḥ	yerveḥ	liste	
yerbi	yervi	propagation	rbu
yerbiben	yerviven	liste	
yerbin	yervin	propagation	rbi
yerbiḥ	yerviḥ	liste	
yerbu	yervu	propagation	rbu
yerbun	yervun	propagation	rbu
yerkeb	yerkev	liste	
yerkib	yerkiv	propagation	rkeb
yerḍeb	yerḍev	liste	
yerḍib	yerḍiv	propagation	rḍeb
yesbabb	yesvavv	propagation	sbibb
yesbabbay	yesvavvay	propagation	sbibb
yesbabbayen	yesvavvayen	propagation	sbibb
yesbabben	yesvavven	propagation	sbibb
yesban	yesvan	liste	
yesbanay	yesvanay	propagation	sbin
yesbanayen	yesvanayen	propagation	sbin
yesbanen	yesvanen	propagation	sbin
yesbaɛɛay	yesvaɛɛay	propagation	sbeɛbeɛ
yesbaɛɛayen	yesvaɛɛayen	propagation	sbeɛbeɛ
yesbedd	yesvedd	liste	
yesbedday	yesvedday	propagation	sbedd
yesbeddayen	yesveddayen	liste	
yesbedded	yesvedded	liste	
yesbedden	yesvedden	liste	
yesbeggen	yesveggen	liste	
yesbeggin	yesveggin	liste	
yesbegginen	yesvegginen	propagation	sbeggen
yesbeggnen	yesveggnen	propagation	sbeggen
yesbehba	yesvehva	propagation	sbehbi
yesbehban	yesvehvan	propagation	sbehbi
yesbehbay	yesvehvay	propagation	sbehbi
yesbehbayen	yesvehvayen	propagation	sbehbi
yesbehbi	yesvehvi	propagation	sbehbi
yesbehbin	yesvehvin	propagation	sbehbi
yesbek	yesvek	propagation	sbek
yesbelɛeṭ	yesvelɛeṭ	propagation	sbelɛeṭ
yesbelɛiṭ	yesvelɛiṭ	propagation	sbelɛeṭ
yesbelɛiṭen	yesvelɛiṭen	propagation	sbelɛeṭ
yesbelɛṭen	yesvelɛṭen	propagation	sbelɛeṭ
yesbender	yesvender	propagation	sbender
yesbendir	yesvendir	propagation	sbender
yesbendiren	yesvendiren	liste	
yesbendren	yesvendren	propagation	sbender
yesber	yesver	liste	
yesberber	yesverver	propagation	sberber
yesberbir	yesvervir	propagation	sberber
yesberbiren	yesverviren	propagation	sberber
yesberbren	yesvervren	propagation	sberber
yesbexxeṛ	yesvexxeṛ	liste	
yesbexxiṛ	yesvexxiṛ	liste	
yesbezgen	yesvezgen	liste	
yesbeɛ	yesveɛ	propagation	sbeɛ
yesbeɛbeɛ	yesveɛveɛ	propagation	sbeɛbeɛ
yesbeɛbuɛ	yesveɛvuɛ	liste	
yesbeɛbuẓ	yesveɛvuẓ	liste	
yesbeɛbɛen	yesveɛvɛen	propagation	sbeɛbeɛ
yesbeɛden	yesveɛden	liste	
yesbeɣ	yesveɣ	liste	
yesbeεden	yesveεden	liste	
yesbeḥlil	yesveḥlil	liste	
yesbibb	yesvivv	propagation	sbibb
yesbibben	yesvivven	propagation	sbibb
yesbik	yesvik	propagation	sbek
yesbin	yesvin	propagation	sbin
yesbinen	yesvinen	propagation	sbin
yesbiɛ	yesviɛ	propagation	sbeɛ
yesbiɣ	yesviɣ	liste	
yesbucbec	yesvucvec	liste	
yesbur	yesvur	liste	
yesburr	yesvurr	propagation	sburr
yesburren	yesvurren	liste	
yesburruy	yesvurruy	propagation	sburr
yesburruyen	yesvurruyen	propagation	sburr
yesbuḥra	yesvuḥra	liste	
yesbuḥran	yesvuḥran	propagation	sbuḥru
yesbuḥru	yesvuḥru	propagation	sbuḥru
yesbuḥrun	yesvuḥrun	propagation	sbuḥru
yesbuḥruy	yesvuḥruy	liste	
yesbuḥruyen	yesvuḥruyen	propagation	sbuḥru
yesbuṛṛef	yesvuṛṛef	liste	
yesdebdben	yesdevdven	liste	
yesdebdeb	yesdevdev	propagation	sdebdeb
yesdebdeben	yesdevdeven	liste	
yesdebdub	yesdevduv	propagation	sdebdeb
yesdebduben	yesdevduven	propagation	sdebdeb
yesderbez	yesdervez	propagation	sderbez
yesderbiz	yesderviz	liste	
yesderbizen	yesdervizen	propagation	sderbez
yesderbzen	yesdervzen	propagation	sderbez
yesdub	yesduv	propagation	sdub
yesduben	yesduven	propagation	sdub
yesdubuy	yesduvuy	liste	
yesdubuyen	yesduvuyen	propagation	sdub
yeseḥbibir	yeseḥvivir	liste	
yesheblen	yeshevlen	liste	
yeskadben	yeskadven	liste	
yeskaddben	yeskaddven	liste	
yeskaddeb	yeskaddev	liste	
yeskadeb	yeskadev	liste	
yeskeddib	yeskeddiv	liste	
yeskiddben	yeskiddven	liste	
yeskiddeb	yeskiddev	liste	
yeskiddib	yeskiddiv	liste	
yeskiddiben	yeskiddiven	liste	
yeskidib	yeskidiv	liste	
yeskidiben	yeskidiven	liste	
yesleb	yeslev	liste	
yeslib	yesliv	liste	
yesmuhbel	yesmuhvel	liste	
yesmuhbul	yesmuhvul	liste	
yesmuhbulen	yesmuhvulen	propagation	smuhbel
yesmuheblen	yesmuhevlen	propagation	smuhbel
yesmuselben	yesmuselven	propagation	smusleb
yesmusleb	yesmuslev	propagation	smusleb
yesmuslub	yesmusluv	propagation	smusleb
yesmusluben	yesmusluven	propagation	smusleb
yesmuɣben	yesmuɣven	propagation	smuɣben
yesmuɣbun	yesmuɣvun	propagation	smuɣben
yesmuɣbunen	yesmuɣvunen	propagation	smuɣben
yesmuɣebnen	yesmuɣevnen	propagation	smuɣben
yesneqlab	yesneqlav	propagation	sneqlab
yesneqlabay	yesneqlavay	propagation	sneqlab
yesneqlabayen	yesneqlavayen	propagation	sneqlab
yesneqlaben	yesneqlaven	propagation	sneqlab
yesnubegten	yesnuvegten	propagation	snubget
yesnubget	yesnuvget	liste	
yesnubgut	yesnuvgut	propagation	snubget
yesnubguten	yesnuvguten	propagation	snubget
yesqazzben	yesqazzven	propagation	sqizzeb
yesqazzeb	yesqazzev	propagation	sqizzeb
yesqerbeb	yesqervev	liste	
yesqerbebb	yesqervevv	propagation	sqerbebb
yesqerbebben	yesqervevven	propagation	sqerbebb
yesqerbib	yesqerviv	propagation	sqerbebb
yesqerbiben	yesqerviven	propagation	sqerbebb
yesqerbuben	yesqervuven	liste	
yesqeṛbib	yesqeṛviv	liste	
yesqizzben	yesqizzven	propagation	sqizzeb
yesqizzeb	yesqizzev	propagation	sqizzeb
yesqizzib	yesqizziv	liste	
yesqizziben	yesqizziven	liste	
yesrebḥen	yesrevḥen	liste	
yessaḥab	yessaḥav	liste	
yessbedden	yessvedden	propagation	ssebded
yessbelɛen	yessvelɛen	propagation	ssebleɛ
yessbezgen	yessvezgen	propagation	ssebzeg
yessbeɛden	yessveɛden	propagation	ssebɛed
yessbeṭlen	yessveṭlen	propagation	ssebṭel
yessebdad	yessevdad	propagation	ssebded
yessebdaden	yessevdaden	propagation	ssebded
yessebded	yessevded	liste	
yessebek	yessevek	liste	
yessebgan	yessevgan	liste	
yessebgen	yessevgen	liste	
yessebhat	yessevhat	liste	
yesseblaɛ	yessevlaɛ	liste	
yesseblaɛen	yessevlaɛen	propagation	ssebleɛ
yessebleɛ	yessevleɛ	liste	
yessebluleɣ	yessevluleɣ	propagation	ssebluleɣ
yessebluluɣ	yessevluluɣ	propagation	ssebluleɣ
yessebluluɣen	yessevluluɣen	propagation	ssebluleɣ
yesseblulɣen	yessevlulɣen	propagation	ssebluleɣ
yessebra	yessevra	propagation	ssebru
yessebran	yessevran	propagation	ssebru
yessebrareḥ	yessevrareḥ	propagation	ssebrireḥ
yessebrarḥen	yessevrarḥen	propagation	ssebrireḥ
yessebray	yessevray	propagation	ssebri
yessebrayen	yessevrayen	propagation	ssebri
yessebri	yessevri	propagation	ssebri
yessebrin	yessevrin	propagation	ssebri
yessebrireḥ	yessevrireḥ	propagation	ssebrireḥ
yessebririḥ	yessevririḥ	propagation	ssebrireḥ
yessebririḥen	yessevririḥen	propagation	ssebrireḥ
yessebrirḥen	yessevrirḥen	propagation	ssebrireḥ
yessebru	yessevru	propagation	ssebru
yessebrun	yessevrun	liste	
yessebruy	yessevruy	propagation	ssebru
yessebruyen	yessevruyen	propagation	ssebru
yessebruzzeɛ	yessevruzzeɛ	liste	
yessebruzzuɛ	yessevruzzuɛ	propagation	ssebruzzeɛ
yessebruzzuɛen	yessevruzzuɛen	propagation	ssebruzzeɛ
yessebruzzɛen	yessevruzzɛen	propagation	ssebruzzeɛ
yessebzag	yessevzag	propagation	ssebzeg
yessebzagen	yessevzagen	propagation	ssebzeg
yessebzeg	yessevzeg	liste	
yessebɛad	yessevɛad	liste	
yessebɛaden	yessevɛaden	liste	
yessebɛed	yessevɛed	liste	
yessebɣas	yessevɣas	liste	
yessebɣes	yessevɣes	liste	
yessebṛaḍ	yessevṛaḍ	liste	
yessebṛaṛaḥ	yessevṛaṛaḥ	liste	
yessebṛaṛḥ	yessevṛaṛḥ	liste	
yessebṭal	yessevṭal	propagation	ssebṭel
yessebṭalen	yessevṭalen	propagation	ssebṭel
yessebṭel	yessevṭel	liste	
yessegrarben	yessegrarven	liste	
yessegrareb	yessegrarev	propagation	ssegrireb
yessegrirben	yessegrirven	propagation	ssegrireb
yessegrireb	yessegrirev	propagation	ssegrireb
yessegririb	yessegririv	propagation	ssegrireb
yessegririben	yessegririven	propagation	ssegrireb
yessehbal	yessehval	liste	
yessehbalen	yessehvalen	liste	
yessehbel	yessehvel	propagation	ssehbel
yesselben	yesselven	propagation	ssleb
yessembaɛad	yessemvaɛad	propagation	ssembaɛed
yessembaɛaden	yessemvaɛaden	propagation	ssembaɛed
yessembaɛden	yessemvaɛden	propagation	ssembaɛed
yessembaɛed	yessemvaɛed	propagation	ssembaɛed
yessemqabal	yessemqaval	propagation	ssemqabal
yessemqabalay	yessemqavalay	propagation	ssemqabal
yessemqabalayen	yessemqavalayen	propagation	ssemqabal
yessemqabalen	yessemqavalen	propagation	ssemqabal
yessemqarab	yessemqarav	liste	
yessenṣeb	yessenṣev	liste	
yesseqrab	yesseqrav	propagation	sseqreb
yesseqraben	yesseqraven	propagation	sseqreb
yesseqreb	yesseqrev	propagation	sseqreb
yesseqṛeb	yesseqṛev	liste	
yesserbaḥ	yesservaḥ	liste	
yesserbaḥen	yesservaḥen	propagation	sserbeḥ
yesserbeḥ	yesserveḥ	propagation	sserbeḥ
yesserhab	yesserhav	liste	
yesserhaben	yesserhaven	liste	
yesserheb	yesserhev	propagation	sserheb
yesserkab	yesserkav	liste	
yesserkaben	yesserkaven	liste	
yesserkeb	yesserkev	liste	
yesserḍab	yesserḍav	propagation	sserḍeb
yesserḍaben	yesserḍaven	propagation	sserḍeb
yesserḍeb	yesserḍev	propagation	sserḍeb
yessesleb	yesseslev	liste	
yessexrab	yessexrav	propagation	ssexreb
yessexraben	yessexraven	liste	
yessexreb	yessexrev	liste	
yessexṛab	yessexṛav	liste	
yessexṛeb	yessexṛev	liste	
yesseɣlab	yesseɣlav	propagation	sseɣleb
yesseɣlaben	yesseɣlaven	propagation	sseɣleb
yesseɣleb	yesseɣlev	propagation	sseɣleb
yesseḥbes	yesseḥves	liste	
yesseḥbiber	yesseḥviver	liste	
yesseḥbibir	yesseḥvivir	liste	
yesseḥbibiren	yesseḥviviren	liste	
yesseḥibiber	yesseḥiviver	liste	
yesseḥsab	yesseḥsav	propagation	sseḥseb
yesseḥsaben	yesseḥsaven	propagation	sseḥseb
yesseḥseb	yesseḥsev	propagation	sseḥseb
yessheblen	yesshevlen	propagation	ssehbel
yessibrek	yessivrek	liste	
yessibrik	yessivrik	liste	
yessibriken	yessivriken	liste	
yessleb	yesslev	liste	
yesslubuy	yessluvuy	propagation	ssleb
yesslubuyen	yessluvuyen	propagation	ssleb
yessqerben	yessqerven	propagation	sseqreb
yessrebḥen	yessrevḥen	propagation	sserbeḥ
yessrehben	yessrehven	propagation	sserheb
yessrekben	yessrekven	propagation	sserkeb
yessreḍben	yessreḍven	propagation	sserḍeb
yessxerben	yessxerven	propagation	ssexreb
yessɣelben	yessɣelven	propagation	sseɣleb
yessḥesben	yessḥesven	propagation	sseḥseb
yesteɛǧiben	yesteɛǧiven	liste	
yesteṛḥib	yesteṛḥiv	liste	
yeswarab	yeswarav	propagation	swireb
yeswaraben	yeswaraven	propagation	swireb
yeswarben	yeswarven	propagation	swireb
yeswareb	yeswarev	propagation	swireb
yeswirben	yeswirven	propagation	swireb
yeswireb	yeswirev	propagation	swireb
yesxerbaqayen	yesxervaqayen	liste	
yesxerbubcen	yesxervuvcen	propagation	sxerbubec
yesxerbubec	yesxervuvec	propagation	sxerbubec
yesxerbubuc	yesxervuvuc	propagation	sxerbubec
yesxerbubucen	yesxervuvucen	propagation	sxerbubec
yesxeṛben	yesxeṛven	liste	
yesɛettben	yesɛettven	propagation	sɛetteb
yesɛetteb	yesɛettev	propagation	sɛetteb
yesɛettib	yesɛettiv	propagation	sɛetteb
yesɛettiben	yesɛettiven	propagation	sɛetteb
yesɛibin	yesɛivin	liste	
yesɣujbuy	yesɣujvuy	liste	
yesεibin	yesεivin	liste	
yesṭebṭben	yesṭevṭven	liste	
yesṭebṭeb	yesṭevṭev	liste	
yesṭebṭub	yesṭevṭuv	liste	
yesṭebṭuben	yesṭevṭuven	liste	
yetbeɛ	yetveɛ	liste	
yetbir	yetvir	liste	
yetbiren	yetviren	liste	
yetbiɛ	yetviɛ	liste	
yetcabi	yetcavi	liste	
yettabaɛ	yettavaɛ	liste	
yettabaɛen	yettavaɛen	liste	
yettabaεen	yettavaεen	liste	
yettabdad	yettavdad	liste	
yettabzag	yettavzag	liste	
yettaɛjab	yettaɛjav	liste	
yettbab	yettvav	propagation	bab
yettbaben	yettvaven	propagation	bab
yettban	yettvan	liste	
yettbanem	yettvanem	liste	
yettbanemt	yettvanemt	liste	
yettbanen	yettvanen	liste	
yettbaneḍ	yettvaneḍ	liste	
yettbarak	yettvarak	liste	
yettbaraken	yettvaraken	propagation	barek
yettbat	yettvat	propagation	bat
yettbaten	yettvaten	propagation	bat
yettbaɛad	yettvaɛad	propagation	baɛed
yettbaɛaden	yettvaɛaden	propagation	baɛed
yettbaḍan	yettvaḍan	propagation	baḍen
yettbaḍanen	yettvaḍanen	propagation	baḍen
yettbeccic	yettveccic	liste	
yettbeccicen	yettveccicen	propagation	becc
yettbeddayen	yettveddayen	liste	
yettbeddil	yettveddil	liste	
yettbeddilen	yettveddilen	liste	
yettbedren	yettvedren	propagation	ttebder
yettbeggin	yettveggin	propagation	beggen
yettbegginen	yettvegginen	propagation	beggen
yettbehbi	yettvehvi	liste	
yettbehbin	yettvehvin	propagation	bbehbi
yettbekkim	yettvekkim	propagation	bekkem
yettbekkimen	yettvekkimen	propagation	bekkem
yettbekkir	yettvekkir	liste	
yettbekkiren	yettvekkiren	liste	
yettbekkiṛ	yettvekkiṛ	liste	
yettbellaԑen	yettvellaԑen	liste	
yettbelliɛ	yettvelliɛ	propagation	belleɛ
yettbelliɛen	yettvelliɛen	propagation	belleɛ
yettbeqqi	yettveqqi	propagation	beqqi
yettbeqqin	yettveqqin	propagation	beqqi
yettberbir	yettvervir	propagation	bberber
yettberbiren	yettverviren	propagation	bberber
yettberri	yettverri	liste	
yettberrin	yettverrin	propagation	berri
yettberriz	yettverriz	propagation	berrez
yettberrizen	yettverrizen	propagation	berrez
yettberriḥ	yettverriḥ	liste	
yettberriḥen	yettverriḥen	propagation	berreḥ
yettbexxir	yettvexxir	propagation	bexxer
yettbexxiren	yettvexxiren	propagation	bexxer
yettbeɛziq	yettveɛziq	liste	
yettbeɛziqen	yettveɛziqen	propagation	bbeɛzeq
yettbeɛɛid	yettveɛɛid	propagation	beɛɛed
yettbeɛɛiden	yettveɛɛiden	propagation	beɛɛed
yettbeḥḥit	yettveḥḥit	propagation	beḥḥet
yettbeḥḥiten	yettveḥḥiten	propagation	beḥḥet
yettbin	yettvin	liste	
yettbinen	yettvinen	liste	
yettbubu	yettvuvu	liste	
yettbuddu	yettvuddu	liste	
yettbudduy	yettvudduy	propagation	budd
yettbudduyen	yettvudduyen	propagation	budd
yettbur	yettvur	propagation	bur
yettburen	yettvuren	propagation	bur
yettbuxxu	yettvuxxu	propagation	buxx
yettbuxxun	yettvuxxun	propagation	buxx
yettbuḥruy	yettvuḥruy	propagation	bbuḥru
yettbuḥruyen	yettvuḥruyen	propagation	bbuḥru
yettbuṭi	yettvuṭi	liste	
yettcab	yettcav	propagation	cab
yettcabah	yettcavah	liste	
yettcaben	yettcaven	propagation	cab
yettcabi	yettcavi	liste	
yettcabin	yettcavin	liste	
yettcebbik	yettcevvik	propagation	cbek
yettcebbiken	yettcevviken	propagation	cbek
yettcebbiḥ	yettcevviḥ	propagation	cebbeḥ
yettcebbiḥen	yettcevviḥen	propagation	cebbeḥ
yettceggib	yettceggiv	propagation	ceggeb
yettceggiben	yettceggiven	propagation	ceggeb
yettcekkib	yettcekkiv	propagation	cekkeb
yettcekkiben	yettcekkiven	propagation	cekkeb
yettcelbiḍ	yettcelviḍ	propagation	ccelbeḍ
yettcelbiḍen	yettcelviḍen	propagation	ccelbeḍ
yettceyyib	yettceyyiv	propagation	ceyyeb
yettceyyiben	yettceyyiven	propagation	ceyyeb
yettcib	yettciv	propagation	cib
yettciben	yettciven	propagation	cib
yettdebdib	yettdevdiv	propagation	ddebdeb
yettdebdiben	yettdevdiven	propagation	ddebdeb
yettdub	yettduv	propagation	dub
yettduben	yettduven	propagation	dub
yettebdad	yettevdad	liste	
yettebdal	yettevdal	propagation	bdel
yettebdalen	yettevdalen	propagation	bdel
yettebdar	yettevdar	propagation	bder
yettebdaren	yettevdaren	propagation	bder
yettebder	yettevder	liste	
yettebhi	yettevhi	propagation	bhi
yettebhin	yettevhin	propagation	bhi
yetteblaɛ	yettevlaɛ	propagation	bleɛ
yetteblaɛen	yettevlaɛen	propagation	bleɛ
yettebrak	yettevrak	propagation	brek
yettebraken	yettevraken	propagation	brek
yettebraq	yettevraq	propagation	breq
yettebraqen	yettevraqen	propagation	breq
yettebray	yettevray	propagation	bri
yettebrayen	yettevrayen	propagation	bri
yettebraz	yettevraz	propagation	brez
yettebrazen	yettevrazen	propagation	brez
yettebrimmiṭ	yettevrimmiṭ	liste	
yettebririḥ	yettevririḥ	liste	
yettebririḥen	yettevririḥen	propagation	brireḥ
yettebruqul	yettevruqul	propagation	bruqel
yettebruqulen	yettevruqulen	propagation	bruqel
yettebruzzuɛ	yettevruzzuɛ	propagation	bruzzeɛ
yettebruzzuɛen	yettevruzzuɛen	propagation	bruzzeɛ
yettebɛad	yettevɛad	propagation	bɛed
yettebɛaden	yettevɛaden	propagation	bɛed
yettebɛat	yettevɛat	propagation	bɛet
yettebɛaten	yettevɛaten	propagation	bɛet
yettebɛuẓẓul	yettevɛuẓẓul	propagation	bɛuẓẓel
yettebɛuẓẓulen	yettevɛuẓẓulen	propagation	bɛuẓẓel
yettebḥat	yettevḥat	propagation	bḥet
yettebḥaten	yettevḥaten	propagation	bḥet
yettebṛuṛuq	yettevṛuṛuq	liste	
yettebṛuṛuqen	yettevṛuṛuqen	liste	
yettebṭal	yettevṭal	propagation	bṭel
yettebṭalen	yettevṭalen	propagation	bṭel
yettecbaḥ	yettecvaḥ	propagation	cbeḥ
yettecbaḥen	yettecvaḥen	propagation	cbeḥ
yettedbaɣ	yettedvaɣ	propagation	dbeɣ
yettedbaɣen	yettedvaɣen	propagation	dbeɣ
yettedhab	yettedhav	propagation	dheb
yettedhaben	yettedhaven	propagation	dheb
yettednab	yettednav	propagation	dneb
yettednaben	yettednaven	propagation	dneb
yettegririb	yettegririv	propagation	grireb
yettegririben	yettegririven	liste	
yettehbaj	yettehvaj	propagation	hbej
yettehbajen	yettehvajen	propagation	hbej
yettejbad	yettejvad	propagation	jbed
yettejbaden	yettejvaden	propagation	jbed
yettekbal	yettekval	propagation	kbel
yettekbalen	yettekvalen	propagation	kbel
yettekbar	yettekvar	propagation	kber
yettekbaren	yettekvaren	propagation	kber
yetteksab	yetteksav	propagation	kseb
yetteksaben	yetteksaven	propagation	kseb
yettelbubuɣ	yettelvuvuɣ	propagation	lbubeɣ
yettelbubuɣen	yettelvuvuɣen	propagation	lbubeɣ
yettelɛab	yettelɛav	propagation	lɛeb
yettelɛaben	yettelɛaven	propagation	lɛeb
yettembaddal	yettemvaddal	liste	
yettembaddalen	yettemvaddalen	propagation	mbaddal
yettembernenniḍ	yettemvernenniḍ	liste	
yettemberraz	yettemverraz	propagation	mberraz
yettemberrazen	yettemverrazen	propagation	mberraz
yettemcabi	yettemcavi	liste	
yettemcabin	yettemcavin	liste	
yettemjellab	yettemjellav	propagation	mjellab
yettemjellaben	yettemjellaven	propagation	mjellab
yettemnasab	yettemnasav	propagation	mnasab
yettemnasaben	yettemnasaven	propagation	mnasab
yettemqabal	yettemqaval	propagation	mqabal
yettemqabalen	yettemqavalen	propagation	mqabal
yettemqarab	yettemqarav	propagation	mqarab
yettemqaraben	yettemqaraven	propagation	mqarab
yettemseblaɛ	yettemsevlaɛ	propagation	mseblaɛ
yettemseblaɛen	yettemsevlaɛen	propagation	mseblaɛ
yettemseblu	yettemsevlu	propagation	mseblu
yettemseblun	yettemsevlun	propagation	mseblu
yettemsebru	yettemsevru	propagation	msebru
yettemsebrun	yettemsevrun	propagation	msebru
yettemsebɣu	yettemsevɣu	propagation	msebɣu
yettemsebɣun	yettemsevɣun	propagation	msebɣu
yettemsebḍay	yettemsevḍay	propagation	msebḍu
yettemsebḍayen	yettemsevḍayen	propagation	msebḍu
yettemsetbaɛ	yettemsetvaɛ	propagation	msetbaɛ
yettemsetbaɛen	yettemsetvaɛen	propagation	msetbaɛ
yettemyebru	yettemyevru	propagation	myebru
yettemyebrun	yettemyevrun	propagation	myebru
yettemyecbak	yettemyecvak	propagation	myecbak
yettemyecbaken	yettemyecvaken	propagation	myecbak
yettemyektab	yettemyektav	propagation	myektab
yettemyektaben	yettemyektaven	propagation	myektab
yettemyenbac	yettemyenvac	propagation	myenbac
yettemyenbacen	yettemyenvacen	propagation	myenbac
yettemḥabab	yettemḥavav	liste	
yettemḥababen	yettemḥavaven	propagation	mḥabab
yettemḥasab	yettemḥasav	propagation	mḥasab
yettemḥasaben	yettemḥasaven	propagation	mḥasab
yettenbar	yettenvar	propagation	nber
yettenbaren	yettenvaren	propagation	nber
yettenqab	yettenqav	propagation	nqeb
yettenqaben	yettenqaven	propagation	nqeb
yettenɛettab	yettenɛettav	liste	
yettenɛettaben	yettenɛettaven	propagation	nɛettab
yetteqlab	yetteqlav	propagation	qleb
yetteqlaben	yetteqlaven	propagation	qleb
yetteqrab	yetteqrav	propagation	qreb
yetteqraben	yetteqraven	propagation	qreb
yetterbaḥ	yettervaḥ	liste	
yetterbaḥen	yettervaḥen	propagation	rbeḥ
yetterḍab	yetterḍav	propagation	rḍeb
yetterḍaben	yetterḍaven	propagation	rḍeb
yettexbac	yettexvac	propagation	xbec
yettexbacen	yettexvacen	propagation	xbec
yettexbibiḍ	yettexviviḍ	liste	
yettexbibiḍen	yettexviviḍen	propagation	xbibeḍ
yettexḍab	yettexḍav	propagation	xḍeb
yettexḍaben	yettexḍaven	propagation	xḍeb
yettezɣab	yettezɣav	propagation	zɣeb
yettezɣaben	yettezɣaven	propagation	zɣeb
yetteɛjab	yetteɛjav	liste	
yetteɛjaben	yetteɛjaven	liste	
yetteɛǧab	yetteɛǧav	propagation	ɛǧeb
yetteɛǧaben	yetteɛǧaven	liste	
yetteɣlab	yetteɣlav	propagation	ɣleb
yetteɣlaben	yetteɣlaven	propagation	ɣleb
yetteɣṣab	yetteɣṣav	liste	
yetteḍlab	yetteḍlav	propagation	ḍleb
yetteḍlaben	yetteḍlaven	propagation	ḍleb
yetteḥbas	yetteḥvas	propagation	ḥbes
yetteḥbasen	yetteḥvasen	propagation	ḥbes
yetteḥsab	yetteḥsav	propagation	ḥseb
yetteḥsaben	yetteḥsaven	propagation	ḥseb
yetteṣbar	yetteṣvar	propagation	ṣber
yetteṣbaren	yetteṣvaren	propagation	ṣber
yetthabi	yetthavi	liste	
yetthabin	yetthavin	propagation	habi
yettibnin	yettivnin	propagation	ibnin
yettibninen	yettivninen	propagation	ibnin
yettibrik	yettivrik	liste	
yettibriken	yettivriken	propagation	ibrik
yettibɛid	yettivɛid	propagation	ibɛid
yettibɛiden	yettivɛiden	propagation	ibɛid
yettiqrib	yettiqriv	propagation	iqrib
yettiqriben	yettiqriven	propagation	iqrib
yettjabay	yettjavay	propagation	jab
yettjabayen	yettjavayen	propagation	jab
yettjanab	yettjanav	propagation	janeb
yettjanaben	yettjanaven	propagation	janeb
yettjawab	yettjawav	propagation	jaweb
yettjawaben	yettjawaven	propagation	jaweb
yettjebbid	yettjevvid	propagation	jebbed
yettjebbiden	yettjevviden	propagation	jebbed
yettjellib	yettjelliv	liste	
yettjerrib	yettjerriv	propagation	jerreb
yettjerriben	yettjerriven	propagation	jerreb
yettkubu	yettkuvu	liste	
yettlaqab	yettlaqav	liste	
yettlaqaben	yettlaqaven	propagation	laqeb
yettlɛab	yettlɛav	liste	
yettmecberriq	yettmecverriq	propagation	mmecberreq
yettmecberriqen	yettmecverriqen	propagation	mmecberreq
yettmuɣbun	yettmuɣvun	propagation	mmuɣben
yettmuɣbunen	yettmuɣvunen	propagation	mmuɣben
yettnabi	yettnavi	propagation	nabi
yettnabin	yettnavin	propagation	nabi
yettnasab	yettnasav	propagation	naseb
yettnasaben	yettnasaven	propagation	naseb
yettnejbad	yettnejvad	liste	
yettnejbaden	yettnejvaden	propagation	nnejbad
yettneqlab	yettneqlav	liste	
yettneqlaben	yettneqlaven	propagation	nneqlab
yettneɛtab	yettneɛtav	liste	
yettneḥsab	yettneḥsav	liste	
yettneḥsaben	yettneḥsaven	propagation	nneḥsab
yettqabal	yettqaval	liste	
yettqabalen	yettqavalen	liste	
yettqabaḥ	yettqavaḥ	propagation	qabeḥ
yettqabaḥen	yettqavaḥen	propagation	qabeḥ
yettqaṛaben	yettqaṛaven	liste	
yettqebbil	yettqevvil	propagation	qebbel
yettqebbilen	yettqevvilen	propagation	qebbel
yettqebqib	yettqevqiv	propagation	qqebqeb
yettqebqiben	yettqevqiven	propagation	qqebqeb
yettqellib	yettqelliv	liste	
yettqelliben	yettqelliven	liste	
yettqerrib	yettqerriv	liste	
yettqerriben	yettqerriven	liste	
yettqezzib	yettqezziv	liste	
yettqezziben	yettqezziven	propagation	qezzeb
yettrab	yettrav	propagation	rab
yettraben	yettraven	propagation	rab
yettrekkib	yettrekkiv	propagation	rekkeb
yettrekkiben	yettrekkiven	propagation	rekkeb
yettsab	yettsav	propagation	sab
yettsaben	yettsaven	propagation	sab
yettsib	yettsiv	propagation	sib
yettsiben	yettsiven	propagation	sib
yettttibrik	yettttivrik	liste	
yettub	yettuv	propagation	tub
yettubarak	yettuvarak	propagation	ttubarek
yettubaraken	yettuvaraken	propagation	ttubarek
yettubarek	yettuvarek	liste	
yettubarken	yettuvarken	propagation	ttubarek
yettubeddal	yettuveddal	propagation	ttubeddel
yettubeddalen	yettuveddalen	propagation	ttubeddel
yettubeddel	yettuveddel	propagation	ttubeddel
yettubeddlen	yettuveddlen	propagation	ttubeddel
yettuben	yettuven	propagation	tub
yettunejbar	yettunejvar	liste	
yettuneḥsab	yettuneḥsav	liste	
yettuneḥsaben	yettuneḥsaven	liste	
yettuneḥseb	yettuneḥsev	propagation	ttuneḥseb
yettunḥesben	yettunḥesven	propagation	ttuneḥseb
yettusbaɣ	yettusvaɣ	propagation	ttusbeɣ
yettusbaɣen	yettusvaɣen	propagation	ttusbeɣ
yettusbedd	yettusvedd	liste	
yettusbeɣ	yettusveɣ	propagation	ttusbeɣ
yettusebɣen	yettusevɣen	propagation	ttusbeɣ
yettuɛaqab	yettuɛaqav	propagation	ttuɛaqeb
yettuɛaqaben	yettuɛaqaven	propagation	ttuɛaqeb
yettuɛaqben	yettuɛaqven	propagation	ttuɛaqeb
yettuɛaqeb	yettuɛaqev	liste	
yettuḥasab	yettuḥasav	propagation	ttuḥaseb
yettuḥasaben	yettuḥasaven	propagation	ttuḥaseb
yettuḥasben	yettuḥasven	propagation	ttuḥaseb
yettuḥaseb	yettuḥasev	propagation	ttuḥaseb
yettwabdar	yettwavdar	liste	
yettwabdaren	yettwavdaren	propagation	ttwabder
yettwabder	yettwavder	liste	
yettwabeddel	yettwaveddel	liste	
yettwabeddlen	yettwaveddlen	propagation	ttwibeddel
yettwabedren	yettwavedren	propagation	ttwabder
yettwabena	yettwavena	liste	
yettwabeṭlen	yettwaveṭlen	propagation	ttwibṭel
yettwabna	yettwavna	liste	
yettwabnan	yettwavnan	liste	
yettwabnu	yettwavnu	liste	
yettwabḍa	yettwavḍa	propagation	ttwabḍu
yettwabḍan	yettwavḍan	propagation	ttwabḍu
yettwabḍay	yettwavḍay	propagation	ttwabḍu
yettwabḍayen	yettwavḍayen	propagation	ttwabḍu
yettwabḍu	yettwavḍu	propagation	ttwabḍu
yettwabḍun	yettwavḍun	propagation	ttwabḍu
yettwabḥet	yettwavḥet	liste	
yettwabṭal	yettwavṭal	propagation	ttwabṭel
yettwabṭalen	yettwavṭalen	propagation	ttwabṭel
yettwabṭel	yettwavṭel	liste	
yettwabẓen	yettwavẓen	liste	
yettwajbad	yettwajvad	propagation	ttwijbed
yettwajbaden	yettwajvaden	propagation	ttwijbed
yettwajbed	yettwajved	propagation	ttwijbed
yettwajebden	yettwajevden	propagation	ttwijbed
yettwakba	yettwakva	liste	
yettwaketben	yettwaketven	propagation	ttwikteb
yettwaktab	yettwaktav	propagation	ttwikteb
yettwaktaben	yettwaktaven	propagation	ttwikteb
yettwakteb	yettwaktev	propagation	ttwikteb
yettwaqbal	yettwaqval	liste	
yettwaqbalen	yettwaqvalen	propagation	ttwaqbel
yettwaqbel	yettwaqvel	liste	
yettwaqeblen	yettwaqevlen	liste	
yettwarab	yettwarav	propagation	wareb
yettwaraben	yettwaraven	propagation	wareb
yettwarekben	yettwarekven	liste	
yettwasbaɣ	yettwasvaɣ	propagation	ttwisbeɣ
yettwasbaɣen	yettwasvaɣen	propagation	ttwisbeɣ
yettwasbedd	yettwasvedd	liste	
yettwasbeɣ	yettwasveɣ	liste	
yettwasburen	yettwasvuren	liste	
yettwasebded	yettwasevded	liste	
yettwasebɣen	yettwasevɣen	propagation	ttwisbeɣ
yettwasrekben	yettwasrekven	liste	
yettwaxeyyab	yettwaxeyyav	liste	
yettwaxeyyben	yettwaxeyyven	liste	
yettwaxeyyeb	yettwaxeyyev	liste	
yettwaxeḍben	yettwaxeḍven	propagation	ttwixḍeb
yettwaxḍab	yettwaxḍav	propagation	ttwixḍeb
yettwaxḍaben	yettwaxḍaven	propagation	ttwixḍeb
yettwaxḍeb	yettwaxḍev	propagation	ttwixḍeb
yettwaɛaqeb	yettwaɛaqev	liste	
yettwaɛbed	yettwaɛved	liste	
yettwaɛettab	yettwaɛettav	liste	
yettwaɛetteb	yettwaɛettev	liste	
yettwaɣba	yettwaɣva	propagation	ttwaɣbu
yettwaɣban	yettwaɣvan	propagation	ttwaɣbu
yettwaɣbay	yettwaɣvay	propagation	ttwaɣbu
yettwaɣbayen	yettwaɣvayen	propagation	ttwaɣbu
yettwaɣbu	yettwaɣvu	propagation	ttwaɣbu
yettwaɣbun	yettwaɣvun	propagation	ttwaɣbu
yettwaɣelben	yettwaɣelven	propagation	ttwaɣleb
yettwaɣlab	yettwaɣlav	propagation	ttwaɣleb
yettwaɣlaben	yettwaɣlaven	propagation	ttwaɣleb
yettwaɣleb	yettwaɣlev	propagation	ttwaɣleb
yettwaḥbas	yettwaḥvas	propagation	ttwiḥbes
yettwaḥbasen	yettwaḥvasen	propagation	ttwiḥbes
yettwaḥbes	yettwaḥves	liste	
yettwaḥebsen	yettwaḥevsen	liste	
yettwaḥesben	yettwaḥesven	propagation	ttwiḥseb
yettwaḥsab	yettwaḥsav	liste	
yettwaḥsaben	yettwaḥsaven	propagation	ttwiḥseb
yettwaḥseb	yettwaḥsev	liste	
yettwaṣellben	yettwaṣellven	liste	
yettweddib	yettweddiv	liste	
yettweddiben	yettweddiven	propagation	weddeb
yettwibeddel	yettwiveddel	propagation	ttwibeddel
yettwibeddlen	yettwiveddlen	propagation	ttwibeddel
yettwibeṭlen	yettwiveṭlen	propagation	ttwibṭel
yettwibṭel	yettwivṭel	propagation	ttwibṭel
yettwibṭil	yettwivṭil	propagation	ttwibṭel
yettwibṭilen	yettwivṭilen	propagation	ttwibṭel
yettwijbed	yettwijved	propagation	ttwijbed
yettwijebden	yettwijevden	propagation	ttwijbed
yettwiketben	yettwiketven	propagation	ttwikteb
yettwikteb	yettwiktev	propagation	ttwikteb
yettwisbeɣ	yettwisveɣ	propagation	ttwisbeɣ
yettwisebɣen	yettwisevɣen	propagation	ttwisbeɣ
yettwixeḍben	yettwixeḍven	propagation	ttwixḍeb
yettwixḍeb	yettwixḍev	propagation	ttwixḍeb
yettwiḥbes	yettwiḥves	propagation	ttwiḥbes
yettwiḥebsen	yettwiḥevsen	propagation	ttwiḥbes
yettwiḥesben	yettwiḥesven	propagation	ttwiḥseb
yettwiḥseb	yettwiḥsev	propagation	ttwiḥseb
yettxab	yettxav	propagation	xab
yettxaben	yettxaven	propagation	xab
yettzerriben	yettzerriven	liste	
yettzeɣɣeb	yettzeɣɣev	liste	
yettǧellib	yettǧelliv	propagation	ǧelleb
yettǧelliben	yettǧelliven	propagation	ǧelleb
yettɛaqab	yettɛaqav	liste	
yettɛaqaben	yettɛaqaven	propagation	ɛaqeb
yettɛebbid	yettɛevvid	propagation	ɛebbed
yettɛebbiden	yettɛevviden	propagation	ɛebbed
yettɛeggib	yettɛeggiv	propagation	ɛeggeb
yettɛeggiben	yettɛeggiven	propagation	ɛeggeb
yettɛettib	yettɛettiv	liste	
yettɛettiben	yettɛettiven	propagation	ɛetteb
yettɛeyyib	yettɛeyyiv	propagation	ɛeyyeb
yettɛeyyiben	yettɛeyyiven	propagation	ɛeyyeb
yettɛib	yettɛiv	propagation	ɛib
yettɛiben	yettɛiven	propagation	ɛib
yettɣab	yettɣav	liste	
yettɣaben	yettɣaven	propagation	ɣab
yettɣeṛṛib	yettɣeṛṛiv	liste	
yettɣib	yettɣiv	liste	
yettɣiben	yettɣiven	propagation	ɣib
yettḥarab	yettḥarav	liste	
yettḥaraben	yettḥaraven	liste	
yettḥasab	yettḥasav	propagation	ḥaseb
yettḥasaben	yettḥasaven	propagation	ḥaseb
yettḥebbis	yettḥevvis	propagation	ḥebbes
yettḥebbisen	yettḥevvisen	propagation	ḥebbes
yettḥezzib	yettḥezziv	propagation	ḥezzeb
yettḥezziben	yettḥezziven	liste	
yettṛekkib	yettṛekkiv	liste	
yettṣaba	yettṣava	propagation	ṣab
yettṣaban	yettṣavan	propagation	ṣab
yettṣellib	yettṣelliv	propagation	ṣelleb
yettṣelliben	yettṣelliven	propagation	ṣelleb
yettṣelliɣefnnbi	yettṣelliɣefnnvi	liste	
yettṣewwib	yettṣewwiv	liste	
yettṣewwiben	yettṣewwiven	liste	
yettẓerrib	yettẓerriv	propagation	ẓerreb
yettẓerriben	yettẓerriven	propagation	ẓerreb
yetzeɣɣeb	yetzeɣɣev	liste	
yetɛejjben	yetɛejjven	liste	
yetɛejjeb	yetɛejjev	liste	
yetɛeğğeb	yetɛeğğev	liste	
yetɛeǧǧben	yetɛeǧǧven	propagation	tɛeǧǧeb
yetɛeǧǧeb	yetɛeǧǧev	propagation	tɛeǧǧeb
yetɛeǧǧib	yetɛeǧǧiv	propagation	tɛeǧǧeb
yetɛeǧǧiben	yetɛeǧǧiven	propagation	tɛeǧǧeb
yetɣeṛṛben	yetɣeṛṛven	liste	
yewǧeb	yewǧev	propagation	wǧeb
yewǧib	yewǧiv	propagation	wǧeb
yexbabeḍ	yexvaveḍ	liste	
yexbabḍen	yexvavḍen	propagation	xbibeḍ
yexbec	yexvec	liste	
yexbibeḍ	yexviveḍ	propagation	xbibeḍ
yexbibḍen	yexvivḍen	propagation	xbibeḍ
yexbic	yexvic	propagation	xbec
yexreb	yexrev	liste	
yexrib	yexriv	propagation	xreb
yexḍeb	yexḍev	liste	
yexḍib	yexḍiv	propagation	xḍeb
yexṛeb	yexṛev	liste	
yezbel	yezvel	propagation	zbel
yezbil	yezvil	propagation	zbel
yezbu	yezvu	liste	
yezreb	yezrev	liste	
yezrib	yezriv	propagation	zreb
yezzerbeq	yezzerveq	liste	
yezɣeb	yezɣev	liste	
yezɣib	yezɣiv	propagation	zɣeb
yeččekkib	yeččekkiv	liste	
yeɛba	yeɛva	propagation	ɛbu
yeɛban	yeɛvan	propagation	ɛbu
yeɛbed	yeɛved	liste	
yeɛbi	yeɛvi	propagation	ɛbu
yeɛbid	yeɛvid	propagation	ɛbed
yeɛbu	yeɛvu	propagation	ɛbu
yeɛbun	yeɛvun	propagation	ɛbu
yeɛeǧben	yeɛeǧven	liste	
yeɛjeb	yeɛjev	liste	
yeɛjib	yeɛjiv	liste	
yeɛqub	yeɛquv	liste	
yeɛteb	yeɛtev	propagation	ɛteb
yeɛtib	yeɛtiv	propagation	ɛteb
yeɛǧeb	yeɛǧev	liste	
yeɛǧib	yeɛǧiv	liste	
yeɣba	yeɣva	liste	
yeɣban	yeɣvan	propagation	ɣbu
yeɣbi	yeɣvi	propagation	ɣbu
yeɣbu	yeɣvu	liste	
yeɣbun	yeɣvun	propagation	ɣbu
yeɣleb	yeɣlev	liste	
yeɣlib	yeɣliv	propagation	ɣleb
yeɣriben	yeɣriven	liste	
yeɣṣeb	yeɣṣev	liste	
yeɣṣib	yeɣṣiv	propagation	ɣṣeb
yeεteb	yeεtev	liste	
yeεǧeb	yeεǧev	liste	
yeεǧib	yeεǧiv	liste	
yeḍbeɛ	yeḍveɛ	propagation	ḍbeɛ
yeḍbeṛ	yeḍveṛ	liste	
yeḍbiɛ	yeḍviɛ	propagation	ḍbeɛ
yeḍleb	yeḍlev	liste	
yeḍlib	yeḍliv	liste	
yeḥba	yeḥva	liste	
yeḥbes	yeḥves	liste	
yeḥbiben	yeḥviven	liste	
yeḥbis	yeḥvis	liste	
yeḥjeb	yeḥjev	liste	
yeḥsab	yeḥsav	liste	
yeḥseb	yeḥsev	liste	
yeḥsib	yeḥsiv	liste	
yeḥǧeb	yeḥǧev	liste	
yeḥǧib	yeḥǧiv	propagation	ḥǧeb
yeṛba	yeṛva	liste	
yeṣber	yeṣver	liste	
yeṣbeḥ	yeṣveḥ	propagation	ṣbeḥ
yeṣbir	yeṣvir	liste	
yeṣbiḥ	yeṣviḥ	liste	
yeṣleb	yeṣlev	propagation	ṣleb
yeṣlib	yeṣliv	propagation	ṣleb
yeṣweb	yeṣwev	propagation	ṣweb
yeṣwib	yeṣwiv	propagation	ṣweb
yeṣɛeb	yeṣɛev	liste	
yeṣɛib	yeṣɛiv	propagation	ṣɛeb
yeṣṣerbak	yeṣṣervak	propagation	ṣṣerbek
yeṣṣerbaken	yeṣṣervaken	propagation	ṣṣerbek
yeṣṣerbek	yeṣṣervek	propagation	ṣṣerbek
yeṣṣrebken	yeṣṣrevken	propagation	ṣṣerbek
yeṭebṭeb	yeṭevṭev	liste	
yeṭṭabaɛ	yeṭṭavaɛ	propagation	ḍbeɛ
yeṭṭabaɛen	yeṭṭavaɛen	propagation	ḍbeɛ
yeṭṭalab	yeṭṭalav	liste	
yeṭṭalaben	yeṭṭalaven	liste	
yeṭṭbeṭben	yeṭṭveṭven	propagation	ṭṭebṭeb
yeṭṭebṭeb	yeṭṭevṭev	liste	
yeṭṭebṭib	yeṭṭevṭiv	propagation	ṭṭebṭeb
yeṭṭebṭiben	yeṭṭevṭiven	propagation	ṭṭebṭeb
yeṭṭennib	yeṭṭenniv	liste	
yeṭṭeyyib	yeṭṭeyyiv	propagation	ṭeyyeb
yeṭṭeyyiben	yeṭṭeyyiven	propagation	ṭeyyeb
yeẓber	yeẓver	propagation	ẓber
yeẓbir	yeẓvir	propagation	ẓber
yibabaten	yivavaten	liste	
yibabdaren	yivavdaren	liste	
yibalmuden	yivalmuden	liste	
yibaw	yivaw	liste	
yibawen	yivawen	liste	
yibaḍniyen	yivaḍniyen	liste	
yibeccan	yiveccan	liste	
yibeckiḍen	yiveckiḍen	liste	
yibeddi	yiveddi	liste	
yibeddilen	yiveddilen	liste	
yibekkan	yivekkan	liste	
yibennayen	yivennayen	liste	
yibeqqayen	yiveqqayen	liste	
yiberdan	yiverdan	liste	
yiberkanen	yiverkanen	liste	
yibernas	yivernas	liste	
yiberraniyen	yiverraniyen	liste	
yiberriq	yiverriq	liste	
yiberriqen	yiverriqen	liste	
yiberriḥen	yiverriḥen	liste	
yibetṛunen	yivetṛunen	liste	
yibeɛɛac	yiveɛɛac	liste	
yibeɛɛucen	yiveɛɛucen	liste	
yibeṛṛaniyen	yiveṛṛaniyen	liste	
yibeṭṭun	yiveṭṭun	liste	
yibiw	yiviw	liste	
yibkan	yivkan	liste	
yibki	yivki	liste	
yiblaḍen	yivlaḍen	liste	
yibnin	yivnin	liste	
yibninen	yivninen	propagation	ibnin
yibrik	yivrik	propagation	ibrik
yibriken	yivriken	propagation	ibrik
yibujaden	yivujaden	liste	
yibuqalen	yivuqalen	liste	
yibuzgen	yivuzgen	liste	
yibɛid	yivɛid	propagation	ibɛid
yibɛiden	yivɛiden	propagation	ibɛid
yibɣi	yivɣi	liste	
yidebder	yidevder	liste	
yihamburgren	yihamvurgren	liste	
yijeɛbuben	yijeɛvuven	liste	
yikabaren	yikavaren	liste	
yikɛeb	yikɛev	liste	
yimaɣban	yimaɣvan	liste	
yimaḥbas	yimaḥvas	liste	
yimednuben	yimednuven	liste	
yimehbal	yimehval	liste	
yimesbaniyen	yimesvaniyen	liste	
yimesbaɣuren	yimesvaɣuren	liste	
yimesbaṭliyen	yimesvaṭliyen	liste	
yimeslab	yimeslav	liste	
yimesluben	yimesluven	liste	
yimesrebraben	yimesrevraven	liste	
yimessebriden	yimessevriden	liste	
yimeɣban	yimeɣvan	liste	
yimeḥbas	yimeḥvas	liste	
yimkeber	yimkever	liste	
yimkebren	yimkevren	liste	
yimḍeber	yimḍever	liste	
yimḍebren	yimḍevren	liste	
yimṛabḍen	yimṛavḍen	liste	
yimẓabiyen	yimẓaviyen	liste	
yimẓerbeḍḍa	yimẓerveḍḍa	liste	
yimẓerbeṭṭa	yimẓerveṭṭa	liste	
yinebgawen	yinevgawen	liste	
yinebgi	yinevgi	liste	
yinebgiwen	yinevgiwen	liste	
yinexḍaben	yinexḍaven	liste	
yinuban	yinuvan	liste	
yiqbac	yiqvac	liste	
yiqbayliyen	yiqvayliyen	liste	
yiqbucen	yiqvucen	liste	
yiqrib	yiqriv	propagation	iqrib
yiqriben	yiqriven	propagation	iqrib
yirbeḥ	yirveḥ	liste	
yirebraben	yirevraven	liste	
yisebdaden	yisevdaden	liste	
yisebddaden	yisevddaden	liste	
yisebtar	yisevtar	liste	
yisebtaren	yisevtaren	liste	
yitbir	yitvir	liste	
yixerban	yixervan	liste	
yizubaq	yizuvaq	liste	
yiɛibanen	yiɛivanen	liste	
yiɣbula	yiɣvula	liste	
yiɣeblan	yiɣevlan	liste	
yiɣerban	yiɣervan	liste	
yiɣerbazen	yiɣervazen	liste	
yiɣerruba	yiɣerruva	liste	
yiɣraben	yiɣraven	liste	
yiɣriben	yiɣriven	liste	
yiḍebsiyen	yiḍevsiyen	liste	
yiḥbiben	yiḥviven	liste	
yiḥbuben	yiḥvuven	liste	
yiḥezziben	yiḥezziven	liste	
yqeṛben	yqeṛven	liste	
yuba	yuva	liste	
yubal	yuval	liste	
yuban	yuvan	liste	
yxeṭṭeb	yxeṭṭev	liste	
zabdi	zavdi	liste	
zabul	zavul	liste	
zabulun	zavulun	liste	
zbel	zvel	liste	
zbilen	zvilen	propagation	zbel
zbilent	zvilent	propagation	zbel
zbileɣ	zvileɣ	propagation	zbel
zebbel	zevvel	propagation	zbel
zebblemt	zevvlemt	propagation	zbel
zebblen	zevvlen	propagation	zbel
zebblent	zevvlent	propagation	zbel
zebblet	zevvlet	propagation	zbel
zebbleɣ	zevvleɣ	propagation	zbel
zebdi	zevdi	liste	
zeblemt	zevlemt	propagation	zbel
zeblen	zevlen	propagation	zbel
zeblent	zevlent	propagation	zbel
zeblet	zevlet	propagation	zbel
zebleɣ	zevleɣ	propagation	zbel
zebleḥ	zevleḥ	liste	
zerbemt	zervemt	liste	
zerben	zerven	propagation	zreb
zerbent	zervent	propagation	zreb
zerbet	zervet	propagation	zreb
zerbeɣ	zerveɣ	liste	
zerrbemt	zerrvemt	propagation	zreb
zerrben	zerrven	liste	
zerrbent	zerrvent	propagation	zreb
zerrbet	zerrvet	propagation	zreb
zerrbeɣ	zerrveɣ	liste	
zerreb	zerrev	liste	
zeɣbemt	zeɣvemt	propagation	zɣeb
zeɣben	zeɣven	propagation	zɣeb
zeɣbent	zeɣvent	propagation	zɣeb
zeɣbet	zeɣvet	propagation	zɣeb
zeɣbeɣ	zeɣveɣ	liste	
zreb	zrev	liste	
zriben	zriven	propagation	zreb
zribent	zrivent	propagation	zreb
zribeɣ	zriveɣ	propagation	zreb
zubir	zuvir	liste	
zzbel	zzvel	liste	
zzbib	zzviv	liste	
zzerb	zzerv	liste	
zzerban	zzervan	liste	
zzeṛb	zzeṛv	liste	
zzubuteɣ	zzuvuteɣ	liste	
zɣeb	zɣev	propagation	zɣeb
zɣiben	zɣiven	propagation	zɣeb
zɣibent	zɣivent	propagation	zɣeb
zɣibeɣ	zɣiveɣ	propagation	zɣeb
ǧebran	ǧevran	liste	
ǧebrayel	ǧevrayel	liste	
ǧelben	ǧelven	liste	
ǧellbemt	ǧellvemt	liste	
ǧellben	ǧellven	liste	
ǧellbent	ǧellvent	propagation	ǧelleb
ǧellbet	ǧellvet	liste	
ǧellbeɣ	ǧellveɣ	liste	
ǧelleb	ǧellev	liste	
ǧelliben	ǧelliven	liste	
ɛab	ɛav	propagation	ɛab
ɛabdelqader	ɛavdelqader	liste	
ɛabdelḥakim	ɛavdelḥakim	liste	
ɛabdeṛṛeḥman	ɛavdeṛṛeḥman	liste	
ɛabemt	ɛavemt	propagation	ɛab
ɛaben	ɛaven	propagation	ɛib
ɛabent	ɛavent	propagation	ɛib
ɛabet	ɛavet	propagation	ɛab
ɛabeɣ	ɛaveɣ	liste	
ɛaqbemt	ɛaqvemt	propagation	ɛaqeb
ɛaqben	ɛaqven	liste	
ɛaqbent	ɛaqvent	propagation	ɛaqeb
ɛaqbet	ɛaqvet	propagation	ɛaqeb
ɛaqbeɣ	ɛaqveɣ	liste	
ɛaqeb	ɛaqev	liste	
ɛban	ɛvan	propagation	ɛbu
ɛbant	ɛvant	propagation	ɛbu
ɛbed	ɛved	liste	
ɛbiden	ɛviden	liste	
ɛbident	ɛvident	propagation	ɛbed
ɛbideɣ	ɛvideɣ	propagation	ɛbed
ɛbin	ɛvin	propagation	ɛbu
ɛbint	ɛvint	propagation	ɛbu
ɛbiɣ	ɛviɣ	propagation	ɛbu
ɛbu	ɛvu	propagation	ɛbu
ɛbumt	ɛvumt	propagation	ɛbu
ɛbun	ɛvun	propagation	ɛbu
ɛbunt	ɛvunt	propagation	ɛbu
ɛbut	ɛvut	propagation	ɛbu
ɛbuɣ	ɛvuɣ	propagation	ɛbu
ɛebbdemt	ɛevvdemt	propagation	ɛebbed
ɛebbden	ɛevvden	propagation	ɛebbed
ɛebbdent	ɛevvdent	propagation	ɛebbed
ɛebbdet	ɛevvdet	propagation	ɛebbed
ɛebbdeɣ	ɛevvdeɣ	propagation	ɛebbed
ɛebbed	ɛevved	propagation	ɛebbed
ɛebbu	ɛevvu	propagation	ɛbu
ɛebbumt	ɛevvumt	propagation	ɛbu
ɛebbun	ɛevvun	propagation	ɛbu
ɛebbunt	ɛevvunt	propagation	ɛbu
ɛebbut	ɛevvut	propagation	ɛbu
ɛebbuɣ	ɛevvuɣ	propagation	ɛbu
ɛebd	ɛevd	liste	
ɛebdelkader	ɛevdelkader	liste	
ɛebdelkrim	ɛevdelkrim	liste	
ɛebdella	ɛevdella	liste	
ɛebdellah	ɛevdellah	liste	
ɛebdelmalek	ɛevdelmalek	liste	
ɛebdelmalik	ɛevdelmalik	liste	
ɛebdelmumen	ɛevdelmumen	liste	
ɛebdelqader	ɛevdelqader	liste	
ɛebdelɛaziz	ɛevdelɛaziz	liste	
ɛebdelḥafiḍ	ɛevdelḥafiḍ	liste	
ɛebdemt	ɛevdemt	propagation	ɛbed
ɛebden	ɛevden	liste	
ɛebdennur	ɛevdennur	liste	
ɛebdent	ɛevdent	liste	
ɛebderreḥman	ɛevderreḥman	liste	
ɛebdet	ɛevdet	liste	
ɛebdeɣ	ɛevdeɣ	liste	
ɛebdnnur	ɛevdnnur	liste	
ɛebdnur	ɛevdnur	liste	
ɛebdrreḥman	ɛevdrreḥman	liste	
ɛeggbemt	ɛeggvemt	propagation	ɛeggeb
ɛeggben	ɛeggven	liste	
ɛeggbent	ɛeggvent	propagation	ɛeggeb
ɛeggbet	ɛeggvet	propagation	ɛeggeb
ɛeggbeɣ	ɛeggveɣ	propagation	ɛeggeb
ɛeggeb	ɛeggev	propagation	ɛeggeb
ɛejben	ɛejven	liste	
ɛejbent	ɛejvent	liste	
ɛejbeɣ	ɛejveɣ	liste	
ɛejjbeɣ	ɛejjveɣ	liste	
ɛennaba	ɛennava	liste	
ɛerjben	ɛerjven	liste	
ɛerqub	ɛerquv	liste	
ɛetbemt	ɛetvemt	propagation	ɛteb
ɛetben	ɛetven	liste	
ɛetbent	ɛetvent	liste	
ɛetbet	ɛetvet	propagation	ɛteb
ɛetbeɣ	ɛetveɣ	liste	
ɛettbemt	ɛettvemt	propagation	ɛetteb
ɛettben	ɛettven	liste	
ɛettbent	ɛettvent	liste	
ɛettbet	ɛettvet	propagation	ɛetteb
ɛettbeɣ	ɛettveɣ	liste	
ɛetteb	ɛettev	propagation	ɛetteb
ɛeyybemt	ɛeyyvemt	propagation	ɛeyyeb
ɛeyyben	ɛeyyven	propagation	ɛeyyeb
ɛeyybent	ɛeyyvent	propagation	ɛeyyeb
ɛeyybet	ɛeyyvet	propagation	ɛeyyeb
ɛeyybeɣ	ɛeyyveɣ	propagation	ɛeyyeb
ɛeyyeb	ɛeyyev	propagation	ɛeyyeb
ɛeǧbemt	ɛeǧvemt	propagation	ɛǧeb
ɛeǧben	ɛeǧven	liste	
ɛeǧbent	ɛeǧvent	liste	
ɛeǧbet	ɛeǧvet	propagation	ɛǧeb
ɛeǧbeɣ	ɛeǧveɣ	liste	
ɛib	ɛiv	propagation	ɛib
ɛibemt	ɛivemt	propagation	ɛib
ɛiben	ɛiven	propagation	ɛib
ɛibent	ɛivent	propagation	ɛib
ɛibet	ɛivet	propagation	ɛib
ɛibeɣ	ɛiveɣ	propagation	ɛib
ɛibir	ɛivir	liste	
ɛjibeɣ	ɛjiveɣ	liste	
ɛlaḥsab	ɛlaḥsav	liste	
ɛteb	ɛtev	propagation	ɛteb
ɛtiben	ɛtiven	liste	
ɛtibent	ɛtivent	propagation	ɛteb
ɛtibeɣ	ɛtiveɣ	propagation	ɛteb
ɛuqben	ɛuqven	propagation	ɛaqeb
ɛuqbent	ɛuqvent	propagation	ɛaqeb
ɛuqbeɣ	ɛuqveɣ	liste	
ɛǧeb	ɛǧev	liste	
ɛǧiben	ɛǧiven	liste	
ɛǧibent	ɛǧivent	liste	
ɛǧibeɣ	ɛǧiveɣ	liste	
ɣab	ɣav	propagation	ɣab
ɣabemt	ɣavemt	propagation	ɣab
ɣaben	ɣaven	liste	
ɣabent	ɣavent	liste	
ɣabet	ɣavet	propagation	ɣab
ɣabeɣ	ɣaveɣ	liste	
ɣaleb	ɣalev	liste	
ɣbalu	ɣvalu	liste	
ɣban	ɣvan	liste	
ɣbant	ɣvant	liste	
ɣbecca	ɣvecca	liste	
ɣbin	ɣvin	propagation	ɣbu
ɣbint	ɣvint	propagation	ɣbu
ɣbiɣ	ɣviɣ	propagation	ɣbu
ɣbu	ɣvu	propagation	ɣbu
ɣbumt	ɣvumt	propagation	ɣbu
ɣbun	ɣvun	liste	
ɣbunt	ɣvunt	propagation	ɣbu
ɣbut	ɣvut	propagation	ɣbu
ɣbuɣ	ɣvuɣ	propagation	ɣbu
ɣebbu	ɣevvu	propagation	ɣbu
ɣebbumt	ɣevvumt	propagation	ɣbu
ɣebbun	ɣevvun	propagation	ɣbu
ɣebbunt	ɣevvunt	propagation	ɣbu
ɣebbut	ɣevvut	propagation	ɣbu
ɣebbuɣ	ɣevvuɣ	propagation	ɣbu
ɣelbemt	ɣelvemt	propagation	ɣleb
ɣelben	ɣelven	liste	
ɣelbent	ɣelvent	liste	
ɣelbet	ɣelvet	propagation	ɣleb
ɣelbeɣ	ɣelveɣ	liste	
ɣembu	ɣemvu	liste	
ɣenbu	ɣenvu	liste	
ɣerbaz	ɣervaz	liste	
ɣesbeɣ	ɣesveɣ	liste	
ɣeṛṛbent	ɣeṛṛvent	liste	
ɣeṛṛeb	ɣeṛṛev	liste	
ɣeṣbemt	ɣeṣvemt	liste	
ɣeṣben	ɣeṣven	liste	
ɣeṣbent	ɣeṣvent	liste	
ɣeṣbet	ɣeṣvet	liste	
ɣeṣbeɣ	ɣeṣveɣ	liste	
ɣeṣṣbemt	ɣeṣṣvemt	propagation	ɣṣeb
ɣeṣṣben	ɣeṣṣven	liste	
ɣeṣṣbent	ɣeṣṣvent	liste	
ɣeṣṣbet	ɣeṣṣvet	propagation	ɣṣeb
ɣeṣṣbeɣ	ɣeṣṣveɣ	liste	
ɣeṣṣeb	ɣeṣṣev	liste	
ɣib	ɣiv	propagation	ɣib
ɣibemt	ɣivemt	propagation	ɣib
ɣiben	ɣiven	propagation	ɣib
ɣibent	ɣivent	propagation	ɣib
ɣibet	ɣivet	propagation	ɣib
ɣibeɣ	ɣiveɣ	propagation	ɣib
ɣleb	ɣlev	liste	
ɣliben	ɣliven	liste	
ɣlibent	ɣlivent	propagation	ɣleb
ɣlibeɣ	ɣliveɣ	propagation	ɣleb
ɣriba	ɣriva	liste	
ɣurekabrid	ɣurekavrid	liste	
ɣṣeb	ɣṣev	liste	
ɣṣiben	ɣṣiven	propagation	ɣṣeb
ɣṣibent	ɣṣivent	propagation	ɣṣeb
ɣṣibeɣ	ɣṣiveɣ	liste	
εeǧben	εeǧven	liste	
εeǧbent	εeǧvent	liste	
εeǧbeɣ	εeǧveɣ	liste	
εǧeb	εǧev	liste	
εǧiben	εǧiven	liste	
εǧibent	εǧivent	liste	
εǧibeɣ	εǧiveɣ	liste	
ԑebdelqader	ԑevdelqader	liste	
ԑebdennur	ԑevdennur	liste	
ԑebderraḥman	ԑevderraḥman	liste	
ԑeber	ԑever	liste	
ḍalbemt	ḍalvemt	propagation	ḍaleb
ḍalben	ḍalven	propagation	ḍaleb
ḍalbent	ḍalvent	propagation	ḍaleb
ḍalbet	ḍalvet	propagation	ḍaleb
ḍalbeɣ	ḍalveɣ	propagation	ḍaleb
ḍaleb	ḍalev	propagation	ḍaleb
ḍbeɛ	ḍveɛ	propagation	ḍbeɛ
ḍbiɛen	ḍviɛen	propagation	ḍbeɛ
ḍbiɛent	ḍviɛent	propagation	ḍbeɛ
ḍbiɛeɣ	ḍviɛeɣ	propagation	ḍbeɛ
ḍebbɛeɣ	ḍevvɛeɣ	liste	
ḍeber	ḍever	liste	
ḍebren	ḍevren	liste	
ḍebret	ḍevret	liste	
ḍebreɣ	ḍevreɣ	liste	
ḍebɛemt	ḍevɛemt	propagation	ḍbeɛ
ḍebɛen	ḍevɛen	liste	
ḍebɛent	ḍevɛent	propagation	ḍbeɛ
ḍebɛet	ḍevɛet	propagation	ḍbeɛ
ḍebɛeɣ	ḍevɛeɣ	liste	
ḍelbemt	ḍelvemt	propagation	ḍleb
ḍelben	ḍelven	liste	
ḍelbent	ḍelvent	liste	
ḍelbet	ḍelvet	propagation	ḍleb
ḍelbeɣ	ḍelveɣ	liste	
ḍleb	ḍlev	liste	
ḍliben	ḍliven	propagation	ḍleb
ḍlibent	ḍlivent	propagation	ḍleb
ḍlibeɣ	ḍliveɣ	propagation	ḍleb
ḍulben	ḍulven	propagation	ḍaleb
ḍulbent	ḍulvent	propagation	ḍaleb
ḍulbeɣ	ḍulveɣ	propagation	ḍaleb
ḥarbe	ḥarve	liste	
ḥarbem	ḥarvem	liste	
ḥarbemt	ḥarvemt	liste	
ḥarben	ḥarven	propagation	ḥareb
ḥarbent	ḥarvent	propagation	ḥareb
ḥarbet	ḥarvet	propagation	ḥareb
ḥarbeɣ	ḥarveɣ	propagation	ḥareb
ḥareb	ḥarev	liste	
ḥasbemt	ḥasvemt	propagation	ḥaseb
ḥasben	ḥasven	propagation	ḥaseb
ḥasbent	ḥasvent	propagation	ḥaseb
ḥasbet	ḥasvet	propagation	ḥaseb
ḥasbeɣ	ḥasveɣ	liste	
ḥaseb	ḥasev	liste	
ḥbes	ḥves	liste	
ḥbibi	ḥvivi	liste	
ḥbise	ḥvise	liste	
ḥbisen	ḥvisen	propagation	ḥbes
ḥbisent	ḥvisent	propagation	ḥbes
ḥbiseɣ	ḥviseɣ	propagation	ḥbes
ḥebbes	ḥevves	propagation	ḥebbes
ḥebbsemt	ḥevvsemt	propagation	ḥebbes
ḥebbsen	ḥevvsen	liste	
ḥebbsent	ḥevvsent	liste	
ḥebbset	ḥevvset	propagation	ḥebbes
ḥebbseɣ	ḥevvseɣ	propagation	ḥebbes
ḥeber	ḥever	liste	
ḥebrurec	ḥevrurec	liste	
ḥebruri	ḥevruri	liste	
ḥebsem	ḥevsem	liste	
ḥebsemt	ḥevsemt	liste	
ḥebsen	ḥevsen	liste	
ḥebsent	ḥevsent	liste	
ḥebset	ḥevset	liste	
ḥebseɣ	ḥevseɣ	liste	
ḥejben	ḥejven	liste	
ḥesbemt	ḥesvemt	liste	
ḥesben	ḥesven	liste	
ḥesbent	ḥesvent	liste	
ḥesbet	ḥesvet	liste	
ḥesbeɣ	ḥesveɣ	liste	
ḥesbsemt	ḥesvsemt	liste	
ḥessben	ḥessven	liste	
ḥessbeɣ	ḥessveɣ	liste	
ḥesseb	ḥessev	liste	
ḥettben	ḥettven	liste	
ḥettbeɣ	ḥettveɣ	liste	
ḥetteb	ḥettev	liste	
ḥezzbemt	ḥezzvemt	liste	
ḥezzben	ḥezzven	propagation	ḥezzeb
ḥezzbent	ḥezzvent	propagation	ḥezzeb
ḥezzbet	ḥezzvet	liste	
ḥezzbeɣ	ḥezzveɣ	propagation	ḥezzeb
ḥezzeb	ḥezzev	liste	
ḥeǧbemt	ḥeǧvemt	propagation	ḥǧeb
ḥeǧben	ḥeǧven	liste	
ḥeǧbent	ḥeǧvent	propagation	ḥǧeb
ḥeǧbet	ḥeǧvet	propagation	ḥǧeb
ḥeǧbeɣ	ḥeǧveɣ	propagation	ḥǧeb
ḥeǧǧbemt	ḥeǧǧvemt	propagation	ḥǧeb
ḥeǧǧben	ḥeǧǧven	propagation	ḥǧeb
ḥeǧǧbent	ḥeǧǧvent	propagation	ḥǧeb
ḥeǧǧbet	ḥeǧǧvet	propagation	ḥǧeb
ḥeǧǧbeɣ	ḥeǧǧveɣ	propagation	ḥǧeb
ḥeǧǧeb	ḥeǧǧev	propagation	ḥǧeb
ḥeṣbet	ḥeṣvet	liste	
ḥizeb	ḥizev	liste	
ḥsab	ḥsav	liste	
ḥseb	ḥsev	liste	
ḥsebemt	ḥsevemt	liste	
ḥsebet	ḥsevet	liste	
ḥsiben	ḥsiven	propagation	ḥseb
ḥsibent	ḥsivent	propagation	ḥseb
ḥsibeɣ	ḥsiveɣ	liste	
ḥsseb	ḥssev	liste	
ḥurben	ḥurven	liste	
ḥurbent	ḥurvent	propagation	ḥareb
ḥurbeɣ	ḥurveɣ	propagation	ḥareb
ḥusben	ḥusven	propagation	ḥaseb
ḥusbent	ḥusvent	propagation	ḥaseb
ḥusbeɣ	ḥusveɣ	propagation	ḥaseb
ḥǧeb	ḥǧev	propagation	ḥǧeb
ḥǧiben	ḥǧiven	propagation	ḥǧeb
ḥǧibent	ḥǧivent	propagation	ḥǧeb
ḥǧibeɣ	ḥǧiveɣ	propagation	ḥǧeb
ḥṣeb	ḥṣev	liste	
ṛabul	ṛavul	liste	
ṛban	ṛvan	liste	
ṛbeɛtac	ṛveɛtac	liste	
ṛebu	ṛevu	liste	
ṛebɛa	ṛevɛa	liste	
ṛebɛalaf	ṛevɛalaf	liste	
ṛebɛin	ṛevɛin	liste	
ṛṛabɛa	ṛṛavɛa	liste	
ṛṛbiɛ	ṛṛviɛ	liste	
ṛṛbiɣ	ṛṛviɣ	liste	
ṛṛebɛa	ṛṛevɛa	liste	
ṛṛeḥba	ṛṛeḥva	liste	
ṛṛeḥbat	ṛṛeḥvat	liste	
ṛṛḍuba	ṛṛḍuva	liste	
ṣab	ṣav	propagation	ṣab
ṣabemt	ṣavemt	propagation	ṣab
ṣaben	ṣaven	propagation	ṣab
ṣabent	ṣavent	propagation	ṣab
ṣabet	ṣavet	propagation	ṣab
ṣabeɣ	ṣaveɣ	propagation	ṣab
ṣabun	ṣavun	liste	
ṣbaḥ	ṣvaḥ	liste	
ṣber	ṣver	liste	
ṣbeḥ	ṣveḥ	liste	
ṣbiren	ṣviren	propagation	ṣber
ṣbirent	ṣvirent	propagation	ṣber
ṣbireɣ	ṣvireɣ	propagation	ṣber
ṣbiḥen	ṣviḥen	propagation	ṣbeḥ
ṣbiḥent	ṣviḥent	propagation	ṣbeḥ
ṣbiḥeɣ	ṣviḥeɣ	propagation	ṣbeḥ
ṣebbeḥ	ṣevveḥ	propagation	ṣbeḥ
ṣebbḥemt	ṣevvḥemt	propagation	ṣbeḥ
ṣebbḥen	ṣevvḥen	propagation	ṣbeḥ
ṣebbḥent	ṣevvḥent	propagation	ṣbeḥ
ṣebbḥet	ṣevvḥet	propagation	ṣbeḥ
ṣebbḥeɣ	ṣevvḥeɣ	propagation	ṣbeḥ
ṣeber	ṣever	liste	
ṣebrem	ṣevrem	liste	
ṣebremt	ṣevremt	propagation	ṣber
ṣebren	ṣevren	liste	
ṣebrent	ṣevrent	liste	
ṣebret	ṣevret	liste	
ṣebreɣ	ṣevreɣ	liste	
ṣebḥemt	ṣevḥemt	propagation	ṣbeḥ
ṣebḥen	ṣevḥen	propagation	ṣbeḥ
ṣebḥent	ṣevḥent	propagation	ṣbeḥ
ṣebḥet	ṣevḥet	propagation	ṣbeḥ
ṣebḥeɣ	ṣevḥeɣ	liste	
ṣebṛemt	ṣevṛemt	liste	
ṣebṛen	ṣevṛen	liste	
ṣebṛet	ṣevṛet	liste	
ṣebṛeɣ	ṣevṛeɣ	liste	
ṣelbemt	ṣelvemt	propagation	ṣleb
ṣelben	ṣelven	propagation	ṣleb
ṣelbent	ṣelvent	propagation	ṣleb
ṣelbet	ṣelvet	propagation	ṣleb
ṣelbeɣ	ṣelveɣ	propagation	ṣleb
ṣellbemt	ṣellvemt	propagation	ṣelleb
ṣellben	ṣellven	liste	
ṣellbent	ṣellvent	propagation	ṣelleb
ṣellbet	ṣellvet	propagation	ṣelleb
ṣellbeɣ	ṣellveɣ	propagation	ṣelleb
ṣelleb	ṣellev	propagation	ṣelleb
ṣewbemt	ṣewvemt	propagation	ṣweb
ṣewben	ṣewven	propagation	ṣweb
ṣewbent	ṣewvent	propagation	ṣweb
ṣewbet	ṣewvet	propagation	ṣweb
ṣewbeɣ	ṣewveɣ	propagation	ṣweb
ṣewwbemt	ṣewwvemt	liste	
ṣewwben	ṣewwven	propagation	ṣweb
ṣewwbent	ṣewwvent	propagation	ṣweb
ṣewwbet	ṣewwvet	propagation	ṣweb
ṣewwbeɣ	ṣewwveɣ	propagation	ṣweb
ṣewweb	ṣewwev	liste	
ṣeɛbemt	ṣeɛvemt	propagation	ṣɛeb
ṣeɛben	ṣeɛven	liste	
ṣeɛbent	ṣeɛvent	liste	
ṣeɛbet	ṣeɛvet	propagation	ṣɛeb
ṣeɛbeɣ	ṣeɛveɣ	liste	
ṣeɛɛbemt	ṣeɛɛvemt	propagation	ṣɛeb
ṣeɛɛben	ṣeɛɛven	propagation	ṣɛeb
ṣeɛɛbent	ṣeɛɛvent	propagation	ṣɛeb
ṣeɛɛbet	ṣeɛɛvet	propagation	ṣɛeb
ṣeɛɛbeɣ	ṣeɛɛveɣ	propagation	ṣɛeb
ṣeɛɛeb	ṣeɛɛev	propagation	ṣɛeb
ṣeεben	ṣeεven	liste	
ṣibɛun	ṣivɛun	liste	
ṣleb	ṣlev	liste	
ṣliben	ṣliven	propagation	ṣleb
ṣlibent	ṣlivent	propagation	ṣleb
ṣlibeɣ	ṣliveɣ	propagation	ṣleb
ṣsber	ṣsver	liste	
ṣwab	ṣwav	liste	
ṣweb	ṣwev	propagation	ṣweb
ṣwiben	ṣwiven	propagation	ṣweb
ṣwibent	ṣwivent	propagation	ṣweb
ṣwibeɣ	ṣwiveɣ	propagation	ṣweb
ṣɛeb	ṣɛev	propagation	ṣɛeb
ṣɛiben	ṣɛiven	propagation	ṣɛeb
ṣɛibent	ṣɛivent	propagation	ṣɛeb
ṣɛibeɣ	ṣɛiveɣ	propagation	ṣɛeb
ṣṣaba	ṣṣava	liste	
ṣṣabun	ṣṣavun	liste	
ṣṣbaḥ	ṣṣvaḥ	liste	
ṣṣbeh	ṣṣveh	liste	
ṣṣber	ṣṣver	liste	
ṣṣbeḥ	ṣṣveḥ	liste	
ṣṣebyan	ṣṣevyan	liste	
ṣṣerbak	ṣṣervak	propagation	ṣṣerbek
ṣṣerbakemt	ṣṣervakemt	propagation	ṣṣerbek
ṣṣerbaken	ṣṣervaken	propagation	ṣṣerbek
ṣṣerbakent	ṣṣervakent	propagation	ṣṣerbek
ṣṣerbaket	ṣṣervaket	propagation	ṣṣerbek
ṣṣerbakeɣ	ṣṣervakeɣ	propagation	ṣṣerbek
ṣṣerbek	ṣṣervek	propagation	ṣṣerbek
ṣṣrebkemt	ṣṣrevkemt	propagation	ṣṣerbek
ṣṣrebken	ṣṣrevken	propagation	ṣṣerbek
ṣṣrebkent	ṣṣrevkent	propagation	ṣṣerbek
ṣṣrebket	ṣṣrevket	propagation	ṣṣerbek
ṣṣrebkeɣ	ṣṣrevkeɣ	propagation	ṣṣerbek
ṣṣwab	ṣṣwav	liste	
ṭabla	ṭavla	liste	
ṭabu	ṭavu	liste	
ṭaleb	ṭalev	liste	
ṭbel	ṭvel	liste	
ṭbib	ṭviv	liste	
ṭbulat	ṭvulat	liste	
ṭeyybemt	ṭeyyvemt	propagation	ṭeyyeb
ṭeyyben	ṭeyyven	propagation	ṭeyyeb
ṭeyybent	ṭeyyvent	propagation	ṭeyyeb
ṭeyybet	ṭeyyvet	propagation	ṭeyyeb
ṭeyybeɣ	ṭeyyveɣ	propagation	ṭeyyeb
ṭeyyeb	ṭeyyev	liste	
ṭlaba	ṭlava	liste	
ṭtabla	ṭtavla	liste	
ṭṭabaɛ	ṭṭavaɛ	propagation	ḍbeɛ
ṭṭabaɛemt	ṭṭavaɛemt	propagation	ḍbeɛ
ṭṭabaɛen	ṭṭavaɛen	propagation	ḍbeɛ
ṭṭabaɛent	ṭṭavaɛent	propagation	ḍbeɛ
ṭṭabaɛet	ṭṭavaɛet	propagation	ḍbeɛ
ṭṭabaɛeɣ	ṭṭavaɛeɣ	propagation	ḍbeɛ
ṭṭabeε	ṭṭaveε	liste	
ṭṭabla	ṭṭavla	liste	
ṭṭalab	ṭṭalav	propagation	ḍaleb
ṭṭalabemt	ṭṭalavemt	propagation	ḍaleb
ṭṭalaben	ṭṭalaven	liste	
ṭṭalabent	ṭṭalavent	propagation	ḍaleb
ṭṭalabet	ṭṭalavet	propagation	ḍaleb
ṭṭalabeɣ	ṭṭalaveɣ	liste	
ṭṭbayeɛ	ṭṭvayeɛ	liste	
ṭṭbel	ṭṭvel	liste	
ṭṭbeṭbemt	ṭṭveṭvemt	propagation	ṭṭebṭeb
ṭṭbeṭben	ṭṭveṭven	liste	
ṭṭbeṭbent	ṭṭveṭvent	propagation	ṭṭebṭeb
ṭṭbeṭbet	ṭṭveṭvet	propagation	ṭṭebṭeb
ṭṭbeṭbeɣ	ṭṭveṭveɣ	liste	
ṭṭbib	ṭṭviv	liste	
ṭṭbiɛa	ṭṭviɛa	liste	
ṭṭebṭeb	ṭṭevṭev	propagation	ṭṭebṭeb
ṭṭebṭib	ṭṭevṭiv	propagation	ṭṭebṭeb
ṭṭebṭibemt	ṭṭevṭivemt	propagation	ṭṭebṭeb
ṭṭebṭiben	ṭṭevṭiven	propagation	ṭṭebṭeb
ṭṭebṭibent	ṭṭevṭivent	propagation	ṭṭebṭeb
ṭṭebṭibet	ṭṭevṭivet	propagation	ṭṭebṭeb
ṭṭebṭibeɣ	ṭṭevṭiveɣ	propagation	ṭṭebṭeb
ṭṭelba	ṭṭelva	liste	
ṭṭelbat	ṭṭelvat	liste	
ṭṭenniben	ṭṭenniven	liste	
ṭṭeyyib	ṭṭeyyiv	propagation	ṭeyyeb
ṭṭeyyibemt	ṭṭeyyivemt	propagation	ṭeyyeb
ṭṭeyyiben	ṭṭeyyiven	propagation	ṭeyyeb
ṭṭeyyibent	ṭṭeyyivent	propagation	ṭeyyeb
ṭṭeyyibet	ṭṭeyyivet	propagation	ṭeyyeb
ṭṭeyyibeɣ	ṭṭeyyiveɣ	propagation	ṭeyyeb
ṭṭlaba	ṭṭlava	liste	
ṭṭwabel	ṭṭwavel	liste	
ẓber	ẓver	propagation	ẓber
ẓbiren	ẓviren	propagation	ẓber
ẓbirent	ẓvirent	propagation	ẓber
ẓbireɣ	ẓvireɣ	propagation	ẓber
ẓebber	ẓevver	propagation	ẓber
ẓebbremt	ẓevvremt	propagation	ẓber
ẓebbren	ẓevvren	propagation	ẓber
ẓebbrent	ẓevvrent	propagation	ẓber
ẓebbret	ẓevvret	propagation	ẓber
ẓebbreɣ	ẓevvreɣ	propagation	ẓber
ẓebremt	ẓevremt	propagation	ẓber
ẓebren	ẓevren	propagation	ẓber
ẓebrent	ẓevrent	propagation	ẓber
ẓebret	ẓevret	propagation	ẓber
ẓebreɣ	ẓevreɣ	liste	
ẓerbeɣ	ẓerveɣ	liste	
ẓerrbemt	ẓerrvemt	propagation	ẓerreb
ẓerrben	ẓerrven	propagation	ẓerreb
ẓerrbent	ẓerrvent	propagation	ẓerreb
ẓerrbet	ẓerrvet	propagation	ẓerreb
ẓerrbeɣ	ẓerrveɣ	liste	
ẓerreb	ẓerrev	propagation	ẓerreb
ẓẓebra	ẓẓevra	liste	
ẓẓerb	ẓẓerv	liste	
